
{"golds":[{"updated":"2021-07-15 13:09:51","date":"20210715","gold":[],"value":[{"buy":"56,870.00","sell":"57,650.00","company":"SJC","brand":"Long Xuyên","updated":"2021-07-15 13:09:51","brand1":"LX","day":"20210715","id":"8457204","type":"Vàng SJC","code":""},{"buy":"56,850.00","sell":"57,620.00","company":"SJC","brand":"Bạc Liêu","updated":"2021-07-15 13:09:51","brand1":"BL","day":"20210715","id":"8457205","type":"Vàng SJC","code":""},{"buy":"56,850.00","sell":"57,600.00","company":"SJC","brand":"Biên Hòa","updated":"2021-07-15 13:09:51","brand1":"BH","day":"20210715","id":"8457201","type":"Vàng SJC","code":""},{"buy":"56,850.00","sell":"57,620.00","company":"SJC","brand":"Cà Mau","updated":"2021-07-15 13:09:51","brand1":"CM","day":"20210715","id":"8457198","type":"Vàng SJC","code":""},{"buy":"56,850.00","sell":"57,620.00","company":"SJC","brand":"Hà Nội","updated":"2021-07-15 13:09:51","brand1":"HN","day":"20210715","id":"8457195","type":"Vàng SJC","code":""},{"buy":"56,850.00","sell":"57,600.00","company":"SJC","brand":"Hồ Chí Minh","updated":"2021-07-15 13:09:51","brand1":"HCM","day":"20210715","id":"8457186","type":"Vàng SJC 1L","code":""},{"buy":"56,850.00","sell":"57,600.00","company":"SJC","brand":"Miền Tây","updated":"2021-07-15 13:09:51","brand1":"MT","day":"20210715","id":"8457202","type":"Vàng SJC","code":""},{"buy":"56,850.00","sell":"57,620.00","company":"SJC","brand":"Nha Trang","updated":"2021-07-15 13:09:51","brand1":"NT","day":"20210715","id":"8457197","type":"Vàng SJC","code":""},{"buy":"56,850.00","sell":"57,600.00","company":"SJC","brand":"Quãng Ngãi","updated":"2021-07-15 13:09:51","brand1":"QN","day":"20210715","id":"8457203","type":"Vàng SJC","code":""},{"buy":"56,850.00","sell":"57,620.00","company":"SJC","brand":"Đà  Nẵng","updated":"2021-07-15 13:09:51","brand1":"ĐN","day":"20210715","id":"8457196","type":"Vàng SJC","code":""},{"buy":"56,830.00","sell":"57,620.00","company":"SJC","brand":"Bình Phước","updated":"2021-07-15 13:09:51","brand1":"BP","day":"20210715","id":"8457200","type":"Vàng SJC","code":""},{"buy":"56,830.00","sell":"57,620.00","company":"SJC","brand":"Hạ Long","updated":"2021-07-15 13:09:51","brand1":"HL","day":"20210715","id":"8457208","type":"Vàng SJC","code":""},{"buy":"56,830.00","sell":"57,620.00","company":"SJC","brand":"Phan Rang","updated":"2021-07-15 13:09:51","brand1":"PR","day":"20210715","id":"8457207","type":"Vàng SJC","code":""},{"buy":"56,830.00","sell":"57,620.00","company":"SJC","brand":"Quảng Nam","updated":"2021-07-15 13:09:51","brand1":"QN","day":"20210715","id":"8457209","type":"Vàng SJC","code":""},{"buy":"56,830.00","sell":"57,620.00","company":"SJC","brand":"Quy Nhơn","updated":"2021-07-15 13:09:51","brand1":"QN","day":"20210715","id":"8457206","type":"Vàng SJC","code":""},{"buy":"56,820.00","sell":"57,630.00","company":"SJC","brand":"Huế","updated":"2021-07-15 13:09:51","brand1":"Huế","day":"20210715","id":"8457199","type":"Vàng SJC","code":""},{"buy":"51,450.00","sell":"52,250.00","company":"SJC","brand":"Hồ Chí Minh","updated":"2021-07-15 13:09:51","brand1":"HCM","day":"20210715","id":"8457189","type":"Vàng nhẫn SJC 99,99 0,5 chỉ","code":"nhẫn  99,99 0,5 chỉ"},{"buy":"51,450.00","sell":"52,150.00","company":"SJC","brand":"Hồ Chí Minh","updated":"2021-07-15 13:09:51","brand1":"HCM","day":"20210715","id":"8457187","type":"Vàng nhẫn SJC 99,99 1 chỉ, 2 chỉ, 5 chỉ","code":"nhẫn  99,99 1 chỉ, 2 chỉ, 5 chỉ"},{"buy":"51,150.00","sell":"51,850.00","company":"SJC","brand":"Hồ Chí Minh","updated":"2021-07-15 13:09:51","brand1":"HCM","day":"20210715","id":"8457190","type":"Vàng nữ trang 99,99%","code":"nữ trang 99,99%"},{"buy":"50,337.00","sell":"51,337.00","company":"SJC","brand":"Hồ Chí Minh","updated":"2021-07-15 13:09:51","brand1":"HCM","day":"20210715","id":"8457191","type":"Vàng nữ trang 99%","code":"nữ trang 99%"},{"buy":"37,041.00","sell":"39,041.00","company":"SJC","brand":"Hồ Chí Minh","updated":"2021-07-15 13:09:51","brand1":"HCM","day":"20210715","id":"8457192","type":"Vàng nữ trang 75%","code":"nữ trang 75%"},{"buy":"28,382.00","sell":"30,382.00","company":"SJC","brand":"Hồ Chí Minh","updated":"2021-07-15 13:09:51","brand1":"HCM","day":"20210715","id":"8457193","type":"Vàng nữ trang 58,3%","code":"nữ trang 58,3%"},{"buy":"19,774.00","sell":"21,774.00","company":"SJC","brand":"Hồ Chí Minh","updated":"2021-07-15 13:09:51","brand1":"HCM","day":"20210715","id":"8457194","type":"Vàng nữ trang 41,7%","code":"nữ trang 41,7%"},{"buy":"56,850.00","sell":"57,550.00","company":"DOJI","brand":"","updated":"2021-07-15 14:31:00","brand1":"","day":"20210715","id":"8458036","type":"AVPL \/ DOJI CT buôn","code":"AVPL \/  CT buôn"},{"buy":"56,850.00","sell":"57,550.00","company":"DOJI","brand":"","updated":"2021-07-15 14:31:00","brand1":"","day":"20210715","id":"8458035","type":"AVPL \/ DOJI CT lẻ","code":"AVPL \/  CT"},{"buy":"56,800.00","sell":"57,550.00","company":"DOJI","brand":"","updated":"2021-07-15 14:31:00","brand1":"","day":"20210715","id":"8458032","type":"AVPL \/ DOJI ĐN buôn","code":"AVPL \/  ĐN buôn"},{"buy":"56,800.00","sell":"57,550.00","company":"DOJI","brand":"","updated":"2021-07-15 14:31:00","brand1":"","day":"20210715","id":"8458031","type":"AVPL \/ DOJI ĐN lẻ","code":"AVPL \/  ĐN"},{"buy":"56,800.00","sell":"57,500.00","company":"DOJI","brand":"Hà Nội","updated":"2021-07-15 14:31:00","brand1":"HN","day":"20210715","id":"8458028","type":"AVPL \/ DOJI HN buôn","code":"AVPL \/   buôn"},{"buy":"56,800.00","sell":"57,500.00","company":"DOJI","brand":"Hà Nội","updated":"2021-07-15 14:31:00","brand1":"HN","day":"20210715","id":"8458027","type":"AVPL \/ DOJI HN lẻ","code":"AVPL \/"},{"buy":"56,800.00","sell":"57,600.00","company":"DOJI","brand":"Hồ Chí Minh","updated":"2021-07-15 14:31:00","brand1":"HCM","day":"20210715","id":"8458030","type":"AVPL \/ DOJI HCM buôn","code":"AVPL \/   buôn"},{"buy":"56,800.00","sell":"57,500.00","company":"DOJI","brand":"Hồ Chí Minh","updated":"2021-07-15 14:31:00","brand1":"HCM","day":"20210715","id":"8458029","type":"AVPL \/ DOJI HCM lẻ","code":"AVPL \/"},{"buy":"51,450.00","sell":"51,650.00","company":"DOJI","brand":"Hà Nội","updated":"2021-07-15 14:31:00","brand1":"HN","day":"20210715","id":"8458033","type":"Nguyên liêu 9999 - HN","code":"Nguyên liêu 9999 -"},{"buy":"51,400.00","sell":"51,600.00","company":"DOJI","brand":"Hà Nội","updated":"2021-07-15 14:31:00","brand1":"HN","day":"20210715","id":"8458034","type":"Nguyên liêu 999 - HN","code":"Nguyên liêu 999 -"},{"buy":"5,680.00","sell":"5,755.00","company":"DOJI","brand":"","updated":"2021-07-15 14:31:00","brand1":"","day":"20210715","id":"8458007","type":"Kim Thần Tài","code":"Kim Thần Tài"},{"buy":"5,680.00","sell":"5,755.00","company":"DOJI","brand":"","updated":"2021-07-15 14:31:00","brand1":"","day":"20210715","id":"8458006","type":"Lộc Phát Tài","code":"Lộc Phát Tài"},{"buy":"5,680.00","sell":"5,750.00","company":"DOJI","brand":"Hà Nội","updated":"2021-07-15 14:31:00","brand1":"HN","day":"20210715","id":"8457993","type":"Kim Ngân Tài","code":"Kim Ngân Tài"},{"buy":"5,680.00","sell":"5,750.00","company":"DOJI","brand":"Hà Nội","updated":"2021-07-15 14:31:00","brand1":"HN","day":"20210715","id":"8457990","type":"Kim Ngưu","code":"Kim Ngưu"},{"buy":"5,680.00","sell":"5,750.00","company":"DOJI","brand":"Hà Nội","updated":"2021-07-15 14:31:00","brand1":"HN","day":"20210715","id":"8457991","type":"Kim Thần Tài","code":"Kim Thần Tài"},{"buy":"5,680.00","sell":"5,750.00","company":"DOJI","brand":"Hà Nội","updated":"2021-07-15 14:31:00","brand1":"HN","day":"20210715","id":"8457992","type":"Lộc Phát Tài","code":"Lộc Phát Tài"},{"buy":"5,680.00","sell":"5,750.00","company":"DOJI","brand":"Hồ Chí Minh","updated":"2021-07-15 14:31:00","brand1":"HCM","day":"20210715","id":"8458015","type":"Kim Ngưu","code":"Kim Ngưu"},{"buy":"5,680.00","sell":"5,750.00","company":"DOJI","brand":"Hồ Chí Minh","updated":"2021-07-15 14:31:00","brand1":"HCM","day":"20210715","id":"8458016","type":"Kim Thần Tài","code":"Kim Thần Tài"},{"buy":"5,680.00","sell":"5,750.00","company":"DOJI","brand":"Hồ Chí Minh","updated":"2021-07-15 14:31:00","brand1":"HCM","day":"20210715","id":"8458017","type":"Lộc Phát Tài","code":"Lộc Phát Tài"},{"buy":"5,150.00","sell":"5,195.00","company":"DOJI","brand":"Hà Nội","updated":"2021-07-15 14:31:00","brand1":"HN","day":"20210715","id":"8457994","type":"Hưng Thịnh Vượng","code":"Hưng Thịnh Vượng"},{"buy":"5,150.00","sell":"5,195.00","company":"DOJI","brand":"Hồ Chí Minh","updated":"2021-07-15 14:31:00","brand1":"HCM","day":"20210715","id":"8458018","type":"Nhẫn H.T.V","code":"Nhẫn H.T.V"},{"buy":"5,145.00","sell":"5,167.00","company":"DOJI","brand":"","updated":"2021-07-15 14:31:00","brand1":"","day":"20210715","id":"8458004","type":"Nguyên liệu 9999","code":"Nguyên liệu 9999"},{"buy":"5,145.00","sell":"5,165.00","company":"DOJI","brand":"Hà Nội","updated":"2021-07-15 14:31:00","brand1":"HN","day":"20210715","id":"8457995","type":"Nguyên liệu 99.99","code":"Nguyên liệu 99.99"},{"buy":"5,140.00","sell":"5,162.00","company":"DOJI","brand":"","updated":"2021-07-15 14:31:00","brand1":"","day":"20210715","id":"8458005","type":"Nguyên liệu 999","code":"Nguyên liệu 999"},{"buy":"5,140.00","sell":"5,160.00","company":"DOJI","brand":"Hà Nội","updated":"2021-07-15 14:31:00","brand1":"HN","day":"20210715","id":"8457996","type":"Nguyên liệu 99.9","code":"Nguyên liệu 99.9"},{"buy":"5,135.00","sell":"5,155.00","company":"DOJI","brand":"Hồ Chí Minh","updated":"2021-07-15 14:31:00","brand1":"HCM","day":"20210715","id":"8458019","type":"Nguyên liệu 9999","code":"Nguyên liệu 9999"},{"buy":"5,130.00","sell":"5,150.00","company":"DOJI","brand":"Hồ Chí Minh","updated":"2021-07-15 14:31:00","brand1":"HCM","day":"20210715","id":"8458020","type":"Nguyên liệu 999","code":"Nguyên liệu 999"},{"buy":"5,115.00","sell":"5,195.00","company":"DOJI","brand":"Hà Nội","updated":"2021-07-15 14:31:00","brand1":"HN","day":"20210715","id":"8457997","type":"Nữ trang 99.99","code":"Nữ trang 99.99"},{"buy":"5,115.00","sell":"5,195.00","company":"DOJI","brand":"Hồ Chí Minh","updated":"2021-07-15 14:31:00","brand1":"HCM","day":"20210715","id":"8458021","type":"Nữ trang 99.99","code":"Nữ trang 99.99"},{"buy":"5,115.00","sell":"5,195.00","company":"DOJI","brand":"Nhẫn DOJI Hưng Thịnh Vượng","updated":"2021-07-15 14:31:00","brand1":"NDHTV","day":"20210715","id":"8458008","type":"Nữ trang 99.99","code":"Nữ trang 99.99"},{"buy":"5,105.00","sell":"5,185.00","company":"DOJI","brand":"Hà Nội","updated":"2021-07-15 14:31:00","brand1":"HN","day":"20210715","id":"8457998","type":"Nữ trang 99.9","code":"Nữ trang 99.9"},{"buy":"5,105.00","sell":"5,185.00","company":"DOJI","brand":"Hồ Chí Minh","updated":"2021-07-15 14:31:00","brand1":"HCM","day":"20210715","id":"8458022","type":"Nữ trang 99.9","code":"Nữ trang 99.9"},{"buy":"5,105.00","sell":"5,185.00","company":"DOJI","brand":"Nhẫn DOJI Hưng Thịnh Vượng","updated":"2021-07-15 14:31:00","brand1":"NDHTV","day":"20210715","id":"8458009","type":"Nữ trang 99.9","code":"Nữ trang 99.9"},{"buy":"5,035.00","sell":"5,150.00","company":"DOJI","brand":"Hà Nội","updated":"2021-07-15 14:31:00","brand1":"HN","day":"20210715","id":"8457999","type":"Nữ trang 99","code":"Nữ trang 99"},{"buy":"5,035.00","sell":"5,150.00","company":"DOJI","brand":"Hồ Chí Minh","updated":"2021-07-15 14:31:00","brand1":"HCM","day":"20210715","id":"8458023","type":"Nữ trang 99","code":"Nữ trang 99"},{"buy":"5,035.00","sell":"5,150.00","company":"DOJI","brand":"Nhẫn DOJI Hưng Thịnh Vượng","updated":"2021-07-15 14:31:00","brand1":"NDHTV","day":"20210715","id":"8458010","type":"Nữ trang 99","code":"Nữ trang 99"},{"buy":"3,796.00","sell":"3,996.00","company":"DOJI","brand":"Hà Nội","updated":"2021-07-15 14:31:00","brand1":"HN","day":"20210715","id":"8458000","type":"Nữ trang 18k","code":"Nữ trang 18k"},{"buy":"3,796.00","sell":"3,996.00","company":"DOJI","brand":"Hồ Chí Minh","updated":"2021-07-15 14:31:00","brand1":"HCM","day":"20210715","id":"8458024","type":"Nữ Trang 18k","code":"Nữ Trang 18k"},{"buy":"3,796.00","sell":"3,996.00","company":"DOJI","brand":"Nhẫn DOJI Hưng Thịnh Vượng","updated":"2021-07-15 14:31:00","brand1":"NDHTV","day":"20210715","id":"8458011","type":"Nữ trang 18k","code":"Nữ trang 18k"},{"buy":"3,400.00","sell":"3,700.00","company":"DOJI","brand":"Hà Nội","updated":"2021-07-15 14:31:00","brand1":"HN","day":"20210715","id":"8458001","type":"Nữ trang 16k","code":"Nữ trang 16k"},{"buy":"3,400.00","sell":"3,700.00","company":"DOJI","brand":"Nhẫn DOJI Hưng Thịnh Vượng","updated":"2021-07-15 14:31:00","brand1":"NDHTV","day":"20210715","id":"8458012","type":"Nữ trang 68","code":"Nữ trang 68"},{"buy":"2,850.00","sell":"3,050.00","company":"DOJI","brand":"Hà Nội","updated":"2021-07-15 14:31:00","brand1":"HN","day":"20210715","id":"8458002","type":"Nữ trang 14k","code":"Nữ trang 14k"},{"buy":"2,850.00","sell":"3,050.00","company":"DOJI","brand":"Hồ Chí Minh","updated":"2021-07-15 14:31:00","brand1":"HCM","day":"20210715","id":"8458025","type":"Nữ Trang 14k","code":"Nữ Trang 14k"},{"buy":"2,850.00","sell":"3,050.00","company":"DOJI","brand":"Nhẫn DOJI Hưng Thịnh Vượng","updated":"2021-07-15 14:31:00","brand1":"NDHTV","day":"20210715","id":"8458013","type":"Nữ trang 14k","code":"Nữ trang 14k"},{"buy":"2,718.00","sell":"2,788.00","company":"DOJI","brand":"Hồ Chí Minh","updated":"2021-07-15 14:31:00","brand1":"HCM","day":"20210715","id":"8458026","type":"Nữ trang 68","code":"Nữ trang 68"},{"buy":"1,426.00","sell":"1,576.00","company":"DOJI","brand":"Hà Nội","updated":"2021-07-15 14:31:00","brand1":"HN","day":"20210715","id":"8458003","type":"Nữ trang 10k","code":"Nữ trang 10k"},{"buy":"1,426.00","sell":"1,576.00","company":"DOJI","brand":"Nhẫn DOJI Hưng Thịnh Vượng","updated":"2021-07-15 14:31:00","brand1":"NDHTV","day":"20210715","id":"8458014","type":"Nữ trang 10k","code":"Nữ trang 10k"},{"buy":"56,900.00","sell":"57,600.00","company":"3BANKS","brand":"SCB","updated":"2021-07-15 08:21:02","brand1":"SCB","day":"20210715","id":"8454724","type":"SJC","code":"SJC"},{"buy":"56,850.00","sell":"57,620.00","company":"3BANKS","brand":"VIETINBANK GOLD","updated":"2021-07-15 09:43:45","brand1":"VG","day":"20210715","id":"8455139","type":"SJC","code":"SJC"},{"buy":"56,650.00","sell":"57,850.00","company":"3BANKS","brand":"MARITIME BANK","updated":"2021-07-15 08:41:43","brand1":"MB","day":"20210715","id":"8454910","type":"SJC","code":"SJC"},{"buy":"55,500.00","sell":"56,650.00","company":"3BANKS","brand":"SACOMBANK","updated":"2021-07-15 17:34:35","brand1":"S","day":"20210715","id":"8458601","type":"SJC","code":"JC"},{"buy":"56,950.00","sell":"57,250.00","company":"2GROUP","brand":"Mi Hồng SJC","updated":"2021-07-15 00:15:13","brand1":"MHS","day":"20210715","id":"8452775","type":"SJC","code":"SJC"},{"buy":"56,950.00","sell":"57,550.00","company":"2GROUP","brand":"PHÚ QUÝ SJC","updated":"2021-07-15 09:12:42","brand1":"PQS","day":"20210715","id":"8454981","type":"SJC","code":"SJC"},{"buy":"56,850.00","sell":"57,600.00","company":"2GROUP","brand":"PNJ SJC","updated":"2021-07-15 08:41:43","brand1":"PS","day":"20210715","id":"8454912","type":"SJC","code":"SJC"},{"buy":"51,800.00","sell":"53,200.00","company":"2GROUP","brand":"PNJ 1L","updated":"2021-07-15 08:41:43","brand1":"P1","day":"20210715","id":"8454911","type":"SJC","code":"SJC"},{"buy":"1,825.50","sell":"1,826.50","company":"2GROUP","brand":"SPOT GOLD","updated":"2021-07-15 19:43:44","brand1":"SG","day":"20210715","id":"8458877","type":"SJC","code":"SJC"},{"buy":"71.99","sell":"71.99","company":"2GROUP","brand":"OIL","updated":"2021-07-15 19:43:44","brand1":"OIL","day":"20210715","id":"8458878","type":"SJC","code":"SJC"},{"buy":"51,600.00","sell":"52,200.00","company":"1OTHER","brand":"PNJ Nhẫn 24K","updated":"2021-07-15 08:41:43","brand1":"PN2","day":"20210715","id":"8454914","type":"SJC","code":"SJC"},{"buy":"51,500.00","sell":"52,200.00","company":"1OTHER","brand":"Nhẫn PHÚ QUÝ 24K","updated":"2021-07-15 12:55:02","brand1":"NPQ2","day":"20210715","id":"8457148","type":"SJC","code":"SJC"},{"buy":"51,450.00","sell":"52,150.00","company":"1OTHER","brand":"Nhẫn SJC 99,99","updated":"2021-07-15 13:09:51","brand1":"NS9","day":"20210715","id":"8457188","type":"SJC*","code":"SJC*"},{"buy":"51,100.00","sell":"51,450.00","company":"1OTHER","brand":"Mi Hồng 999","updated":"2021-07-15 00:15:13","brand1":"MH9","day":"20210715","id":"8452776","type":"SJC","code":"SJC"},{"buy":"51,100.00","sell":"51,900.00","company":"1OTHER","brand":"PNJ NT 24K","updated":"2021-07-15 08:41:43","brand1":"PN2","day":"20210715","id":"8454913","type":"SJC","code":"SJC"},{"buy":"50,100.00","sell":"51,100.00","company":"1OTHER","brand":"Mi Hồng 985","updated":"2021-07-15 00:15:13","brand1":"MH9","day":"20210715","id":"8452777","type":"SJC","code":"SJC"},{"buy":"49,900.00","sell":"50,900.00","company":"1OTHER","brand":"Mi Hồng 980","updated":"2021-07-15 00:15:13","brand1":"MH9","day":"20210715","id":"8452778","type":"SJC","code":"SJC"},{"buy":"37,680.00","sell":"39,080.00","company":"1OTHER","brand":"PNJ NT 18K","updated":"2021-07-15 08:41:43","brand1":"PN1","day":"20210715","id":"8454915","type":"SJC","code":"SJC"},{"buy":"33,700.00","sell":"35,700.00","company":"1OTHER","brand":"Mi Hồng 750","updated":"2021-07-15 00:15:13","brand1":"MH7","day":"20210715","id":"8452780","type":"SJC","code":"SJC"},{"buy":"31,000.00","sell":"32,700.00","company":"1OTHER","brand":"Mi Hồng 680","updated":"2021-07-15 00:15:13","brand1":"MH6","day":"20210715","id":"8452781","type":"SJC","code":"SJC"},{"buy":"30,000.00","sell":"31,700.00","company":"1OTHER","brand":"Mi Hồng 610","updated":"2021-07-15 00:15:13","brand1":"MH6","day":"20210715","id":"8452782","type":"SJC","code":"SJC"},{"buy":"29,110.00","sell":"30,510.00","company":"1OTHER","brand":"PNJ NT 14K","updated":"2021-07-15 08:41:43","brand1":"PN1","day":"20210715","id":"8454916","type":"SJC","code":"SJC"},{"buy":"20,340.00","sell":"21,740.00","company":"1OTHER","brand":"PNJ NT 10K","updated":"2021-07-15 08:41:43","brand1":"PN1","day":"20210715","id":"8454917","type":"SJC","code":"SJC"},{"buy":"0.00","sell":"48,200.00","company":"1OTHER","brand":"Mi Hồng 950","updated":"2021-07-15 00:15:13","brand1":"MH9","day":"20210715","id":"8452779","type":"SJC","code":"SJC"},{"buy":"32,562.95","sell":"32,562.95","company":"1Coin","brand":"Huobi BTC","updated":"2021-07-15 16:06:07","brand1":"HB","day":"20210715","id":"8458435","type":"HBTC","code":"TC"},{"buy":"32,552.72","sell":"32,552.72","company":"1Coin","brand":"Bitcoin BEP2","updated":"2021-07-15 16:05:45","brand1":"BB","day":"20210715","id":"8458241","type":"BTCB","code":"BTCB"},{"buy":"32,459.77","sell":"32,459.77","company":"1Coin","brand":"renBTC","updated":"2021-07-15 16:05:54","brand1":"r","day":"20210715","id":"8458316","type":"RENBTC","code":"RENBTC"},{"buy":"31,802.28","sell":"31,802.28","company":"1Coin","brand":"Wrapped Bitcoin","updated":"2021-07-15 19:39:21","brand1":"WB","day":"20210715","id":"8458870","type":"WBTC","code":"TC"},{"buy":"31,754.36","sell":"31,754.36","company":"1Coin","brand":"Bitcoin","updated":"2021-07-15 19:39:19","brand1":"B","day":"20210715","id":"8458860","type":"BTC","code":"TC"},{"buy":"31,123.67","sell":"31,123.67","company":"1Coin","brand":"yearn.finance","updated":"2021-07-15 16:05:49","brand1":"y","day":"20210715","id":"8458277","type":"YFI","code":"YFI"},{"buy":"2,510.12","sell":"2,510.12","company":"1Coin","brand":"Maker","updated":"2021-07-15 16:05:45","brand1":"M","day":"20210715","id":"8458239","type":"MKR","code":"KR"},{"buy":"2,215.12","sell":"2,215.12","company":"1Coin","brand":"DFI.Money","updated":"2021-07-15 14:04:21","brand1":"D","day":"20210715","id":"8457648","type":"YFII","code":"YFII"},{"buy":"1,957.92","sell":"1,957.92","company":"1Coin","brand":"stETH","updated":"2021-07-15 14:04:10","brand1":"s","day":"20210715","id":"8457530","type":"STETH","code":"STETH"},{"buy":"1,908.92","sell":"1,908.92","company":"1Coin","brand":"Ethereum","updated":"2021-07-15 19:39:19","brand1":"E","day":"20210715","id":"8458861","type":"ETH","code":"TH"},{"buy":"1,908.92","sell":"1,908.92","company":"1Coin","brand":"Ethereum 2","updated":"2021-07-15 19:39:19","brand1":"E2","day":"20210715","id":"8458862","type":"ETH2","code":"ETH2"},{"buy":"1,834.47","sell":"1,834.47","company":"1Coin","brand":"PAX Gold","updated":"2021-07-15 14:04:16","brand1":"PG","day":"20210715","id":"8457598","type":"PAXG","code":"PAXG"},{"buy":"654.58","sell":"654.58","company":"1Coin","brand":"Venus BTC","updated":"2021-07-15 14:04:15","brand1":"VB","day":"20210715","id":"8457592","type":"VBTC","code":"TC"},{"buy":"449.47","sell":"449.47","company":"1Coin","brand":"Bitcoin Cash","updated":"2021-07-15 19:39:20","brand1":"BC","day":"20210715","id":"8458866","type":"BCH","code":"H"},{"buy":"418.55","sell":"418.55","company":"1Coin","brand":"Compound","updated":"2021-07-15 16:05:45","brand1":"C","day":"20210715","id":"8458246","type":"COMP","code":"OMP"},{"buy":"318.29","sell":"318.29","company":"1Coin","brand":"Wrapped BNB","updated":"2021-07-15 16:06:06","brand1":"WB","day":"20210715","id":"8458431","type":"WBNB","code":"NB"},{"buy":"308.77","sell":"308.77","company":"1Coin","brand":"Binance Coin","updated":"2021-07-15 19:39:19","brand1":"BC","day":"20210715","id":"8458863","type":"BNB","code":"BNB"},{"buy":"285.52","sell":"285.52","company":"1Coin","brand":"Alchemix","updated":"2021-07-15 14:04:24","brand1":"A","day":"20210715","id":"8457652","type":"ALCX","code":"LCX"},{"buy":"268.60","sell":"268.60","company":"1Coin","brand":"Aave","updated":"2021-07-15 19:39:22","brand1":"Aave","day":"20210715","id":"8458876","type":"AAVE","code":"AAVE"},{"buy":"194.61","sell":"194.61","company":"1Coin","brand":"Monero","updated":"2021-07-15 19:39:22","brand1":"M","day":"20210715","id":"8458875","type":"XMR","code":"XR"},{"buy":"183.03","sell":"183.03","company":"1Coin","brand":"Kusama","updated":"2021-07-15 16:05:46","brand1":"K","day":"20210715","id":"8458258","type":"KSM","code":"SM"},{"buy":"180.58","sell":"180.58","company":"1Coin","brand":"Gnosis","updated":"2021-07-15 16:05:57","brand1":"G","day":"20210715","id":"8458332","type":"GNO","code":"NO"},{"buy":"160.28","sell":"160.28","company":"1Coin","brand":"Cream Finance","updated":"2021-07-15 14:04:19","brand1":"CF","day":"20210715","id":"8457608","type":"CREAM","code":"CREAM"},{"buy":"130.76","sell":"130.76","company":"1Coin","brand":"Bitcoin SV","updated":"2021-07-15 16:05:45","brand1":"BS","day":"20210715","id":"8458240","type":"BSV","code":"V"},{"buy":"124.79","sell":"124.79","company":"1Coin","brand":"Litecoin","updated":"2021-07-15 19:39:20","brand1":"L","day":"20210715","id":"8458867","type":"LTC","code":"TC"},{"buy":"120.89","sell":"120.89","company":"1Coin","brand":"Dash","updated":"2021-07-15 16:05:49","brand1":"Dash","day":"20210715","id":"8458269","type":"DASH","code":"DASH"},{"buy":"113.45","sell":"113.45","company":"1Coin","brand":"Decred","updated":"2021-07-15 16:05:47","brand1":"D","day":"20210715","id":"8458260","type":"DCR","code":"CR"},{"buy":"102.88","sell":"102.88","company":"1Coin","brand":"Zcash","updated":"2021-07-15 16:05:48","brand1":"Z","day":"20210715","id":"8458265","type":"ZEC","code":"EC"},{"buy":"102.21","sell":"102.21","company":"1Coin","brand":"Illuvium","updated":"2021-07-15 00:00:00","brand1":"I","day":"20210715","id":"8457674","type":"ILV","code":"LV"},{"buy":"101.52","sell":"101.52","company":"1Coin","brand":"Counos X","updated":"2021-07-15 16:06:07","brand1":"CX","day":"20210715","id":"8458432","type":"CCXX","code":"CX"},{"buy":"81.37","sell":"81.37","company":"1Coin","brand":"Elrond","updated":"2021-07-15 16:05:46","brand1":"E","day":"20210715","id":"8458257","type":"EGLD","code":"GLD"},{"buy":"80.84","sell":"80.84","company":"1Coin","brand":"Enzyme","updated":"2021-07-15 16:06:04","brand1":"E","day":"20210715","id":"8458391","type":"MLN","code":"MLN"},{"buy":"74.94","sell":"74.94","company":"1Coin","brand":"NXM","updated":"2021-07-15 14:04:11","brand1":"NXM","day":"20210715","id":"8457539","type":"NXM","code":""},{"buy":"74.12","sell":"74.12","company":"1Coin","brand":"Quant","updated":"2021-07-15 16:05:49","brand1":"Q","day":"20210715","id":"8458285","type":"QNT","code":"NT"},{"buy":"55.40","sell":"55.40","company":"1Coin","brand":"Horizen","updated":"2021-07-15 16:05:52","brand1":"H","day":"20210715","id":"8458296","type":"ZEN","code":"ZEN"},{"buy":"53.61","sell":"53.61","company":"1Coin","brand":"Wrapped NXM","updated":"2021-07-15 14:04:21","brand1":"WN","day":"20210715","id":"8457644","type":"WNXM","code":"XM"},{"buy":"47.87","sell":"47.87","company":"1Coin","brand":"Filecoin","updated":"2021-07-15 19:39:21","brand1":"F","day":"20210715","id":"8458874","type":"FIL","code":"IL"},{"buy":"43.38","sell":"43.38","company":"1Coin","brand":"Ethereum Classic","updated":"2021-07-15 19:39:21","brand1":"EC","day":"20210715","id":"8458871","type":"ETC","code":"ETC"},{"buy":"41.49","sell":"41.49","company":"1Coin","brand":"Bitcoin Gold","updated":"2021-07-15 16:05:50","brand1":"BG","day":"20210715","id":"8458291","type":"BTG","code":"BTG"},{"buy":"39.46","sell":"39.46","company":"1Coin","brand":"Strike","updated":"2021-07-15 16:06:06","brand1":"S","day":"20210715","id":"8458424","type":"STRK","code":"TRK"},{"buy":"39.45","sell":"39.45","company":"1Coin","brand":"Venus ETH","updated":"2021-07-15 14:04:25","brand1":"VE","day":"20210715","id":"8457656","type":"VETH","code":"TH"},{"buy":"36.39","sell":"36.39","company":"1Coin","brand":"Internet Computer","updated":"2021-07-15 19:39:21","brand1":"IC","day":"20210715","id":"8458872","type":"ICP","code":"P"},{"buy":"32.04","sell":"32.04","company":"1Coin","brand":"Neo","updated":"2021-07-15 16:05:45","brand1":"Neo","day":"20210715","id":"8458242","type":"NEO","code":"NEO"},{"buy":"31.08","sell":"31.08","company":"1Coin","brand":"Numeraire","updated":"2021-07-15 16:06:02","brand1":"N","day":"20210715","id":"8458382","type":"NMR","code":"MR"},{"buy":"28.96","sell":"28.96","company":"1Coin","brand":"Solana","updated":"2021-07-15 19:39:20","brand1":"S","day":"20210715","id":"8458868","type":"SOL","code":"OL"},{"buy":"28.89","sell":"28.89","company":"1Coin","brand":"Axie Infinity Shards","updated":"2021-07-15 16:05:46","brand1":"AIS","day":"20210715","id":"8458250","type":"AXS","code":"AXS"},{"buy":"27.48","sell":"27.48","company":"1Coin","brand":"FTX Token","updated":"2021-07-15 16:05:45","brand1":"FT","day":"20210715","id":"8458236","type":"FTT","code":"T"},{"buy":"26.65","sell":"26.65","company":"1Coin","brand":"BarnBridge","updated":"2021-07-15 14:04:20","brand1":"B","day":"20210715","id":"8457617","type":"BOND","code":"OND"},{"buy":"26.17","sell":"26.17","company":"1Coin","brand":"Bitcoin Cash ABC","updated":"2021-07-15 14:04:11","brand1":"BCA","day":"20210715","id":"8457538","type":"BCHA","code":"BCHA"},{"buy":"20.39","sell":"20.39","company":"1Coin","brand":"Flow","updated":"2021-07-15 16:05:49","brand1":"Flow","day":"20210715","id":"8458281","type":"FLOW","code":"FLOW"},{"buy":"19.66","sell":"19.66","company":"1Coin","brand":"Balancer","updated":"2021-07-15 16:06:05","brand1":"B","day":"20210715","id":"8458412","type":"BAL","code":"AL"},{"buy":"19.20","sell":"19.20","company":"1Coin","brand":"Augur","updated":"2021-07-15 16:05:58","brand1":"A","day":"20210715","id":"8458347","type":"REP","code":"REP"},{"buy":"19.20","sell":"19.20","company":"1Coin","brand":"REPv2","updated":"2021-07-15 16:05:58","brand1":"R","day":"20210715","id":"8458348","type":"REPV2","code":"EPV2"},{"buy":"18.08","sell":"18.08","company":"1Coin","brand":"Venus","updated":"2021-07-15 16:06:01","brand1":"V","day":"20210715","id":"8458359","type":"XVS","code":"XS"},{"buy":"17.34","sell":"17.34","company":"1Coin","brand":"Uquid Coin","updated":"2021-07-15 16:06:01","brand1":"UC","day":"20210715","id":"8458366","type":"UQC","code":"UQC"},{"buy":"17.19","sell":"17.19","company":"1Coin","brand":"Uniswap","updated":"2021-07-15 19:39:20","brand1":"U","day":"20210715","id":"8458865","type":"UNI","code":"NI"},{"buy":"16.75","sell":"16.75","company":"1Coin","brand":"KLAYswap Protocol","updated":"2021-07-15 14:04:16","brand1":"KP","day":"20210715","id":"8457594","type":"KSP","code":"KSP"},{"buy":"16.51","sell":"16.51","company":"1Coin","brand":"Ampleforth Governance Token","updated":"2021-07-15 14:04:16","brand1":"AGT","day":"20210715","id":"8457597","type":"FORTH","code":"FORTH"},{"buy":"16.28","sell":"16.28","company":"1Coin","brand":"Bitcoin Standard Hashrate Token","updated":"2021-07-15 16:06:01","brand1":"BSHT","day":"20210715","id":"8458362","type":"BTCST","code":"BTCST"},{"buy":"16.03","sell":"16.03","company":"1Coin","brand":"Chainlink","updated":"2021-07-15 19:39:20","brand1":"C","day":"20210715","id":"8458869","type":"LINK","code":"LINK"},{"buy":"14.17","sell":"14.17","company":"1Coin","brand":"PancakeSwap","updated":"2021-07-15 16:05:44","brand1":"P","day":"20210715","id":"8458235","type":"CAKE","code":"CAKE"},{"buy":"13.87","sell":"13.87","company":"1Coin","brand":"Livepeer","updated":"2021-07-15 16:05:56","brand1":"L","day":"20210715","id":"8458327","type":"LPT","code":"PT"},{"buy":"13.71","sell":"13.71","company":"1Coin","brand":"Waves","updated":"2021-07-15 16:05:48","brand1":"W","day":"20210715","id":"8458261","type":"WAVES","code":"AVES"},{"buy":"13.07","sell":"13.07","company":"1Coin","brand":"Polkadot","updated":"2021-07-15 19:39:20","brand1":"P","day":"20210715","id":"8458864","type":"DOT","code":"DOT"},{"buy":"12.10","sell":"12.10","company":"1Coin","brand":"Prometeus","updated":"2021-07-15 16:06:00","brand1":"P","day":"20210715","id":"8458351","type":"PROM","code":"ROM"},{"buy":"11.67","sell":"11.67","company":"1Coin","brand":"Avalanche","updated":"2021-07-15 14:05:46","brand1":"A","day":"20210715","id":"8458247","type":"AVAX","code":"VX"},{"buy":"11.64","sell":"11.64","company":"1Coin","brand":"Helium","updated":"2021-07-15 16:05:49","brand1":"H","day":"20210715","id":"8458278","type":"HNT","code":"NT"},{"buy":"11.45","sell":"11.45","company":"1Coin","brand":"Cosmos","updated":"2021-07-15 16:05:45","brand1":"C","day":"20210715","id":"8458238","type":"ATOM","code":"ATOM"},{"buy":"11.15","sell":"11.15","company":"1Coin","brand":"KuCoin Token","updated":"2021-07-15 16:05:50","brand1":"KT","day":"20210715","id":"8458286","type":"KCS","code":"KCS"},{"buy":"11.12","sell":"11.12","company":"1Coin","brand":"NewYork Exchange","updated":"2021-07-15 14:04:25","brand1":"NE","day":"20210715","id":"8457662","type":"NYE","code":"NYE"},{"buy":"10.91","sell":"10.91","company":"1Coin","brand":"OKB","updated":"2021-07-15 16:05:51","brand1":"OKB","day":"20210715","id":"8458295","type":"OKB","code":""},{"buy":"10.67","sell":"10.67","company":"1Coin","brand":"The Transfer Token","updated":"2021-07-15 14:04:10","brand1":"TTT","day":"20210715","id":"8457531","type":"TTT","code":""},{"buy":"10.24","sell":"10.24","company":"1Coin","brand":"Rocket Pool","updated":"2021-07-15 14:04:18","brand1":"RP","day":"20210715","id":"8457602","type":"RPL","code":"L"},{"buy":"10.11","sell":"10.11","company":"1Coin","brand":"Synthetix Network Token","updated":"2021-07-15 16:05:49","brand1":"SNT","day":"20210715","id":"8458274","type":"SNX","code":"SNX"},{"buy":"9.97","sell":"9.97","company":"1Coin","brand":"MCO","updated":"2021-07-15 16:06:02","brand1":"MCO","day":"20210715","id":"8458380","type":"MCO","code":""},{"buy":"9.85","sell":"9.85","company":"1Coin","brand":"Arweave","updated":"2021-07-15 16:05:54","brand1":"A","day":"20210715","id":"8458317","type":"AR","code":"R"},{"buy":"9.20","sell":"9.20","company":"1Coin","brand":"Huobi Token","updated":"2021-07-15 16:05:47","brand1":"HT","day":"20210715","id":"8458259","type":"HT","code":""},{"buy":"8.47","sell":"8.47","company":"1Coin","brand":"UMA","updated":"2021-07-15 16:05:53","brand1":"UMA","day":"20210715","id":"8458307","type":"UMA","code":""},{"buy":"8.08","sell":"8.08","company":"1Coin","brand":"Badger DAO","updated":"2021-07-15 14:04:25","brand1":"BD","day":"20210715","id":"8457659","type":"BADGER","code":"BADGER"},{"buy":"8.08","sell":"8.08","company":"1Coin","brand":"MyNeighborAlice","updated":"2021-07-15 16:06:05","brand1":"M","day":"20210715","id":"8458411","type":"ALICE","code":"ALICE"},{"buy":"7.80","sell":"7.80","company":"1Coin","brand":"Gas","updated":"2021-07-15 04:04:35","brand1":"Gas","day":"20210715","id":"8454107","type":"GAS","code":"GAS"},{"buy":"7.61","sell":"7.61","company":"1Coin","brand":"Perpetual Protocol","updated":"2021-07-15 14:04:12","brand1":"PP","day":"20210715","id":"8457548","type":"PERP","code":"PERP"},{"buy":"7.50","sell":"7.50","company":"1Coin","brand":"Injective Protocol","updated":"2021-07-15 16:05:58","brand1":"IP","day":"20210715","id":"8458337","type":"INJ","code":"INJ"},{"buy":"7.24","sell":"7.24","company":"1Coin","brand":"TitanSwap","updated":"2021-07-15 14:04:11","brand1":"T","day":"20210715","id":"8457545","type":"TITAN","code":"IAN"},{"buy":"7.10","sell":"7.10","company":"1Coin","brand":"SushiSwap","updated":"2021-07-15 16:05:49","brand1":"S","day":"20210715","id":"8458284","type":"SUSHI","code":"UHI"},{"buy":"7.08","sell":"7.08","company":"1Coin","brand":"Terra","updated":"2021-07-15 16:05:44","brand1":"T","day":"20210715","id":"8458232","type":"LUNA","code":"LUNA"},{"buy":"7.00","sell":"7.00","company":"1Coin","brand":"Dero","updated":"2021-07-15 04:04:35","brand1":"Dero","day":"20210715","id":"8454111","type":"DERO","code":"DERO"},{"buy":"6.94","sell":"6.94","company":"1Coin","brand":"Zelwin","updated":"2021-07-15 12:02:06","brand1":"Z","day":"20210715","id":"8456522","type":"ZLW","code":"LW"},{"buy":"6.69","sell":"6.69","company":"1Coin","brand":"Ethernity Chain","updated":"2021-07-15 14:04:26","brand1":"EC","day":"20210715","id":"8457798","type":"ERN","code":"ERN"},{"buy":"6.40","sell":"6.40","company":"1Coin","brand":"LUKSO","updated":"2021-07-15 14:04:20","brand1":"L","day":"20210715","id":"8457613","type":"LYXE","code":"YXE"},{"buy":"6.17","sell":"6.17","company":"1Coin","brand":"Venus BNB","updated":"2021-07-15 13:04:11","brand1":"VB","day":"20210715","id":"8457537","type":"VBNB","code":"NB"},{"buy":"6.06","sell":"6.06","company":"1Coin","brand":"Qtum","updated":"2021-07-15 16:05:52","brand1":"Qtum","day":"20210715","id":"8458297","type":"QTUM","code":"QTUM"},{"buy":"6.03","sell":"6.03","company":"1Coin","brand":"Persistence","updated":"2021-07-15 14:04:15","brand1":"P","day":"20210715","id":"8457579","type":"XPRT","code":"XRT"},{"buy":"5.91","sell":"5.91","company":"1Coin","brand":"Band Protocol","updated":"2021-07-15 16:05:58","brand1":"BP","day":"20210715","id":"8458346","type":"BAND","code":"BAND"},{"buy":"5.77","sell":"5.77","company":"1Coin","brand":"Gitcoin","updated":"2021-07-15 12:04:24","brand1":"G","day":"20210715","id":"8457649","type":"GTC","code":"TC"},{"buy":"5.75","sell":"5.75","company":"1Coin","brand":"Ergo","updated":"2021-07-15 16:06:01","brand1":"Ergo","day":"20210715","id":"8458365","type":"ERG","code":"ERG"},{"buy":"5.67","sell":"5.67","company":"1Coin","brand":"THORChain","updated":"2021-07-15 16:05:48","brand1":"T","day":"20210715","id":"8458262","type":"RUNE","code":"RUNE"},{"buy":"5.40","sell":"5.40","company":"1Coin","brand":"Celsius","updated":"2021-07-15 16:05:48","brand1":"C","day":"20210715","id":"8458263","type":"CEL","code":"EL"},{"buy":"5.17","sell":"5.17","company":"1Coin","brand":"Energy Web Token","updated":"2021-07-15 16:06:02","brand1":"EWT","day":"20210715","id":"8458383","type":"EWT","code":""},{"buy":"4.86","sell":"4.86","company":"1Coin","brand":"Orion Protocol","updated":"2021-07-15 12:04:15","brand1":"OP","day":"20210715","id":"8457591","type":"ORN","code":"ORN"},{"buy":"4.85","sell":"4.85","company":"1Coin","brand":"THETA","updated":"2021-07-15 19:39:21","brand1":"T","day":"20210715","id":"8458873","type":"THETA","code":"HEA"},{"buy":"4.69","sell":"4.69","company":"1Coin","brand":"INO COIN","updated":"2021-07-15 14:04:10","brand1":"IC","day":"20210715","id":"8457533","type":"INO","code":"INO"},{"buy":"4.15","sell":"4.15","company":"1Coin","brand":"Nano","updated":"2021-07-15 16:05:53","brand1":"Nano","day":"20210715","id":"8458305","type":"NANO","code":"NANO"},{"buy":"4.04","sell":"4.04","company":"1Coin","brand":"Kava.io","updated":"2021-07-15 15:05:56","brand1":"K","day":"20210715","id":"8458331","type":"KAVA","code":"AVA"},{"buy":"3.79","sell":"3.79","company":"1Coin","brand":"OMG Network","updated":"2021-07-15 16:05:53","brand1":"ON","day":"20210715","id":"8458306","type":"OMG","code":"OMG"},{"buy":"3.67","sell":"3.67","company":"1Coin","brand":"EOS","updated":"2021-07-15 19:29:11","brand1":"EOS","day":"20210715","id":"8458854","type":"EOS","code":""},{"buy":"3.60","sell":"3.60","company":"1Coin","brand":"Aragon","updated":"2021-07-15 15:06:05","brand1":"A","day":"20210715","id":"8458408","type":"ANT","code":"NT"},{"buy":"3.40","sell":"3.40","company":"1Coin","brand":"Mirror Protocol","updated":"2021-07-15 14:04:12","brand1":"MP","day":"20210715","id":"8457561","type":"MIR","code":"MIR"},{"buy":"3.39","sell":"3.39","company":"1Coin","brand":"Litentry","updated":"2021-07-15 14:04:26","brand1":"L","day":"20210715","id":"8457795","type":"LIT","code":"IT"},{"buy":"3.03","sell":"3.03","company":"1Coin","brand":"Raydium","updated":"2021-07-15 14:04:15","brand1":"R","day":"20210715","id":"8457585","type":"RAY","code":"AY"},{"buy":"2.98","sell":"2.98","company":"1Coin","brand":"Bancor Network Token","updated":"2021-07-15 14:03:52","brand1":"BNT","day":"20210715","id":"8457397","type":"BNT","code":""},{"buy":"2.97","sell":"2.97","company":"1Coin","brand":"Dawn Protocol","updated":"2021-07-15 14:04:12","brand1":"DP","day":"20210715","id":"8457567","type":"DAWN","code":"DAWN"},{"buy":"2.96","sell":"2.96","company":"1Coin","brand":"Hellenic Coin","updated":"2021-07-15 14:04:13","brand1":"HC","day":"20210715","id":"8457568","type":"HNC","code":"HNC"},{"buy":"2.94","sell":"2.94","company":"1Coin","brand":"Serum","updated":"2021-07-15 15:06:02","brand1":"S","day":"20210715","id":"8458384","type":"SRM","code":"RM"},{"buy":"2.93","sell":"2.93","company":"1Coin","brand":"GateToken","updated":"2021-07-15 16:05:57","brand1":"G","day":"20210715","id":"8458334","type":"GT","code":"T"},{"buy":"2.91","sell":"2.91","company":"1Coin","brand":"Elitium","updated":"2021-07-15 13:04:24","brand1":"E","day":"20210715","id":"8457650","type":"EUM","code":"UM"},{"buy":"2.90","sell":"2.90","company":"1Coin","brand":"UNUS SED LEO","updated":"2021-07-15 14:03:46","brand1":"USL","day":"20210715","id":"8457311","type":"LEO","code":"LEO"},{"buy":"2.67","sell":"2.67","company":"1Coin","brand":"iExec RLC","updated":"2021-07-15 16:05:58","brand1":"iR","day":"20210715","id":"8458343","type":"RLC","code":"RLC"},{"buy":"2.66","sell":"2.66","company":"1Coin","brand":"Celo","updated":"2021-07-15 16:05:51","brand1":"Celo","day":"20210715","id":"8458292","type":"CGLD","code":"CGLD"},{"buy":"2.65","sell":"2.65","company":"1Coin","brand":"Tezos","updated":"2021-07-15 16:05:45","brand1":"T","day":"20210715","id":"8458245","type":"XTZ","code":"XZ"},{"buy":"2.60","sell":"2.60","company":"1Coin","brand":"TomoChain","updated":"2021-07-15 16:05:58","brand1":"T","day":"20210715","id":"8458340","type":"TOMO","code":"OMO"},{"buy":"2.57","sell":"2.57","company":"1Coin","brand":"Akash Network","updated":"2021-07-15 14:04:15","brand1":"AN","day":"20210715","id":"8457582","type":"AKT","code":"AKT"},{"buy":"2.54","sell":"2.54","company":"1Coin","brand":"CRYPTO20","updated":"2021-07-15 12:02:15","brand1":"C","day":"20210715","id":"8456719","type":"C20","code":"20"},{"buy":"2.45","sell":"2.45","company":"1Coin","brand":"Lisk","updated":"2021-07-15 16:05:54","brand1":"Lisk","day":"20210715","id":"8458318","type":"LSK","code":"LSK"},{"buy":"2.45","sell":"2.45","company":"1Coin","brand":"Tokenlon Network Token","updated":"2021-07-15 12:02:17","brand1":"TNT","day":"20210715","id":"8456746","type":"LON","code":"LON"},{"buy":"2.38","sell":"2.38","company":"1Coin","brand":"Pirate Chain","updated":"2021-07-15 14:04:11","brand1":"PC","day":"20210715","id":"8457542","type":"ARRR","code":"ARRR"},{"buy":"2.28","sell":"2.28","company":"1Coin","brand":"1inch","updated":"2021-07-15 16:05:54","brand1":"1","day":"20210715","id":"8458313","type":"1INCH","code":"INCH"},{"buy":"2.26","sell":"2.26","company":"1Coin","brand":"Creditcoin","updated":"2021-07-15 14:04:10","brand1":"C","day":"20210715","id":"8457529","type":"CTC","code":"T"},{"buy":"2.15","sell":"2.15","company":"1Coin","brand":"BakeryToken","updated":"2021-07-15 16:05:53","brand1":"B","day":"20210715","id":"8458302","type":"BAKE","code":"AKE"},{"buy":"2.05","sell":"2.05","company":"1Coin","brand":"DeFiChain","updated":"2021-07-15 12:02:06","brand1":"D","day":"20210715","id":"8456514","type":"DFI","code":"FI"},{"buy":"2.00","sell":"2.00","company":"1Coin","brand":"Voyager Token","updated":"2021-07-15 16:05:54","brand1":"VT","day":"20210715","id":"8458312","type":"VGX","code":"VGX"},{"buy":"1.98","sell":"1.98","company":"1Coin","brand":"Anchor Protocol","updated":"2021-07-15 02:02:21","brand1":"AP","day":"20210715","id":"8453374","type":"ANC","code":"ANC"},{"buy":"1.96","sell":"1.96","company":"1Coin","brand":"NEAR Protocol","updated":"2021-07-15 16:05:50","brand1":"NP","day":"20210715","id":"8458290","type":"NEAR","code":"NEAR"},{"buy":"1.94","sell":"1.94","company":"1Coin","brand":"Travala.com","updated":"2021-07-15 14:04:19","brand1":"T","day":"20210715","id":"8457611","type":"AVA","code":"AVA"},{"buy":"1.93","sell":"1.93","company":"1Coin","brand":"KOK","updated":"2021-07-15 07:02:08","brand1":"KOK","day":"20210715","id":"8456600","type":"KOK","code":""},{"buy":"1.90","sell":"1.90","company":"1Coin","brand":"Bitcoin Diamond","updated":"2021-07-15 14:03:56","brand1":"BD","day":"20210715","id":"8457435","type":"BCD","code":"BCD"},{"buy":"1.85","sell":"1.85","company":"1Coin","brand":"Tokocrypto","updated":"2021-07-15 14:04:13","brand1":"T","day":"20210715","id":"8457571","type":"TKO","code":"KO"},{"buy":"1.81","sell":"1.81","company":"1Coin","brand":"Swipe","updated":"2021-07-15 16:06:00","brand1":"S","day":"20210715","id":"8458354","type":"SXP","code":"XP"},{"buy":"1.79","sell":"1.79","company":"1Coin","brand":"Populous","updated":"2021-07-15 14:04:20","brand1":"P","day":"20210715","id":"8457614","type":"PPT","code":"T"},{"buy":"1.78","sell":"1.78","company":"1Coin","brand":"botXcoin","updated":"2021-07-15 12:06:06","brand1":"b","day":"20210715","id":"8458429","type":"BOTX","code":"BOTX"},{"buy":"1.63","sell":"1.63","company":"1Coin","brand":"Metal","updated":"2021-07-15 12:02:12","brand1":"M","day":"20210715","id":"8456686","type":"MTL","code":"TL"},{"buy":"1.59","sell":"1.59","company":"1Coin","brand":"Stratis","updated":"2021-07-15 13:04:00","brand1":"S","day":"20210715","id":"8457460","type":"STRAX","code":"TRAX"},{"buy":"1.58","sell":"1.58","company":"1Coin","brand":"Curve DAO Token","updated":"2021-07-15 16:05:52","brand1":"CDT","day":"20210715","id":"8458298","type":"CRV","code":"CRV"},{"buy":"1.58","sell":"1.58","company":"1Coin","brand":"Nexo","updated":"2021-07-15 16:05:50","brand1":"Nexo","day":"20210715","id":"8458288","type":"NEXO","code":"NEXO"},{"buy":"1.53","sell":"1.53","company":"1Coin","brand":"Mdex","updated":"2021-07-15 16:05:50","brand1":"Mdex","day":"20210715","id":"8458289","type":"MDX","code":"MDX"},{"buy":"1.40","sell":"1.40","company":"1Coin","brand":"Kyber Network","updated":"2021-07-15 16:05:56","brand1":"KN","day":"20210715","id":"8458330","type":"KNC","code":"C"},{"buy":"1.39","sell":"1.39","company":"1Coin","brand":"Enjin Coin","updated":"2021-07-15 16:05:49","brand1":"EC","day":"20210715","id":"8458272","type":"ENJ","code":"ENJ"},{"buy":"1.37","sell":"1.37","company":"1Coin","brand":"Oxygen","updated":"2021-07-15 14:04:25","brand1":"O","day":"20210715","id":"8457655","type":"OXY","code":"XY"},{"buy":"1.34","sell":"1.34","company":"1Coin","brand":"Stacks","updated":"2021-07-15 14:05:46","brand1":"S","day":"20210715","id":"8458256","type":"STX","code":"TX"},{"buy":"1.30","sell":"1.30","company":"1Coin","brand":"Unibright","updated":"2021-07-15 13:06:00","brand1":"U","day":"20210715","id":"8458353","type":"UBT","code":"BT"},{"buy":"1.27","sell":"1.27","company":"1Coin","brand":"XeniosCoin","updated":"2021-07-15 12:02:16","brand1":"X","day":"20210715","id":"8456745","type":"XNC","code":"NC"},{"buy":"1.26","sell":"1.26","company":"1Coin","brand":"MonaCoin","updated":"2021-07-15 12:02:20","brand1":"M","day":"20210715","id":"8456813","type":"MONA","code":"ONA"},{"buy":"1.25","sell":"1.25","company":"1Coin","brand":"Audius","updated":"2021-07-15 14:04:15","brand1":"A","day":"20210715","id":"8457590","type":"AUDIO","code":"UDIO"},{"buy":"1.22","sell":"1.22","company":"1Coin","brand":"Cardano","updated":"2021-07-15 18:58:38","brand1":"C","day":"20210715","id":"8458781","type":"ADA","code":"ADA"},{"buy":"1.22","sell":"1.22","company":"1Coin","brand":"DODO","updated":"2021-07-15 16:06:05","brand1":"DODO","day":"20210715","id":"8458415","type":"DODO","code":""},{"buy":"1.20","sell":"1.20","company":"1Coin","brand":"MiL.k","updated":"2021-07-15 14:04:20","brand1":"M","day":"20210715","id":"8457642","type":"MLK","code":"LK"},{"buy":"1.19","sell":"1.19","company":"1Coin","brand":"STASIS EURO","updated":"2021-07-15 02:02:23","brand1":"SE","day":"20210715","id":"8453407","type":"EURS","code":"EURS"},{"buy":"1.14","sell":"1.14","company":"1Coin","brand":"Mina","updated":"2021-07-15 14:04:02","brand1":"Mina","day":"20210715","id":"8457478","type":"MINA","code":"MINA"},{"buy":"1.10","sell":"1.10","company":"1Coin","brand":"Pundi X[new]","updated":"2021-07-15 12:02:07","brand1":"PX","day":"20210715","id":"8456579","type":"PUNDIX","code":"PUNDIX"},{"buy":"1.04","sell":"1.04","company":"1Coin","brand":"Polkastarter","updated":"2021-07-15 12:02:22","brand1":"P","day":"20210715","id":"8456869","type":"POLS","code":"OLS"},{"buy":"1.03","sell":"1.03","company":"1Coin","brand":"WazirX","updated":"2021-07-15 16:05:55","brand1":"W","day":"20210715","id":"8458320","type":"WRX","code":"RX"},{"buy":"1.02","sell":"1.02","company":"1Coin","brand":"MATH","updated":"2021-07-15 02:02:22","brand1":"MATH","day":"20210715","id":"8453394","type":"MATH","code":""},{"buy":"1.00","sell":"1.00","company":"1Coin","brand":"Fei Protocol","updated":"2021-07-15 04:04:20","brand1":"FP","day":"20210715","id":"8454000","type":"FEI","code":"FEI"},{"buy":"1.00","sell":"1.00","company":"1Coin","brand":"Frax","updated":"2021-07-15 12:02:08","brand1":"Frax","day":"20210715","id":"8456597","type":"FRAX","code":"FRAX"},{"buy":"1.00","sell":"1.00","company":"1Coin","brand":"Liquity USD","updated":"2021-07-15 02:02:17","brand1":"LU","day":"20210715","id":"8453323","type":"LUSD","code":"SD"},{"buy":"0.98","sell":"0.98","company":"1Coin","brand":"Sologenic","updated":"2021-07-15 14:04:14","brand1":"S","day":"20210715","id":"8457574","type":"SOLO","code":"OLO"},{"buy":"0.95","sell":"0.95","company":"1Coin","brand":"Ark","updated":"2021-07-15 16:06:06","brand1":"Ark","day":"20210715","id":"8458423","type":"ARK","code":"ARK"},{"buy":"0.94","sell":"0.94","company":"1Coin","brand":"Origin Token","updated":"2021-07-15 16:05:56","brand1":"OT","day":"20210715","id":"8458325","type":"OGN","code":"OGN"},{"buy":"0.92","sell":"0.92","company":"1Coin","brand":"HedgeTrade","updated":"2021-07-15 13:04:12","brand1":"H","day":"20210715","id":"8457549","type":"HEDG","code":"EDG"},{"buy":"0.92","sell":"0.92","company":"1Coin","brand":"Klaytn","updated":"2021-07-15 14:03:47","brand1":"K","day":"20210715","id":"8457325","type":"KLAY","code":"LAY"},{"buy":"0.90","sell":"0.90","company":"1Coin","brand":"Bitpanda Ecosystem Token","updated":"2021-07-15 04:04:23","brand1":"BET","day":"20210715","id":"8454023","type":"BEST","code":"BEST"},{"buy":"0.89","sell":"0.89","company":"1Coin","brand":"Polygon","updated":"2021-07-15 17:47:27","brand1":"P","day":"20210715","id":"8458640","type":"MATIC","code":"MATIC"},{"buy":"0.88","sell":"0.88","company":"1Coin","brand":"Storj","updated":"2021-07-15 12:01:54","brand1":"S","day":"20210715","id":"8456160","type":"STORJ","code":"TORJ"},{"buy":"0.86","sell":"0.86","company":"1Coin","brand":"WhiteCoin","updated":"2021-07-15 14:04:10","brand1":"W","day":"20210715","id":"8457536","type":"XWC","code":"XC"},{"buy":"0.85","sell":"0.85","company":"1Coin","brand":"Algorand","updated":"2021-07-15 04:04:01","brand1":"A","day":"20210715","id":"8453849","type":"ALGO","code":"LGO"},{"buy":"0.81","sell":"0.81","company":"1Coin","brand":"Phala.Network","updated":"2021-07-15 16:06:04","brand1":"P","day":"20210715","id":"8458390","type":"PHA","code":"HA"},{"buy":"0.80","sell":"0.80","company":"1Coin","brand":"ICON","updated":"2021-07-15 13:03:55","brand1":"ICON","day":"20210715","id":"8457426","type":"ICX","code":"ICX"},{"buy":"0.77","sell":"0.77","company":"1Coin","brand":"SafePal","updated":"2021-07-15 09:02:20","brand1":"S","day":"20210715","id":"8456805","type":"SFP","code":"FP"},{"buy":"0.76","sell":"0.76","company":"1Coin","brand":"Ellipsis","updated":"2021-07-15 14:04:20","brand1":"E","day":"20210715","id":"8457627","type":"EPS","code":"PS"},{"buy":"0.74","sell":"0.74","company":"1Coin","brand":"Decentraland","updated":"2021-07-15 16:05:48","brand1":"D","day":"20210715","id":"8458268","type":"MANA","code":"MANA"},{"buy":"0.73","sell":"0.73","company":"1Coin","brand":"Ontology Gas","updated":"2021-07-15 12:01:56","brand1":"OG","day":"20210715","id":"8456237","type":"ONG","code":"ONG"},{"buy":"0.73","sell":"0.73","company":"1Coin","brand":"ZKSwap","updated":"2021-07-15 12:02:02","brand1":"Z","day":"20210715","id":"8456389","type":"ZKS","code":"KS"},{"buy":"0.72","sell":"0.72","company":"1Coin","brand":"IOTA","updated":"2021-07-15 14:03:47","brand1":"IOTA","day":"20210715","id":"8457335","type":"MIOTA","code":"M"},{"buy":"0.71","sell":"0.71","company":"1Coin","brand":"Komodo","updated":"2021-07-15 13:04:21","brand1":"K","day":"20210715","id":"8457646","type":"KMD","code":"MD"},{"buy":"0.70","sell":"0.70","company":"1Coin","brand":"RNDR Token","updated":"2021-07-15 14:04:16","brand1":"RT","day":"20210715","id":"8457601","type":"RNDR","code":"RNDR"},{"buy":"0.68","sell":"0.68","company":"1Coin","brand":"0x","updated":"2021-07-15 14:03:54","brand1":"0x","day":"20210715","id":"8457414","type":"ZRX","code":"ZRX"},{"buy":"0.67","sell":"0.67","company":"1Coin","brand":"Ontology","updated":"2021-07-15 12:01:50","brand1":"O","day":"20210715","id":"8456031","type":"ONT","code":"NT"},{"buy":"0.66","sell":"0.66","company":"1Coin","brand":"EFFORCE","updated":"2021-07-15 12:02:22","brand1":"E","day":"20210715","id":"8456861","type":"WOZX","code":"WOZX"},{"buy":"0.66","sell":"0.66","company":"1Coin","brand":"The Sandbox","updated":"2021-07-15 16:05:53","brand1":"TS","day":"20210715","id":"8458310","type":"SAND","code":"SAND"},{"buy":"0.64","sell":"0.64","company":"1Coin","brand":"MaidSafeCoin","updated":"2021-07-15 12:01:53","brand1":"M","day":"20210715","id":"8456103","type":"MAID","code":"AID"},{"buy":"0.64","sell":"0.64","company":"1Coin","brand":"SuperFarm","updated":"2021-07-15 00:00:00","brand1":"S","day":"20210715","id":"8457799","type":"SUPER","code":"UPER"},{"buy":"0.63","sell":"0.63","company":"1Coin","brand":"Hxro","updated":"2021-07-15 16:06:04","brand1":"Hxro","day":"20210715","id":"8458407","type":"HXRO","code":"HXRO"},{"buy":"0.63","sell":"0.63","company":"1Coin","brand":"Orbit Chain","updated":"2021-07-15 14:04:12","brand1":"OC","day":"20210715","id":"8457558","type":"ORC","code":"ORC"},{"buy":"0.63","sell":"0.63","company":"1Coin","brand":"The Graph","updated":"2021-07-15 02:01:57","brand1":"TG","day":"20210715","id":"8453037","type":"GRT","code":"GRT"},{"buy":"0.61","sell":"0.61","company":"1Coin","brand":"Alpha Finance Lab","updated":"2021-07-15 09:01:58","brand1":"AFL","day":"20210715","id":"8456322","type":"ALPHA","code":"ALPHA"},{"buy":"0.60","sell":"0.60","company":"1Coin","brand":"XRP","updated":"2021-07-15 19:29:09","brand1":"XRP","day":"20210715","id":"8458842","type":"XRP","code":""},{"buy":"0.59","sell":"0.59","company":"1Coin","brand":"Newscrypto","updated":"2021-07-15 14:04:20","brand1":"N","day":"20210715","id":"8457620","type":"NWC","code":"WC"},{"buy":"0.58","sell":"0.58","company":"1Coin","brand":"SwissBorg","updated":"2021-07-15 14:03:54","brand1":"S","day":"20210715","id":"8457408","type":"CHSB","code":"CHB"},{"buy":"0.57","sell":"0.57","company":"1Coin","brand":"Tribe","updated":"2021-07-15 04:04:27","brand1":"T","day":"20210715","id":"8454056","type":"TRIBE","code":"RIBE"},{"buy":"0.53","sell":"0.53","company":"1Coin","brand":"Basic Attention Token","updated":"2021-07-15 04:01:48","brand1":"BAT","day":"20210715","id":"8455976","type":"BAT","code":""},{"buy":"0.53","sell":"0.53","company":"1Coin","brand":"Wanchain","updated":"2021-07-15 12:02:15","brand1":"W","day":"20210715","id":"8456709","type":"WAN","code":"AN"},{"buy":"0.52","sell":"0.52","company":"1Coin","brand":"Ultra","updated":"2021-07-15 02:02:13","brand1":"U","day":"20210715","id":"8453272","type":"UOS","code":"OS"},{"buy":"0.52","sell":"0.52","company":"1Coin","brand":"Wootrade","updated":"2021-07-15 14:03:59","brand1":"W","day":"20210715","id":"8457455","type":"WOO","code":"OO"},{"buy":"0.51","sell":"0.51","company":"1Coin","brand":"Rally","updated":"2021-07-15 12:02:13","brand1":"R","day":"20210715","id":"8456694","type":"RLY","code":"LY"},{"buy":"0.46","sell":"0.46","company":"1Coin","brand":"Hathor","updated":"2021-07-15 12:02:20","brand1":"H","day":"20210715","id":"8456798","type":"HTR","code":"TR"},{"buy":"0.42","sell":"0.42","company":"1Coin","brand":"Cartesi","updated":"2021-07-15 12:01:59","brand1":"C","day":"20210715","id":"8456341","type":"CTSI","code":"TSI"},{"buy":"0.41","sell":"0.41","company":"1Coin","brand":"Ocean Protocol","updated":"2021-07-15 12:01:55","brand1":"OP","day":"20210715","id":"8456170","type":"OCEAN","code":"OCEAN"},{"buy":"0.41","sell":"0.41","company":"1Coin","brand":"Steem","updated":"2021-07-15 14:04:04","brand1":"S","day":"20210715","id":"8457503","type":"STEEM","code":"TEEM"},{"buy":"0.39","sell":"0.39","company":"1Coin","brand":"Rakon","updated":"2021-07-15 09:04:19","brand1":"R","day":"20210715","id":"8457607","type":"RKN","code":"KN"},{"buy":"0.37","sell":"0.37","company":"1Coin","brand":"AllianceBlock","updated":"2021-07-15 02:02:29","brand1":"A","day":"20210715","id":"8453475","type":"ALBT","code":"LBT"},{"buy":"0.37","sell":"0.37","company":"1Coin","brand":"BitMax Token","updated":"2021-07-15 12:01:54","brand1":"BT","day":"20210715","id":"8456141","type":"BTMX","code":"MX"},{"buy":"0.35","sell":"0.35","company":"1Coin","brand":"Small Love Potion","updated":"2021-07-15 16:06:00","brand1":"SLP","day":"20210715","id":"8458356","type":"SLP","code":""},{"buy":"0.35","sell":"0.35","company":"1Coin","brand":"Venus XVS","updated":"2021-07-15 12:02:22","brand1":"VX","day":"20210715","id":"8456857","type":"VXVS","code":"VS"},{"buy":"0.33","sell":"0.33","company":"1Coin","brand":"Hive","updated":"2021-07-15 08:02:02","brand1":"Hive","day":"20210715","id":"8456411","type":"HIVE","code":"HIVE"},{"buy":"0.33","sell":"0.33","company":"1Coin","brand":"Ren","updated":"2021-07-15 09:03:56","brand1":"Ren","day":"20210715","id":"8457437","type":"REN","code":"REN"},{"buy":"0.32","sell":"0.32","company":"1Coin","brand":"Trust Wallet Token","updated":"2021-07-15 02:02:30","brand1":"TWT","day":"20210715","id":"8453478","type":"TWT","code":""},{"buy":"0.31","sell":"0.31","company":"1Coin","brand":"Chromia","updated":"2021-07-15 16:06:05","brand1":"C","day":"20210715","id":"8458420","type":"CHR","code":"HR"},{"buy":"0.29","sell":"0.29","company":"1Coin","brand":"Keep Network","updated":"2021-07-15 10:02:10","brand1":"KN","day":"20210715","id":"8456638","type":"KEEP","code":"KEEP"},{"buy":"0.29","sell":"0.29","company":"1Coin","brand":"Theta Fuel","updated":"2021-07-15 12:01:44","brand1":"TF","day":"20210715","id":"8455851","type":"TFUEL","code":"UEL"},{"buy":"0.29","sell":"0.29","company":"1Coin","brand":"ZB Token","updated":"2021-07-15 00:02:14","brand1":"ZT","day":"20210715","id":"8453284","type":"ZB","code":"ZB"},{"buy":"0.28","sell":"0.28","company":"1Coin","brand":"Chiliz","updated":"2021-07-15 16:05:46","brand1":"C","day":"20210715","id":"8458255","type":"CHZ","code":"HZ"},{"buy":"0.28","sell":"0.28","company":"1Coin","brand":"Function X","updated":"2021-07-15 14:04:25","brand1":"FX","day":"20210715","id":"8457673","type":"FX","code":""},{"buy":"0.26","sell":"0.26","company":"1Coin","brand":"Alien Worlds","updated":"2021-07-15 14:04:12","brand1":"AW","day":"20210715","id":"8457564","type":"TLM","code":"TLM"},{"buy":"0.25","sell":"0.25","company":"1Coin","brand":"OriginTrail","updated":"2021-07-15 12:02:18","brand1":"O","day":"20210715","id":"8456775","type":"TRAC","code":"TRAC"},{"buy":"0.24","sell":"0.24","company":"1Coin","brand":"Fetch.ai","updated":"2021-07-15 01:02:10","brand1":"F","day":"20210715","id":"8453244","type":"FET","code":"ET"},{"buy":"0.23","sell":"0.23","company":"1Coin","brand":"Civic","updated":"2021-07-15 02:02:11","brand1":"C","day":"20210715","id":"8453261","type":"CVC","code":"V"},{"buy":"0.23","sell":"0.23","company":"1Coin","brand":"Loopring","updated":"2021-07-15 12:01:54","brand1":"L","day":"20210715","id":"8456128","type":"LRC","code":"RC"},{"buy":"0.23","sell":"0.23","company":"1Coin","brand":"NKN","updated":"2021-07-15 16:06:02","brand1":"NKN","day":"20210715","id":"8458379","type":"NKN","code":""},{"buy":"0.23","sell":"0.23","company":"1Coin","brand":"Stellar Lumens","updated":"2021-07-15 18:38:19","brand1":"SL","day":"20210715","id":"8458745","type":"XLM","code":"XLM"},{"buy":"0.22","sell":"0.22","company":"1Coin","brand":"Conflux Network","updated":"2021-07-15 01:02:10","brand1":"CN","day":"20210715","id":"8453235","type":"CFX","code":"CFX"},{"buy":"0.22","sell":"0.22","company":"1Coin","brand":"Fantom","updated":"2021-07-15 01:02:03","brand1":"F","day":"20210715","id":"8453136","type":"FTM","code":"TM"},{"buy":"0.22","sell":"0.22","company":"1Coin","brand":"SingularityNET","updated":"2021-07-15 14:04:03","brand1":"S","day":"20210715","id":"8457489","type":"AGIX","code":"AGIX"},{"buy":"0.21","sell":"0.21","company":"1Coin","brand":"NOIA Network","updated":"2021-07-15 01:02:28","brand1":"NN","day":"20210715","id":"8453449","type":"NOIA","code":"NOIA"},{"buy":"0.19","sell":"0.19","company":"1Coin","brand":"Constellation","updated":"2021-07-15 12:01:55","brand1":"C","day":"20210715","id":"8456177","type":"DAG","code":"DAG"},{"buy":"0.19","sell":"0.19","company":"1Coin","brand":"Dogecoin","updated":"2021-07-15 17:47:26","brand1":"D","day":"20210715","id":"8458631","type":"DOGE","code":"OGE"},{"buy":"0.19","sell":"0.19","company":"1Coin","brand":"Polymath","updated":"2021-07-15 02:02:14","brand1":"P","day":"20210715","id":"8453296","type":"POLY","code":"OLY"},{"buy":"0.13","sell":"0.13","company":"1Coin","brand":"COTI","updated":"2021-07-15 00:02:27","brand1":"COTI","day":"20210715","id":"8453447","type":"COTI","code":""},{"buy":"0.13","sell":"0.13","company":"1Coin","brand":"HEX","updated":"2021-07-15 16:06:06","brand1":"HEX","day":"20210715","id":"8458428","type":"HEX","code":""},{"buy":"0.13","sell":"0.13","company":"1Coin","brand":"WAX","updated":"2021-07-15 01:02:08","brand1":"WAX","day":"20210715","id":"8453205","type":"WAXP","code":"P"},{"buy":"0.12","sell":"0.12","company":"1Coin","brand":"Crypto.com Coin","updated":"2021-07-15 13:53:34","brand1":"CC","day":"20210715","id":"8457289","type":"CRO","code":"CRO"},{"buy":"0.12","sell":"0.12","company":"1Coin","brand":"Metadium","updated":"2021-07-15 02:02:12","brand1":"M","day":"20210715","id":"8453266","type":"META","code":"ETA"},{"buy":"0.12","sell":"0.12","company":"1Coin","brand":"NEM","updated":"2021-07-15 08:01:46","brand1":"NEM","day":"20210715","id":"8455937","type":"XEM","code":"XEM"},{"buy":"0.11","sell":"0.11","company":"1Coin","brand":"BORA","updated":"2021-07-15 02:02:26","brand1":"BORA","day":"20210715","id":"8453437","type":"BORA","code":""},{"buy":"0.05","sell":"0.05","company":"1Coin","brand":"JUST","updated":"2021-07-15 02:02:23","brand1":"JUST","day":"20210715","id":"8453406","type":"JST","code":"JST"},{"buy":"0.05","sell":"0.05","company":"1Coin","brand":"MediBloc","updated":"2021-07-15 02:02:14","brand1":"M","day":"20210715","id":"8453287","type":"MED","code":"ED"}]}],"time":4,"excute1_time":0,"excute2_time":3,"excute3_time":0,"count1":0,"count2":339}