
{"golds":[{"updated":"2021-07-16 08:46:26","date":"20210716","gold":[],"value":[{"buy":"56,770.00","sell":"57,550.00","company":"SJC","brand":"Long Xuyên","updated":"2021-07-16 08:46:26","brand1":"LX","day":"20210716","id":"8463915","type":"Vàng SJC","code":""},{"buy":"56,750.00","sell":"57,520.00","company":"SJC","brand":"Bạc Liêu","updated":"2021-07-16 08:46:26","brand1":"BL","day":"20210716","id":"8463916","type":"Vàng SJC","code":""},{"buy":"56,750.00","sell":"57,500.00","company":"SJC","brand":"Biên Hòa","updated":"2021-07-16 08:46:26","brand1":"BH","day":"20210716","id":"8463912","type":"Vàng SJC","code":""},{"buy":"56,750.00","sell":"57,520.00","company":"SJC","brand":"Cà Mau","updated":"2021-07-16 08:46:26","brand1":"CM","day":"20210716","id":"8463909","type":"Vàng SJC","code":""},{"buy":"56,750.00","sell":"57,520.00","company":"SJC","brand":"Hà Nội","updated":"2021-07-16 08:46:26","brand1":"HN","day":"20210716","id":"8463906","type":"Vàng SJC","code":""},{"buy":"56,750.00","sell":"57,500.00","company":"SJC","brand":"Hồ Chí Minh","updated":"2021-07-16 08:46:26","brand1":"HCM","day":"20210716","id":"8463897","type":"Vàng SJC 1L","code":""},{"buy":"56,750.00","sell":"57,500.00","company":"SJC","brand":"Miền Tây","updated":"2021-07-16 08:46:26","brand1":"MT","day":"20210716","id":"8463913","type":"Vàng SJC","code":""},{"buy":"56,750.00","sell":"57,520.00","company":"SJC","brand":"Nha Trang","updated":"2021-07-16 08:46:26","brand1":"NT","day":"20210716","id":"8463908","type":"Vàng SJC","code":""},{"buy":"56,750.00","sell":"57,500.00","company":"SJC","brand":"Quãng Ngãi","updated":"2021-07-16 08:46:26","brand1":"QN","day":"20210716","id":"8463914","type":"Vàng SJC","code":""},{"buy":"56,750.00","sell":"57,520.00","company":"SJC","brand":"Đà  Nẵng","updated":"2021-07-16 08:46:26","brand1":"ĐN","day":"20210716","id":"8463907","type":"Vàng SJC","code":""},{"buy":"56,730.00","sell":"57,520.00","company":"SJC","brand":"Bình Phước","updated":"2021-07-16 08:46:26","brand1":"BP","day":"20210716","id":"8463911","type":"Vàng SJC","code":""},{"buy":"56,730.00","sell":"57,520.00","company":"SJC","brand":"Hạ Long","updated":"2021-07-16 08:46:26","brand1":"HL","day":"20210716","id":"8463919","type":"Vàng SJC","code":""},{"buy":"56,730.00","sell":"57,520.00","company":"SJC","brand":"Phan Rang","updated":"2021-07-16 08:46:26","brand1":"PR","day":"20210716","id":"8463918","type":"Vàng SJC","code":""},{"buy":"56,730.00","sell":"57,520.00","company":"SJC","brand":"Quảng Nam","updated":"2021-07-16 08:46:26","brand1":"QN","day":"20210716","id":"8463920","type":"Vàng SJC","code":""},{"buy":"56,730.00","sell":"57,520.00","company":"SJC","brand":"Quy Nhơn","updated":"2021-07-16 08:46:26","brand1":"QN","day":"20210716","id":"8463917","type":"Vàng SJC","code":""},{"buy":"56,720.00","sell":"57,530.00","company":"SJC","brand":"Huế","updated":"2021-07-16 08:46:26","brand1":"Huế","day":"20210716","id":"8463910","type":"Vàng SJC","code":""},{"buy":"51,400.00","sell":"52,200.00","company":"SJC","brand":"Hồ Chí Minh","updated":"2021-07-16 08:46:26","brand1":"HCM","day":"20210716","id":"8463900","type":"Vàng nhẫn SJC 99,99 0,5 chỉ","code":"nhẫn  99,99 0,5 chỉ"},{"buy":"51,400.00","sell":"52,100.00","company":"SJC","brand":"Hồ Chí Minh","updated":"2021-07-16 08:46:26","brand1":"HCM","day":"20210716","id":"8463898","type":"Vàng nhẫn SJC 99,99 1 chỉ, 2 chỉ, 5 chỉ","code":"nhẫn  99,99 1 chỉ, 2 chỉ, 5 chỉ"},{"buy":"51,100.00","sell":"51,800.00","company":"SJC","brand":"Hồ Chí Minh","updated":"2021-07-16 08:46:26","brand1":"HCM","day":"20210716","id":"8463901","type":"Vàng nữ trang 99,99%","code":"nữ trang 99,99%"},{"buy":"50,287.00","sell":"51,287.00","company":"SJC","brand":"Hồ Chí Minh","updated":"2021-07-16 08:46:26","brand1":"HCM","day":"20210716","id":"8463902","type":"Vàng nữ trang 99%","code":"nữ trang 99%"},{"buy":"37,004.00","sell":"39,004.00","company":"SJC","brand":"Hồ Chí Minh","updated":"2021-07-16 08:46:26","brand1":"HCM","day":"20210716","id":"8463903","type":"Vàng nữ trang 75%","code":"nữ trang 75%"},{"buy":"28,352.00","sell":"30,352.00","company":"SJC","brand":"Hồ Chí Minh","updated":"2021-07-16 08:46:26","brand1":"HCM","day":"20210716","id":"8463904","type":"Vàng nữ trang 58,3%","code":"nữ trang 58,3%"},{"buy":"19,753.00","sell":"21,753.00","company":"SJC","brand":"Hồ Chí Minh","updated":"2021-07-16 08:46:26","brand1":"HCM","day":"20210716","id":"8463905","type":"Vàng nữ trang 41,7%","code":"nữ trang 41,7%"},{"buy":"56,850.00","sell":"57,550.00","company":"DOJI","brand":"","updated":"2021-07-16 17:01:00","brand1":"","day":"20210716","id":"8466354","type":"AVPL \/ DOJI CT buôn","code":"AVPL \/  CT buôn"},{"buy":"56,850.00","sell":"57,550.00","company":"DOJI","brand":"","updated":"2021-07-16 17:01:00","brand1":"","day":"20210716","id":"8466353","type":"AVPL \/ DOJI CT lẻ","code":"AVPL \/  CT"},{"buy":"56,850.00","sell":"57,600.00","company":"DOJI","brand":"Hồ Chí Minh","updated":"2021-07-16 17:01:00","brand1":"HCM","day":"20210716","id":"8466348","type":"AVPL \/ DOJI HCM buôn","code":"AVPL \/   buôn"},{"buy":"56,850.00","sell":"57,500.00","company":"DOJI","brand":"Hồ Chí Minh","updated":"2021-07-16 17:01:00","brand1":"HCM","day":"20210716","id":"8466347","type":"AVPL \/ DOJI HCM lẻ","code":"AVPL \/"},{"buy":"56,750.00","sell":"57,550.00","company":"DOJI","brand":"","updated":"2021-07-16 17:01:00","brand1":"","day":"20210716","id":"8466350","type":"AVPL \/ DOJI ĐN buôn","code":"AVPL \/  ĐN buôn"},{"buy":"56,750.00","sell":"57,550.00","company":"DOJI","brand":"","updated":"2021-07-16 17:01:00","brand1":"","day":"20210716","id":"8466349","type":"AVPL \/ DOJI ĐN lẻ","code":"AVPL \/  ĐN"},{"buy":"56,750.00","sell":"57,500.00","company":"DOJI","brand":"Hà Nội","updated":"2021-07-16 17:01:00","brand1":"HN","day":"20210716","id":"8466346","type":"AVPL \/ DOJI HN buôn","code":"AVPL \/   buôn"},{"buy":"56,750.00","sell":"57,500.00","company":"DOJI","brand":"Hà Nội","updated":"2021-07-16 17:01:00","brand1":"HN","day":"20210716","id":"8466345","type":"AVPL \/ DOJI HN lẻ","code":"AVPL \/"},{"buy":"51,400.00","sell":"51,600.00","company":"DOJI","brand":"Hà Nội","updated":"2021-07-16 17:01:00","brand1":"HN","day":"20210716","id":"8466351","type":"Nguyên liêu 9999 - HN","code":"Nguyên liêu 9999 -"},{"buy":"51,350.00","sell":"51,550.00","company":"DOJI","brand":"Hà Nội","updated":"2021-07-16 17:01:00","brand1":"HN","day":"20210716","id":"8466352","type":"Nguyên liêu 999 - HN","code":"Nguyên liêu 999 -"},{"buy":"5,685.00","sell":"5,750.00","company":"DOJI","brand":"Hồ Chí Minh","updated":"2021-07-16 17:01:00","brand1":"HCM","day":"20210716","id":"8466333","type":"Kim Ngưu","code":"Kim Ngưu"},{"buy":"5,685.00","sell":"5,750.00","company":"DOJI","brand":"Hồ Chí Minh","updated":"2021-07-16 17:01:00","brand1":"HCM","day":"20210716","id":"8466334","type":"Kim Thần Tài","code":"Kim Thần Tài"},{"buy":"5,685.00","sell":"5,750.00","company":"DOJI","brand":"Hồ Chí Minh","updated":"2021-07-16 17:01:00","brand1":"HCM","day":"20210716","id":"8466335","type":"Lộc Phát Tài","code":"Lộc Phát Tài"},{"buy":"5,675.00","sell":"5,755.00","company":"DOJI","brand":"","updated":"2021-07-16 17:01:00","brand1":"","day":"20210716","id":"8466325","type":"Kim Thần Tài","code":"Kim Thần Tài"},{"buy":"5,675.00","sell":"5,755.00","company":"DOJI","brand":"","updated":"2021-07-16 17:01:00","brand1":"","day":"20210716","id":"8466324","type":"Lộc Phát Tài","code":"Lộc Phát Tài"},{"buy":"5,675.00","sell":"5,750.00","company":"DOJI","brand":"Hà Nội","updated":"2021-07-16 17:01:00","brand1":"HN","day":"20210716","id":"8466311","type":"Kim Ngân Tài","code":"Kim Ngân Tài"},{"buy":"5,675.00","sell":"5,750.00","company":"DOJI","brand":"Hà Nội","updated":"2021-07-16 17:01:00","brand1":"HN","day":"20210716","id":"8466308","type":"Kim Ngưu","code":"Kim Ngưu"},{"buy":"5,675.00","sell":"5,750.00","company":"DOJI","brand":"Hà Nội","updated":"2021-07-16 17:01:00","brand1":"HN","day":"20210716","id":"8466309","type":"Kim Thần Tài","code":"Kim Thần Tài"},{"buy":"5,675.00","sell":"5,750.00","company":"DOJI","brand":"Hà Nội","updated":"2021-07-16 17:01:00","brand1":"HN","day":"20210716","id":"8466310","type":"Lộc Phát Tài","code":"Lộc Phát Tài"},{"buy":"5,145.00","sell":"5,190.00","company":"DOJI","brand":"Hà Nội","updated":"2021-07-16 17:01:00","brand1":"HN","day":"20210716","id":"8466312","type":"Hưng Thịnh Vượng","code":"Hưng Thịnh Vượng"},{"buy":"5,145.00","sell":"5,165.00","company":"DOJI","brand":"Hồ Chí Minh","updated":"2021-07-16 17:01:00","brand1":"HCM","day":"20210716","id":"8466337","type":"Nguyên liệu 9999","code":"Nguyên liệu 9999"},{"buy":"5,145.00","sell":"5,190.00","company":"DOJI","brand":"Hồ Chí Minh","updated":"2021-07-16 17:01:00","brand1":"HCM","day":"20210716","id":"8466336","type":"Nhẫn H.T.V","code":"Nhẫn H.T.V"},{"buy":"5,140.00","sell":"5,160.00","company":"DOJI","brand":"Hà Nội","updated":"2021-07-16 17:01:00","brand1":"HN","day":"20210716","id":"8466313","type":"Nguyên liệu 99.99","code":"Nguyên liệu 99.99"},{"buy":"5,140.00","sell":"5,160.00","company":"DOJI","brand":"Hồ Chí Minh","updated":"2021-07-16 17:01:00","brand1":"HCM","day":"20210716","id":"8466338","type":"Nguyên liệu 999","code":"Nguyên liệu 999"},{"buy":"5,138.00","sell":"5,157.00","company":"DOJI","brand":"","updated":"2021-07-16 17:01:00","brand1":"","day":"20210716","id":"8466323","type":"Nguyên liệu 999","code":"Nguyên liệu 999"},{"buy":"5,138.00","sell":"5,162.00","company":"DOJI","brand":"","updated":"2021-07-16 17:01:00","brand1":"","day":"20210716","id":"8466322","type":"Nguyên liệu 9999","code":"Nguyên liệu 9999"},{"buy":"5,135.00","sell":"5,155.00","company":"DOJI","brand":"Hà Nội","updated":"2021-07-16 17:01:00","brand1":"HN","day":"20210716","id":"8466314","type":"Nguyên liệu 99.9","code":"Nguyên liệu 99.9"},{"buy":"5,110.00","sell":"5,190.00","company":"DOJI","brand":"Hà Nội","updated":"2021-07-16 17:01:00","brand1":"HN","day":"20210716","id":"8466315","type":"Nữ trang 99.99","code":"Nữ trang 99.99"},{"buy":"5,110.00","sell":"5,190.00","company":"DOJI","brand":"Hồ Chí Minh","updated":"2021-07-16 17:01:00","brand1":"HCM","day":"20210716","id":"8466339","type":"Nữ trang 99.99","code":"Nữ trang 99.99"},{"buy":"5,110.00","sell":"5,190.00","company":"DOJI","brand":"Nhẫn DOJI Hưng Thịnh Vượng","updated":"2021-07-16 17:01:00","brand1":"NDHTV","day":"20210716","id":"8466326","type":"Nữ trang 99.99","code":"Nữ trang 99.99"},{"buy":"5,100.00","sell":"5,180.00","company":"DOJI","brand":"Hà Nội","updated":"2021-07-16 17:01:00","brand1":"HN","day":"20210716","id":"8466316","type":"Nữ trang 99.9","code":"Nữ trang 99.9"},{"buy":"5,100.00","sell":"5,180.00","company":"DOJI","brand":"Hồ Chí Minh","updated":"2021-07-16 17:01:00","brand1":"HCM","day":"20210716","id":"8466340","type":"Nữ trang 99.9","code":"Nữ trang 99.9"},{"buy":"5,100.00","sell":"5,180.00","company":"DOJI","brand":"Nhẫn DOJI Hưng Thịnh Vượng","updated":"2021-07-16 17:01:00","brand1":"NDHTV","day":"20210716","id":"8466327","type":"Nữ trang 99.9","code":"Nữ trang 99.9"},{"buy":"5,030.00","sell":"5,145.00","company":"DOJI","brand":"Hà Nội","updated":"2021-07-16 17:01:00","brand1":"HN","day":"20210716","id":"8466317","type":"Nữ trang 99","code":"Nữ trang 99"},{"buy":"5,030.00","sell":"5,145.00","company":"DOJI","brand":"Hồ Chí Minh","updated":"2021-07-16 17:01:00","brand1":"HCM","day":"20210716","id":"8466341","type":"Nữ trang 99","code":"Nữ trang 99"},{"buy":"5,030.00","sell":"5,145.00","company":"DOJI","brand":"Nhẫn DOJI Hưng Thịnh Vượng","updated":"2021-07-16 17:01:00","brand1":"NDHTV","day":"20210716","id":"8466328","type":"Nữ trang 99","code":"Nữ trang 99"},{"buy":"3,793.00","sell":"3,993.00","company":"DOJI","brand":"Hà Nội","updated":"2021-07-16 17:01:00","brand1":"HN","day":"20210716","id":"8466318","type":"Nữ trang 18k","code":"Nữ trang 18k"},{"buy":"3,793.00","sell":"3,993.00","company":"DOJI","brand":"Hồ Chí Minh","updated":"2021-07-16 17:01:00","brand1":"HCM","day":"20210716","id":"8466342","type":"Nữ Trang 18k","code":"Nữ Trang 18k"},{"buy":"3,793.00","sell":"3,993.00","company":"DOJI","brand":"Nhẫn DOJI Hưng Thịnh Vượng","updated":"2021-07-16 17:01:00","brand1":"NDHTV","day":"20210716","id":"8466329","type":"Nữ trang 18k","code":"Nữ trang 18k"},{"buy":"3,396.00","sell":"3,696.00","company":"DOJI","brand":"Hà Nội","updated":"2021-07-16 17:01:00","brand1":"HN","day":"20210716","id":"8466319","type":"Nữ trang 16k","code":"Nữ trang 16k"},{"buy":"3,396.00","sell":"3,696.00","company":"DOJI","brand":"Nhẫn DOJI Hưng Thịnh Vượng","updated":"2021-07-16 17:01:00","brand1":"NDHTV","day":"20210716","id":"8466330","type":"Nữ trang 68","code":"Nữ trang 68"},{"buy":"2,848.00","sell":"3,048.00","company":"DOJI","brand":"Hà Nội","updated":"2021-07-16 17:01:00","brand1":"HN","day":"20210716","id":"8466320","type":"Nữ trang 14k","code":"Nữ trang 14k"},{"buy":"2,848.00","sell":"3,048.00","company":"DOJI","brand":"Hồ Chí Minh","updated":"2021-07-16 17:01:00","brand1":"HCM","day":"20210716","id":"8466343","type":"Nữ Trang 14k","code":"Nữ Trang 14k"},{"buy":"2,848.00","sell":"3,048.00","company":"DOJI","brand":"Nhẫn DOJI Hưng Thịnh Vượng","updated":"2021-07-16 17:01:00","brand1":"NDHTV","day":"20210716","id":"8466331","type":"Nữ trang 14k","code":"Nữ trang 14k"},{"buy":"2,718.00","sell":"2,788.00","company":"DOJI","brand":"Hồ Chí Minh","updated":"2021-07-16 17:01:00","brand1":"HCM","day":"20210716","id":"8466344","type":"Nữ trang 68","code":"Nữ trang 68"},{"buy":"1,426.00","sell":"1,576.00","company":"DOJI","brand":"Hà Nội","updated":"2021-07-16 17:01:00","brand1":"HN","day":"20210716","id":"8466321","type":"Nữ trang 10k","code":"Nữ trang 10k"},{"buy":"1,426.00","sell":"1,576.00","company":"DOJI","brand":"Nhẫn DOJI Hưng Thịnh Vượng","updated":"2021-07-16 17:01:00","brand1":"NDHTV","day":"20210716","id":"8466332","type":"Nữ trang 10k","code":"Nữ trang 10k"},{"buy":"56,900.00","sell":"57,600.00","company":"3BANKS","brand":"SCB","updated":"2021-07-16 00:33:17","brand1":"SCB","day":"20210716","id":"8461572","type":"SJC","code":"SJC"},{"buy":"56,750.00","sell":"57,520.00","company":"3BANKS","brand":"VIETINBANK GOLD","updated":"2021-07-16 08:59:44","brand1":"VG","day":"20210716","id":"8463948","type":"SJC","code":"SJC"},{"buy":"56,550.00","sell":"57,850.00","company":"3BANKS","brand":"MARITIME BANK","updated":"2021-07-16 09:10:10","brand1":"MB","day":"20210716","id":"8463966","type":"SJC","code":"SJC"},{"buy":"52,900.00","sell":"53,900.00","company":"3BANKS","brand":"SACOMBANK","updated":"2021-07-16 18:06:43","brand1":"S","day":"20210716","id":"8469319","type":"SJC","code":"JC"},{"buy":"56,950.00","sell":"57,250.00","company":"2GROUP","brand":"Mi Hồng SJC","updated":"2021-07-16 00:07:27","brand1":"MHS","day":"20210716","id":"8461511","type":"SJC","code":"SJC"},{"buy":"56,950.00","sell":"57,500.00","company":"2GROUP","brand":"PHÚ QUÝ SJC","updated":"2021-07-16 11:45:18","brand1":"PQS","day":"20210716","id":"8465035","type":"SJC","code":"SJC"},{"buy":"56,750.00","sell":"57,500.00","company":"2GROUP","brand":"PNJ SJC","updated":"2021-07-16 08:54:28","brand1":"PS","day":"20210716","id":"8463940","type":"SJC","code":"SJC"},{"buy":"51,700.00","sell":"53,100.00","company":"2GROUP","brand":"PNJ 1L","updated":"2021-07-16 13:33:20","brand1":"P1","day":"20210716","id":"8465630","type":"SJC","code":"SJC"},{"buy":"1,824.80","sell":"1,825.80","company":"2GROUP","brand":"SPOT GOLD","updated":"2021-07-16 20:41:55","brand1":"SG","day":"20210716","id":"8469978","type":"SJC","code":"SJC"},{"buy":"71.93","sell":"71.93","company":"2GROUP","brand":"OIL","updated":"2021-07-16 20:41:55","brand1":"OIL","day":"20210716","id":"8469979","type":"SJC","code":"SJC"},{"buy":"51,500.00","sell":"52,100.00","company":"1OTHER","brand":"PNJ Nhẫn 24K","updated":"2021-07-16 13:33:20","brand1":"PN2","day":"20210716","id":"8465632","type":"SJC","code":"SJC"},{"buy":"51,450.00","sell":"52,150.00","company":"1OTHER","brand":"Nhẫn PHÚ QUÝ 24K","updated":"2021-07-16 18:06:43","brand1":"NPQ2","day":"20210716","id":"8469318","type":"SJC","code":"SJC"},{"buy":"51,400.00","sell":"52,100.00","company":"1OTHER","brand":"Nhẫn SJC 99,99","updated":"2021-07-16 08:46:26","brand1":"NS9","day":"20210716","id":"8463899","type":"SJC*","code":"SJC*"},{"buy":"51,100.00","sell":"51,450.00","company":"1OTHER","brand":"Mi Hồng 999","updated":"2021-07-16 00:07:27","brand1":"MH9","day":"20210716","id":"8461512","type":"SJC","code":"SJC"},{"buy":"51,000.00","sell":"51,800.00","company":"1OTHER","brand":"PNJ NT 24K","updated":"2021-07-16 13:33:20","brand1":"PN2","day":"20210716","id":"8465631","type":"SJC","code":"SJC"},{"buy":"50,100.00","sell":"51,100.00","company":"1OTHER","brand":"Mi Hồng 985","updated":"2021-07-16 00:07:27","brand1":"MH9","day":"20210716","id":"8461513","type":"SJC","code":"SJC"},{"buy":"49,900.00","sell":"50,900.00","company":"1OTHER","brand":"Mi Hồng 980","updated":"2021-07-16 00:07:27","brand1":"MH9","day":"20210716","id":"8461514","type":"SJC","code":"SJC"},{"buy":"37,600.00","sell":"39,000.00","company":"1OTHER","brand":"PNJ NT 18K","updated":"2021-07-16 13:33:20","brand1":"PN1","day":"20210716","id":"8465633","type":"SJC","code":"SJC"},{"buy":"33,700.00","sell":"35,700.00","company":"1OTHER","brand":"Mi Hồng 750","updated":"2021-07-16 00:07:27","brand1":"MH7","day":"20210716","id":"8461516","type":"SJC","code":"SJC"},{"buy":"31,000.00","sell":"32,700.00","company":"1OTHER","brand":"Mi Hồng 680","updated":"2021-07-16 00:07:27","brand1":"MH6","day":"20210716","id":"8461517","type":"SJC","code":"SJC"},{"buy":"30,000.00","sell":"31,700.00","company":"1OTHER","brand":"Mi Hồng 610","updated":"2021-07-16 00:07:27","brand1":"MH6","day":"20210716","id":"8461518","type":"SJC","code":"SJC"},{"buy":"29,050.00","sell":"30,450.00","company":"1OTHER","brand":"PNJ NT 14K","updated":"2021-07-16 13:33:20","brand1":"PN1","day":"20210716","id":"8465634","type":"SJC","code":"SJC"},{"buy":"20,300.00","sell":"21,700.00","company":"1OTHER","brand":"PNJ NT 10K","updated":"2021-07-16 13:33:20","brand1":"PN1","day":"20210716","id":"8465635","type":"SJC","code":"SJC"},{"buy":"0.00","sell":"48,200.00","company":"1OTHER","brand":"Mi Hồng 950","updated":"2021-07-16 00:07:27","brand1":"MH9","day":"20210716","id":"8461515","type":"SJC","code":"SJC"},{"buy":"31,865.12","sell":"31,865.12","company":"1Coin","brand":"Bitcoin","updated":"2021-07-16 20:43:13","brand1":"B","day":"20210716","id":"8469980","type":"BTC","code":"TC"},{"buy":"31,784.00","sell":"31,784.00","company":"1Coin","brand":"Wrapped Bitcoin","updated":"2021-07-16 20:33:05","brand1":"WB","day":"20210716","id":"8469969","type":"WBTC","code":"TC"},{"buy":"31,428.85","sell":"31,428.85","company":"1Coin","brand":"Bitcoin BEP2","updated":"2021-07-16 20:02:37","brand1":"BB","day":"20210716","id":"8469580","type":"BTCB","code":"BTCB"},{"buy":"31,363.24","sell":"31,363.24","company":"1Coin","brand":"Huobi BTC","updated":"2021-07-16 20:03:00","brand1":"HB","day":"20210716","id":"8469757","type":"HBTC","code":"TC"},{"buy":"31,343.91","sell":"31,343.91","company":"1Coin","brand":"renBTC","updated":"2021-07-16 20:02:46","brand1":"r","day":"20210716","id":"8469660","type":"RENBTC","code":"RENBTC"},{"buy":"29,002.35","sell":"29,002.35","company":"1Coin","brand":"yearn.finance","updated":"2021-07-16 20:02:41","brand1":"y","day":"20210716","id":"8469615","type":"YFI","code":"YFI"},{"buy":"2,463.61","sell":"2,463.61","company":"1Coin","brand":"Maker","updated":"2021-07-16 20:02:36","brand1":"M","day":"20210716","id":"8469578","type":"MKR","code":"KR"},{"buy":"2,333.93","sell":"2,333.93","company":"1Coin","brand":"DFI.Money","updated":"2021-07-16 20:03:11","brand1":"D","day":"20210716","id":"8469827","type":"YFII","code":"YFII"},{"buy":"1,908.03","sell":"1,908.03","company":"1Coin","brand":"Ethereum","updated":"2021-07-16 20:43:14","brand1":"E","day":"20210716","id":"8469981","type":"ETH","code":"TH"},{"buy":"1,908.03","sell":"1,908.03","company":"1Coin","brand":"Ethereum 2","updated":"2021-07-16 20:43:14","brand1":"E2","day":"20210716","id":"8469982","type":"ETH2","code":"ETH2"},{"buy":"1,869.23","sell":"1,869.23","company":"1Coin","brand":"stETH","updated":"2021-07-16 20:03:02","brand1":"s","day":"20210716","id":"8469758","type":"STETH","code":"STETH"},{"buy":"1,829.15","sell":"1,829.15","company":"1Coin","brand":"PAX Gold","updated":"2021-07-16 20:03:00","brand1":"PG","day":"20210716","id":"8469750","type":"PAXG","code":"PAXG"},{"buy":"631.51","sell":"631.51","company":"1Coin","brand":"Venus BTC","updated":"2021-07-16 20:03:07","brand1":"VB","day":"20210716","id":"8469801","type":"VBTC","code":"TC"},{"buy":"447.68","sell":"447.68","company":"1Coin","brand":"Bitcoin Cash","updated":"2021-07-16 20:43:15","brand1":"BC","day":"20210716","id":"8469986","type":"BCH","code":"H"},{"buy":"385.74","sell":"385.74","company":"1Coin","brand":"Compound","updated":"2021-07-16 20:02:37","brand1":"C","day":"20210716","id":"8469586","type":"COMP","code":"OMP"},{"buy":"310.09","sell":"310.09","company":"1Coin","brand":"Binance Coin","updated":"2021-07-16 20:43:14","brand1":"BC","day":"20210716","id":"8469983","type":"BNB","code":"BNB"},{"buy":"305.17","sell":"305.17","company":"1Coin","brand":"Wrapped BNB","updated":"2021-07-16 20:03:00","brand1":"WB","day":"20210716","id":"8469755","type":"WBNB","code":"NB"},{"buy":"266.97","sell":"266.97","company":"1Coin","brand":"Aave","updated":"2021-07-16 20:43:16","brand1":"Aave","day":"20210716","id":"8469996","type":"AAVE","code":"AAVE"},{"buy":"266.66","sell":"266.66","company":"1Coin","brand":"Alchemix","updated":"2021-07-16 20:03:15","brand1":"A","day":"20210716","id":"8469882","type":"ALCX","code":"LCX"},{"buy":"197.01","sell":"197.01","company":"1Coin","brand":"Monero","updated":"2021-07-16 20:43:16","brand1":"M","day":"20210716","id":"8469994","type":"XMR","code":"XR"},{"buy":"187.59","sell":"187.59","company":"1Coin","brand":"Kusama","updated":"2021-07-16 20:02:38","brand1":"K","day":"20210716","id":"8469591","type":"KSM","code":"SM"},{"buy":"177.96","sell":"177.96","company":"1Coin","brand":"Gnosis","updated":"2021-07-16 20:02:49","brand1":"G","day":"20210716","id":"8469671","type":"GNO","code":"NO"},{"buy":"176.79","sell":"176.79","company":"1Coin","brand":"Cream Finance","updated":"2021-07-16 20:03:07","brand1":"CF","day":"20210716","id":"8469809","type":"CREAM","code":"CREAM"},{"buy":"124.97","sell":"124.97","company":"1Coin","brand":"Bitcoin SV","updated":"2021-07-16 20:02:37","brand1":"BS","day":"20210716","id":"8469579","type":"BSV","code":"V"},{"buy":"123.69","sell":"123.69","company":"1Coin","brand":"Litecoin","updated":"2021-07-16 20:43:15","brand1":"L","day":"20210716","id":"8469987","type":"LTC","code":"TC"},{"buy":"116.39","sell":"116.39","company":"1Coin","brand":"Dash","updated":"2021-07-16 20:02:41","brand1":"Dash","day":"20210716","id":"8469607","type":"DASH","code":"DASH"},{"buy":"114.05","sell":"114.05","company":"1Coin","brand":"Decred","updated":"2021-07-16 20:02:38","brand1":"D","day":"20210716","id":"8469592","type":"DCR","code":"CR"},{"buy":"108.61","sell":"108.61","company":"1Coin","brand":"Illuvium","updated":"2021-07-16 20:03:16","brand1":"I","day":"20210716","id":"8469888","type":"ILV","code":"LV"},{"buy":"102.98","sell":"102.98","company":"1Coin","brand":"Counos X","updated":"2021-07-16 20:03:00","brand1":"CX","day":"20210716","id":"8469756","type":"CCXX","code":"CX"},{"buy":"94.21","sell":"94.21","company":"1Coin","brand":"Zcash","updated":"2021-07-16 20:02:41","brand1":"Z","day":"20210716","id":"8469610","type":"ZEC","code":"EC"},{"buy":"77.59","sell":"77.59","company":"1Coin","brand":"Elrond","updated":"2021-07-16 20:02:38","brand1":"E","day":"20210716","id":"8469596","type":"EGLD","code":"GLD"},{"buy":"75.51","sell":"75.51","company":"1Coin","brand":"Enzyme","updated":"2021-07-16 20:02:58","brand1":"E","day":"20210716","id":"8469744","type":"MLN","code":"MLN"},{"buy":"72.31","sell":"72.31","company":"1Coin","brand":"NXM","updated":"2021-07-16 20:03:03","brand1":"NXM","day":"20210716","id":"8469768","type":"NXM","code":""},{"buy":"71.56","sell":"71.56","company":"1Coin","brand":"Quant","updated":"2021-07-16 20:02:42","brand1":"Q","day":"20210716","id":"8469626","type":"QNT","code":"NT"},{"buy":"50.97","sell":"50.97","company":"1Coin","brand":"Horizen","updated":"2021-07-16 20:02:45","brand1":"H","day":"20210716","id":"8469647","type":"ZEN","code":"ZEN"},{"buy":"49.72","sell":"49.72","company":"1Coin","brand":"Wrapped NXM","updated":"2021-07-16 20:03:12","brand1":"WN","day":"20210716","id":"8469861","type":"WNXM","code":"XM"},{"buy":"47.06","sell":"47.06","company":"1Coin","brand":"Filecoin","updated":"2021-07-16 20:43:16","brand1":"F","day":"20210716","id":"8469993","type":"FIL","code":"IL"},{"buy":"42.51","sell":"42.51","company":"1Coin","brand":"Ethereum Classic","updated":"2021-07-16 20:43:15","brand1":"EC","day":"20210716","id":"8469990","type":"ETC","code":"ETC"},{"buy":"38.79","sell":"38.79","company":"1Coin","brand":"Strike","updated":"2021-07-16 20:03:00","brand1":"S","day":"20210716","id":"8469753","type":"STRK","code":"TRK"},{"buy":"38.52","sell":"38.52","company":"1Coin","brand":"Bitcoin Gold","updated":"2021-07-16 20:02:43","brand1":"BG","day":"20210716","id":"8469643","type":"BTG","code":"BTG"},{"buy":"37.53","sell":"37.53","company":"1Coin","brand":"Venus ETH","updated":"2021-07-16 20:03:15","brand1":"VE","day":"20210716","id":"8469878","type":"VETH","code":"TH"},{"buy":"34.37","sell":"34.37","company":"1Coin","brand":"Internet Computer","updated":"2021-07-16 20:43:16","brand1":"IC","day":"20210716","id":"8469991","type":"ICP","code":"P"},{"buy":"30.33","sell":"30.33","company":"1Coin","brand":"Numeraire","updated":"2021-07-16 20:02:55","brand1":"N","day":"20210716","id":"8469725","type":"NMR","code":"MR"},{"buy":"30.29","sell":"30.29","company":"1Coin","brand":"Neo","updated":"2021-07-16 20:02:37","brand1":"Neo","day":"20210716","id":"8469585","type":"NEO","code":"NEO"},{"buy":"27.95","sell":"27.95","company":"1Coin","brand":"Solana","updated":"2021-07-16 20:43:15","brand1":"S","day":"20210716","id":"8469988","type":"SOL","code":"OL"},{"buy":"24.27","sell":"24.27","company":"1Coin","brand":"Bitcoin Cash ABC","updated":"2021-07-16 20:03:03","brand1":"BCA","day":"20210716","id":"8469770","type":"BCHA","code":"BCHA"},{"buy":"24.20","sell":"24.20","company":"1Coin","brand":"BarnBridge","updated":"2021-07-16 20:03:12","brand1":"B","day":"20210716","id":"8469835","type":"BOND","code":"OND"},{"buy":"23.73","sell":"23.73","company":"1Coin","brand":"FTX Token","updated":"2021-07-16 20:02:37","brand1":"FT","day":"20210716","id":"8469583","type":"FTT","code":"T"},{"buy":"21.82","sell":"21.82","company":"1Coin","brand":"Axie Infinity Shards","updated":"2021-07-16 20:02:39","brand1":"AIS","day":"20210716","id":"8469601","type":"AXS","code":"AXS"},{"buy":"20.34","sell":"20.34","company":"1Coin","brand":"Augur","updated":"2021-07-16 20:02:50","brand1":"A","day":"20210716","id":"8469681","type":"REP","code":"REP"},{"buy":"20.34","sell":"20.34","company":"1Coin","brand":"REPv2","updated":"2021-07-16 20:02:50","brand1":"R","day":"20210716","id":"8469684","type":"REPV2","code":"EPV2"},{"buy":"18.11","sell":"18.11","company":"1Coin","brand":"Balancer","updated":"2021-07-16 20:02:59","brand1":"B","day":"20210716","id":"8469745","type":"BAL","code":"AL"},{"buy":"16.94","sell":"16.94","company":"1Coin","brand":"Flow","updated":"2021-07-16 20:02:42","brand1":"Flow","day":"20210716","id":"8469623","type":"FLOW","code":"FLOW"},{"buy":"16.66","sell":"16.66","company":"1Coin","brand":"Uniswap","updated":"2021-07-16 20:43:14","brand1":"U","day":"20210716","id":"8469985","type":"UNI","code":"NI"},{"buy":"16.64","sell":"16.64","company":"1Coin","brand":"Uquid Coin","updated":"2021-07-16 20:02:54","brand1":"UC","day":"20210716","id":"8469720","type":"UQC","code":"UQC"},{"buy":"16.53","sell":"16.53","company":"1Coin","brand":"Venus","updated":"2021-07-16 20:02:54","brand1":"V","day":"20210716","id":"8469716","type":"XVS","code":"XS"},{"buy":"15.67","sell":"15.67","company":"1Coin","brand":"KLAYswap Protocol","updated":"2021-07-16 20:03:07","brand1":"KP","day":"20210716","id":"8469805","type":"KSP","code":"KSP"},{"buy":"15.64","sell":"15.64","company":"1Coin","brand":"Chainlink","updated":"2021-07-16 20:43:15","brand1":"C","day":"20210716","id":"8469989","type":"LINK","code":"LINK"},{"buy":"14.69","sell":"14.69","company":"1Coin","brand":"Ampleforth Governance Token","updated":"2021-07-16 20:03:07","brand1":"AGT","day":"20210716","id":"8469806","type":"FORTH","code":"FORTH"},{"buy":"14.68","sell":"14.68","company":"1Coin","brand":"Bitcoin Standard Hashrate Token","updated":"2021-07-16 20:02:54","brand1":"BSHT","day":"20210716","id":"8469719","type":"BTCST","code":"BTCST"},{"buy":"13.62","sell":"13.62","company":"1Coin","brand":"Waves","updated":"2021-07-16 20:02:38","brand1":"W","day":"20210716","id":"8469599","type":"WAVES","code":"AVES"},{"buy":"13.08","sell":"13.08","company":"1Coin","brand":"PancakeSwap","updated":"2021-07-16 20:02:36","brand1":"P","day":"20210716","id":"8469573","type":"CAKE","code":"CAKE"},{"buy":"12.74","sell":"12.74","company":"1Coin","brand":"Polkadot","updated":"2021-07-16 20:43:14","brand1":"P","day":"20210716","id":"8469984","type":"DOT","code":"DOT"},{"buy":"12.41","sell":"12.41","company":"1Coin","brand":"Livepeer","updated":"2021-07-16 20:02:49","brand1":"L","day":"20210716","id":"8469677","type":"LPT","code":"PT"},{"buy":"11.72","sell":"11.72","company":"1Coin","brand":"Cosmos","updated":"2021-07-16 20:02:36","brand1":"C","day":"20210716","id":"8469576","type":"ATOM","code":"ATOM"},{"buy":"11.49","sell":"11.49","company":"1Coin","brand":"Prometeus","updated":"2021-07-16 20:02:53","brand1":"P","day":"20210716","id":"8469709","type":"PROM","code":"ROM"},{"buy":"11.19","sell":"11.19","company":"1Coin","brand":"Avalanche","updated":"2021-07-16 20:02:37","brand1":"A","day":"20210716","id":"8469589","type":"AVAX","code":"VX"},{"buy":"10.91","sell":"10.91","company":"1Coin","brand":"OKB","updated":"2021-07-16 20:02:43","brand1":"OKB","day":"20210716","id":"8469645","type":"OKB","code":""},{"buy":"10.76","sell":"10.76","company":"1Coin","brand":"NewYork Exchange","updated":"2021-07-16 20:03:15","brand1":"NE","day":"20210716","id":"8469879","type":"NYE","code":"NYE"},{"buy":"10.65","sell":"10.65","company":"1Coin","brand":"Helium","updated":"2021-07-16 20:02:42","brand1":"H","day":"20210716","id":"8469621","type":"HNT","code":"NT"},{"buy":"10.45","sell":"10.45","company":"1Coin","brand":"KuCoin Token","updated":"2021-07-16 20:02:42","brand1":"KT","day":"20210716","id":"8469629","type":"KCS","code":"KCS"},{"buy":"10.30","sell":"10.30","company":"1Coin","brand":"The Transfer Token","updated":"2021-07-16 18:01:08","brand1":"TTT","day":"20210716","id":"8467456","type":"TTT","code":""},{"buy":"10.03","sell":"10.03","company":"1Coin","brand":"MCO","updated":"2021-07-16 20:02:55","brand1":"MCO","day":"20210716","id":"8469724","type":"MCO","code":""},{"buy":"10.00","sell":"10.00","company":"1Coin","brand":"Rocket Pool","updated":"2021-07-16 20:03:08","brand1":"RP","day":"20210716","id":"8469810","type":"RPL","code":"L"},{"buy":"9.20","sell":"9.20","company":"1Coin","brand":"Synthetix Network Token","updated":"2021-07-16 20:02:41","brand1":"SNT","day":"20210716","id":"8469617","type":"SNX","code":"SNX"},{"buy":"8.90","sell":"8.90","company":"1Coin","brand":"Arweave","updated":"2021-07-16 20:02:47","brand1":"A","day":"20210716","id":"8469667","type":"AR","code":"R"},{"buy":"8.83","sell":"8.83","company":"1Coin","brand":"Huobi Token","updated":"2021-07-16 20:02:38","brand1":"HT","day":"20210716","id":"8469593","type":"HT","code":""},{"buy":"8.50","sell":"8.50","company":"1Coin","brand":"UMA","updated":"2021-07-16 20:02:46","brand1":"UMA","day":"20210716","id":"8469652","type":"UMA","code":""},{"buy":"7.77","sell":"7.77","company":"1Coin","brand":"Perpetual Protocol","updated":"2021-07-16 20:03:03","brand1":"PP","day":"20210716","id":"8469777","type":"PERP","code":"PERP"},{"buy":"7.71","sell":"7.71","company":"1Coin","brand":"Ethernity Chain","updated":"2021-07-16 20:03:11","brand1":"EC","day":"20210716","id":"8469833","type":"ERN","code":"ERN"},{"buy":"7.51","sell":"7.51","company":"1Coin","brand":"Badger DAO","updated":"2021-07-16 20:03:16","brand1":"BD","day":"20210716","id":"8469884","type":"BADGER","code":"BADGER"},{"buy":"6.92","sell":"6.92","company":"1Coin","brand":"Injective Protocol","updated":"2021-07-16 20:02:51","brand1":"IP","day":"20210716","id":"8469698","type":"INJ","code":"INJ"},{"buy":"6.90","sell":"6.90","company":"1Coin","brand":"TitanSwap","updated":"2021-07-16 20:03:03","brand1":"T","day":"20210716","id":"8469774","type":"TITAN","code":"IAN"},{"buy":"6.80","sell":"6.80","company":"1Coin","brand":"Zelwin","updated":"2021-07-16 20:03:03","brand1":"Z","day":"20210716","id":"8469767","type":"ZLW","code":"LW"},{"buy":"6.48","sell":"6.48","company":"1Coin","brand":"Dero","updated":"2021-07-16 20:03:17","brand1":"Dero","day":"20210716","id":"8469910","type":"DERO","code":"DERO"},{"buy":"6.43","sell":"6.43","company":"1Coin","brand":"Terra","updated":"2021-07-16 20:02:36","brand1":"T","day":"20210716","id":"8469570","type":"LUNA","code":"LUNA"},{"buy":"6.40","sell":"6.40","company":"1Coin","brand":"SushiSwap","updated":"2021-07-16 20:02:42","brand1":"S","day":"20210716","id":"8469630","type":"SUSHI","code":"UHI"},{"buy":"6.39","sell":"6.39","company":"1Coin","brand":"MyNeighborAlice","updated":"2021-07-16 20:02:59","brand1":"M","day":"20210716","id":"8469749","type":"ALICE","code":"ALICE"},{"buy":"6.23","sell":"6.23","company":"1Coin","brand":"Venus BNB","updated":"2021-07-16 20:03:03","brand1":"VB","day":"20210716","id":"8469766","type":"VBNB","code":"NB"},{"buy":"5.97","sell":"5.97","company":"1Coin","brand":"Persistence","updated":"2021-07-16 20:03:04","brand1":"P","day":"20210716","id":"8469790","type":"XPRT","code":"XRT"},{"buy":"5.91","sell":"5.91","company":"1Coin","brand":"LUKSO","updated":"2021-07-16 20:03:11","brand1":"L","day":"20210716","id":"8469830","type":"LYXE","code":"YXE"},{"buy":"5.64","sell":"5.64","company":"1Coin","brand":"Qtum","updated":"2021-07-16 20:02:45","brand1":"Qtum","day":"20210716","id":"8469648","type":"QTUM","code":"QTUM"},{"buy":"5.42","sell":"5.42","company":"1Coin","brand":"Band Protocol","updated":"2021-07-16 20:02:53","brand1":"BP","day":"20210716","id":"8469711","type":"BAND","code":"BAND"},{"buy":"5.20","sell":"5.20","company":"1Coin","brand":"Ergo","updated":"2021-07-16 20:02:55","brand1":"Ergo","day":"20210716","id":"8469721","type":"ERG","code":"ERG"},{"buy":"5.20","sell":"5.20","company":"1Coin","brand":"Gitcoin","updated":"2021-07-16 19:03:16","brand1":"G","day":"20210716","id":"8469885","type":"GTC","code":"TC"},{"buy":"5.06","sell":"5.06","company":"1Coin","brand":"Celsius","updated":"2021-07-16 20:02:41","brand1":"C","day":"20210716","id":"8469606","type":"CEL","code":"EL"},{"buy":"4.99","sell":"4.99","company":"1Coin","brand":"Energy Web Token","updated":"2021-07-16 20:02:56","brand1":"EWT","day":"20210716","id":"8469726","type":"EWT","code":""},{"buy":"4.77","sell":"4.77","company":"1Coin","brand":"THORChain","updated":"2021-07-16 20:02:41","brand1":"T","day":"20210716","id":"8469612","type":"RUNE","code":"RUNE"},{"buy":"4.58","sell":"4.58","company":"1Coin","brand":"THETA","updated":"2021-07-16 20:43:16","brand1":"T","day":"20210716","id":"8469992","type":"THETA","code":"HEA"},{"buy":"4.47","sell":"4.47","company":"1Coin","brand":"INO COIN","updated":"2021-07-16 20:03:02","brand1":"IC","day":"20210716","id":"8469764","type":"INO","code":"INO"},{"buy":"4.38","sell":"4.38","company":"1Coin","brand":"Orion Protocol","updated":"2021-07-16 20:03:07","brand1":"OP","day":"20210716","id":"8469802","type":"ORN","code":"ORN"},{"buy":"3.79","sell":"3.79","company":"1Coin","brand":"Nano","updated":"2021-07-16 20:02:46","brand1":"Nano","day":"20210716","id":"8469656","type":"NANO","code":"NANO"},{"buy":"3.77","sell":"3.77","company":"1Coin","brand":"Kava.io","updated":"2021-07-16 20:02:49","brand1":"K","day":"20210716","id":"8469674","type":"KAVA","code":"AVA"},{"buy":"3.74","sell":"3.74","company":"1Coin","brand":"OMG Network","updated":"2021-07-16 20:02:46","brand1":"ON","day":"20210716","id":"8469655","type":"OMG","code":"OMG"},{"buy":"3.64","sell":"3.64","company":"1Coin","brand":"EOS","updated":"2021-07-16 20:43:16","brand1":"EOS","day":"20210716","id":"8469995","type":"EOS","code":""},{"buy":"3.45","sell":"3.45","company":"1Coin","brand":"Aragon","updated":"2021-07-16 20:02:58","brand1":"A","day":"20210716","id":"8469741","type":"ANT","code":"NT"},{"buy":"3.44","sell":"3.44","company":"1Coin","brand":"Litentry","updated":"2021-07-16 00:04:17","brand1":"L","day":"20210716","id":"8460890","type":"LIT","code":"IT"},{"buy":"3.21","sell":"3.21","company":"1Coin","brand":"Mirror Protocol","updated":"2021-07-16 18:01:10","brand1":"MP","day":"20210716","id":"8467547","type":"MIR","code":"MIR"},{"buy":"2.96","sell":"2.96","company":"1Coin","brand":"UNUS SED LEO","updated":"2021-07-16 20:22:56","brand1":"USL","day":"20210716","id":"8469956","type":"LEO","code":"LEO"},{"buy":"2.91","sell":"2.91","company":"1Coin","brand":"GateToken","updated":"2021-07-16 20:02:50","brand1":"G","day":"20210716","id":"8469685","type":"GT","code":"T"},{"buy":"2.88","sell":"2.88","company":"1Coin","brand":"Hellenic Coin","updated":"2021-07-16 00:04:06","brand1":"HC","day":"20210716","id":"8460857","type":"HNC","code":"HNC"},{"buy":"2.84","sell":"2.84","company":"1Coin","brand":"Bancor Network Token","updated":"2021-07-16 20:02:43","brand1":"BNT","day":"20210716","id":"8469644","type":"BNT","code":""},{"buy":"2.79","sell":"2.79","company":"1Coin","brand":"Elitium","updated":"2021-07-16 18:01:24","brand1":"E","day":"20210716","id":"8468587","type":"EUM","code":"UM"},{"buy":"2.79","sell":"2.79","company":"1Coin","brand":"Raydium","updated":"2021-07-16 20:03:06","brand1":"R","day":"20210716","id":"8469800","type":"RAY","code":"AY"},{"buy":"2.69","sell":"2.69","company":"1Coin","brand":"Serum","updated":"2021-07-16 20:02:58","brand1":"S","day":"20210716","id":"8469743","type":"SRM","code":"RM"},{"buy":"2.56","sell":"2.56","company":"1Coin","brand":"Dawn Protocol","updated":"2021-07-16 20:03:05","brand1":"DP","day":"20210716","id":"8469794","type":"DAWN","code":"DAWN"},{"buy":"2.52","sell":"2.52","company":"1Coin","brand":"Akash Network","updated":"2021-07-16 20:03:06","brand1":"AN","day":"20210716","id":"8469795","type":"AKT","code":"AKT"},{"buy":"2.49","sell":"2.49","company":"1Coin","brand":"iExec RLC","updated":"2021-07-16 19:02:51","brand1":"iR","day":"20210716","id":"8469700","type":"RLC","code":"RLC"},{"buy":"2.49","sell":"2.49","company":"1Coin","brand":"Tezos","updated":"2021-07-16 19:02:37","brand1":"T","day":"20210716","id":"8469584","type":"XTZ","code":"XZ"},{"buy":"2.46","sell":"2.46","company":"1Coin","brand":"Celo","updated":"2021-07-16 20:02:43","brand1":"Celo","day":"20210716","id":"8469646","type":"CGLD","code":"CGLD"},{"buy":"2.41","sell":"2.41","company":"1Coin","brand":"CRYPTO20","updated":"2021-07-16 18:03:10","brand1":"C","day":"20210716","id":"8469823","type":"C20","code":"20"},{"buy":"2.36","sell":"2.36","company":"1Coin","brand":"TomoChain","updated":"2021-07-16 19:02:51","brand1":"T","day":"20210716","id":"8469701","type":"TOMO","code":"OMO"},{"buy":"2.25","sell":"2.25","company":"1Coin","brand":"Lisk","updated":"2021-07-16 20:02:47","brand1":"Lisk","day":"20210716","id":"8469670","type":"LSK","code":"LSK"},{"buy":"2.22","sell":"2.22","company":"1Coin","brand":"Tokenlon Network Token","updated":"2021-07-16 20:03:11","brand1":"TNT","day":"20210716","id":"8469834","type":"LON","code":"LON"},{"buy":"2.12","sell":"2.12","company":"1Coin","brand":"Pirate Chain","updated":"2021-07-16 20:03:03","brand1":"PC","day":"20210716","id":"8469773","type":"ARRR","code":"ARRR"},{"buy":"2.05","sell":"2.05","company":"1Coin","brand":"Creditcoin","updated":"2021-07-16 20:03:02","brand1":"C","day":"20210716","id":"8469761","type":"CTC","code":"T"},{"buy":"2.01","sell":"2.01","company":"1Coin","brand":"1inch","updated":"2021-07-16 20:02:47","brand1":"1","day":"20210716","id":"8469661","type":"1INCH","code":"INCH"},{"buy":"2.00","sell":"2.00","company":"1Coin","brand":"DeFiChain","updated":"2021-07-16 18:03:02","brand1":"D","day":"20210716","id":"8469765","type":"DFI","code":"FI"},{"buy":"1.98","sell":"1.98","company":"1Coin","brand":"BakeryToken","updated":"2021-07-16 20:02:45","brand1":"B","day":"20210716","id":"8469650","type":"BAKE","code":"AKE"},{"buy":"1.97","sell":"1.97","company":"1Coin","brand":"Travala.com","updated":"2021-07-16 20:03:10","brand1":"T","day":"20210716","id":"8469819","type":"AVA","code":"AVA"},{"buy":"1.93","sell":"1.93","company":"1Coin","brand":"Anchor Protocol","updated":"2021-07-16 20:03:06","brand1":"AP","day":"20210716","id":"8469799","type":"ANC","code":"ANC"},{"buy":"1.93","sell":"1.93","company":"1Coin","brand":"KOK","updated":"2021-07-16 20:03:04","brand1":"KOK","day":"20210716","id":"8469787","type":"KOK","code":""},{"buy":"1.86","sell":"1.86","company":"1Coin","brand":"NEAR Protocol","updated":"2021-07-16 20:02:42","brand1":"NP","day":"20210716","id":"8469638","type":"NEAR","code":"NEAR"},{"buy":"1.86","sell":"1.86","company":"1Coin","brand":"Voyager Token","updated":"2021-07-16 18:00:53","brand1":"VT","day":"20210716","id":"8466900","type":"VGX","code":"VGX"},{"buy":"1.84","sell":"1.84","company":"1Coin","brand":"botXcoin","updated":"2021-07-16 08:01:39","brand1":"b","day":"20210716","id":"8463042","type":"BOTX","code":"BOTX"},{"buy":"1.74","sell":"1.74","company":"1Coin","brand":"Bitcoin Diamond","updated":"2021-07-16 20:02:47","brand1":"BD","day":"20210716","id":"8469664","type":"BCD","code":"BCD"},{"buy":"1.65","sell":"1.65","company":"1Coin","brand":"Swipe","updated":"2021-07-16 18:02:54","brand1":"S","day":"20210716","id":"8469715","type":"SXP","code":"XP"},{"buy":"1.58","sell":"1.58","company":"1Coin","brand":"Populous","updated":"2021-07-16 19:03:12","brand1":"P","day":"20210716","id":"8469837","type":"PPT","code":"T"},{"buy":"1.54","sell":"1.54","company":"1Coin","brand":"Tokocrypto","updated":"2021-07-16 20:03:06","brand1":"T","day":"20210716","id":"8469798","type":"TKO","code":"KO"},{"buy":"1.46","sell":"1.46","company":"1Coin","brand":"Mdex","updated":"2021-07-16 20:02:42","brand1":"Mdex","day":"20210716","id":"8469635","type":"MDX","code":"MDX"},{"buy":"1.46","sell":"1.46","company":"1Coin","brand":"Metal","updated":"2021-07-16 18:03:11","brand1":"M","day":"20210716","id":"8469824","type":"MTL","code":"TL"},{"buy":"1.43","sell":"1.43","company":"1Coin","brand":"Curve DAO Token","updated":"2021-07-16 18:00:52","brand1":"CDT","day":"20210716","id":"8466827","type":"CRV","code":"CRV"},{"buy":"1.43","sell":"1.43","company":"1Coin","brand":"Stratis","updated":"2021-07-16 20:02:52","brand1":"S","day":"20210716","id":"8469704","type":"STRAX","code":"TRAX"},{"buy":"1.42","sell":"1.42","company":"1Coin","brand":"Nexo","updated":"2021-07-16 20:02:42","brand1":"Nexo","day":"20210716","id":"8469632","type":"NEXO","code":"NEXO"},{"buy":"1.34","sell":"1.34","company":"1Coin","brand":"Oxygen","updated":"2021-07-16 20:03:15","brand1":"O","day":"20210716","id":"8469877","type":"OXY","code":"XY"},{"buy":"1.32","sell":"1.32","company":"1Coin","brand":"Kyber Network","updated":"2021-07-16 20:02:49","brand1":"KN","day":"20210716","id":"8469676","type":"KNC","code":"C"},{"buy":"1.26","sell":"1.26","company":"1Coin","brand":"Enjin Coin","updated":"2021-07-16 20:02:41","brand1":"EC","day":"20210716","id":"8469620","type":"ENJ","code":"ENJ"},{"buy":"1.25","sell":"1.25","company":"1Coin","brand":"MiL.k","updated":"2021-07-16 20:03:10","brand1":"M","day":"20210716","id":"8469822","type":"MLK","code":"LK"},{"buy":"1.23","sell":"1.23","company":"1Coin","brand":"MonaCoin","updated":"2021-07-16 20:03:14","brand1":"M","day":"20210716","id":"8469874","type":"MONA","code":"ONA"},{"buy":"1.20","sell":"1.20","company":"1Coin","brand":"Cardano","updated":"2021-07-16 20:12:43","brand1":"C","day":"20210716","id":"8469919","type":"ADA","code":"ADA"},{"buy":"1.20","sell":"1.20","company":"1Coin","brand":"Unibright","updated":"2021-07-16 20:02:54","brand1":"U","day":"20210716","id":"8469714","type":"UBT","code":"BT"},{"buy":"1.18","sell":"1.18","company":"1Coin","brand":"STASIS EURO","updated":"2021-07-16 18:01:06","brand1":"SE","day":"20210716","id":"8467419","type":"EURS","code":"EURS"},{"buy":"1.14","sell":"1.14","company":"1Coin","brand":"Stacks","updated":"2021-07-16 20:02:40","brand1":"S","day":"20210716","id":"8469603","type":"STX","code":"TX"},{"buy":"1.11","sell":"1.11","company":"1Coin","brand":"XeniosCoin","updated":"2021-07-16 20:03:12","brand1":"X","day":"20210716","id":"8469838","type":"XNC","code":"NC"},{"buy":"1.08","sell":"1.08","company":"1Coin","brand":"Mina","updated":"2021-07-16 20:02:52","brand1":"Mina","day":"20210716","id":"8469707","type":"MINA","code":"MINA"},{"buy":"1.02","sell":"1.02","company":"1Coin","brand":"Audius","updated":"2021-07-16 18:01:15","brand1":"A","day":"20210716","id":"8467669","type":"AUDIO","code":"UDIO"},{"buy":"1.02","sell":"1.02","company":"1Coin","brand":"MATH","updated":"2021-07-16 05:05:27","brand1":"MATH","day":"20210716","id":"8465328","type":"MATH","code":""},{"buy":"1.01","sell":"1.01","company":"1Coin","brand":"DODO","updated":"2021-07-16 20:02:59","brand1":"DODO","day":"20210716","id":"8469748","type":"DODO","code":""},{"buy":"1.01","sell":"1.01","company":"1Coin","brand":"Liquity USD","updated":"2021-07-16 08:01:41","brand1":"LU","day":"20210716","id":"8463075","type":"LUSD","code":"SD"},{"buy":"1.00","sell":"1.00","company":"1Coin","brand":"Fei Protocol","updated":"2021-07-16 06:01:39","brand1":"FP","day":"20210716","id":"8463043","type":"FEI","code":"FEI"},{"buy":"1.00","sell":"1.00","company":"1Coin","brand":"Frax","updated":"2021-07-16 09:03:25","brand1":"Frax","day":"20210716","id":"8464570","type":"FRAX","code":"FRAX"},{"buy":"0.99","sell":"0.99","company":"1Coin","brand":"Sologenic","updated":"2021-07-16 18:01:11","brand1":"S","day":"20210716","id":"8467554","type":"SOLO","code":"OLO"},{"buy":"0.98","sell":"0.98","company":"1Coin","brand":"Pundi X[new]","updated":"2021-07-16 18:01:10","brand1":"PX","day":"20210716","id":"8467541","type":"PUNDIX","code":"PUNDIX"},{"buy":"0.97","sell":"0.97","company":"1Coin","brand":"Polkastarter","updated":"2021-07-16 19:03:17","brand1":"P","day":"20210716","id":"8469889","type":"POLS","code":"OLS"},{"buy":"0.95","sell":"0.95","company":"1Coin","brand":"Ampleforth","updated":"2021-07-16 18:01:05","brand1":"A","day":"20210716","id":"8467380","type":"AMPL","code":"MPL"},{"buy":"0.93","sell":"0.93","company":"1Coin","brand":"WazirX","updated":"2021-07-16 18:00:54","brand1":"W","day":"20210716","id":"8466951","type":"WRX","code":"RX"},{"buy":"0.91","sell":"0.91","company":"1Coin","brand":"HedgeTrade","updated":"2021-07-16 20:03:04","brand1":"H","day":"20210716","id":"8469786","type":"HEDG","code":"EDG"},{"buy":"0.90","sell":"0.90","company":"1Coin","brand":"Klaytn","updated":"2021-07-16 18:00:45","brand1":"K","day":"20210716","id":"8466547","type":"KLAY","code":"LAY"},{"buy":"0.88","sell":"0.88","company":"1Coin","brand":"Ark","updated":"2021-07-16 18:01:05","brand1":"Ark","day":"20210716","id":"8467388","type":"ARK","code":"ARK"},{"buy":"0.87","sell":"0.87","company":"1Coin","brand":"WhiteCoin","updated":"2021-07-16 18:01:09","brand1":"W","day":"20210716","id":"8467464","type":"XWC","code":"XC"},{"buy":"0.85","sell":"0.85","company":"1Coin","brand":"Bitpanda Ecosystem Token","updated":"2021-07-16 19:03:04","brand1":"BET","day":"20210716","id":"8469783","type":"BEST","code":"BEST"},{"buy":"0.84","sell":"0.84","company":"1Coin","brand":"Polygon","updated":"2021-07-16 20:12:44","brand1":"P","day":"20210716","id":"8469929","type":"MATIC","code":"MATIC"},{"buy":"0.81","sell":"0.81","company":"1Coin","brand":"Storj","updated":"2021-07-16 18:00:57","brand1":"S","day":"20210716","id":"8467024","type":"STORJ","code":"TORJ"},{"buy":"0.80","sell":"0.80","company":"1Coin","brand":"Origin Token","updated":"2021-07-16 20:02:50","brand1":"OT","day":"20210716","id":"8469678","type":"OGN","code":"OGN"},{"buy":"0.79","sell":"0.79","company":"1Coin","brand":"Algorand","updated":"2021-07-16 18:00:44","brand1":"A","day":"20210716","id":"8466511","type":"ALGO","code":"LGO"},{"buy":"0.75","sell":"0.75","company":"1Coin","brand":"Ontology Gas","updated":"2021-07-16 14:00:58","brand1":"OG","day":"20210716","id":"8467045","type":"ONG","code":"ONG"},{"buy":"0.75","sell":"0.75","company":"1Coin","brand":"Phala.Network","updated":"2021-07-16 18:01:02","brand1":"P","day":"20210716","id":"8467299","type":"PHA","code":"HA"},{"buy":"0.74","sell":"0.74","company":"1Coin","brand":"ICON","updated":"2021-07-16 20:02:46","brand1":"ICON","day":"20210716","id":"8469657","type":"ICX","code":"ICX"},{"buy":"0.72","sell":"0.72","company":"1Coin","brand":"SafePal","updated":"2021-07-16 19:03:14","brand1":"S","day":"20210716","id":"8469876","type":"SFP","code":"FP"},{"buy":"0.71","sell":"0.71","company":"1Coin","brand":"Doctors Coin","updated":"2021-07-16 18:01:14","brand1":"DC","day":"20210716","id":"8467615","type":"DRS","code":"DRS"},{"buy":"0.67","sell":"0.67","company":"1Coin","brand":"ZKSwap","updated":"2021-07-16 18:01:04","brand1":"Z","day":"20210716","id":"8467326","type":"ZKS","code":"KS"},{"buy":"0.66","sell":"0.66","company":"1Coin","brand":"IOTA","updated":"2021-07-16 18:00:45","brand1":"IOTA","day":"20210716","id":"8466579","type":"MIOTA","code":"M"},{"buy":"0.66","sell":"0.66","company":"1Coin","brand":"Komodo","updated":"2021-07-16 18:01:21","brand1":"K","day":"20210716","id":"8468526","type":"KMD","code":"MD"},{"buy":"0.65","sell":"0.65","company":"1Coin","brand":"RNDR Token","updated":"2021-07-16 20:03:08","brand1":"RT","day":"20210716","id":"8469816","type":"RNDR","code":"RNDR"},{"buy":"0.63","sell":"0.63","company":"1Coin","brand":"0x","updated":"2021-07-16 20:02:45","brand1":"0x","day":"20210716","id":"8469651","type":"ZRX","code":"ZRX"},{"buy":"0.63","sell":"0.63","company":"1Coin","brand":"Decentraland","updated":"2021-07-16 20:02:41","brand1":"D","day":"20210716","id":"8469613","type":"MANA","code":"MANA"},{"buy":"0.62","sell":"0.62","company":"1Coin","brand":"Ellipsis","updated":"2021-07-16 10:03:39","brand1":"E","day":"20210716","id":"8464733","type":"EPS","code":"PS"},{"buy":"0.62","sell":"0.62","company":"1Coin","brand":"Ontology","updated":"2021-07-16 18:00:52","brand1":"O","day":"20210716","id":"8466819","type":"ONT","code":"NT"},{"buy":"0.60","sell":"0.60","company":"1Coin","brand":"Orbit Chain","updated":"2021-07-16 18:01:10","brand1":"OC","day":"20210716","id":"8467523","type":"ORC","code":"ORC"},{"buy":"0.59","sell":"0.59","company":"1Coin","brand":"The Graph","updated":"2021-07-16 18:00:45","brand1":"TG","day":"20210716","id":"8466587","type":"GRT","code":"GRT"},{"buy":"0.59","sell":"0.59","company":"1Coin","brand":"XRP","updated":"2021-07-16 18:51:30","brand1":"XRP","day":"20210716","id":"8469406","type":"XRP","code":""},{"buy":"0.57","sell":"0.57","company":"1Coin","brand":"Tribe","updated":"2021-07-16 06:01:45","brand1":"T","day":"20210716","id":"8463170","type":"TRIBE","code":"RIBE"},{"buy":"0.56","sell":"0.56","company":"1Coin","brand":"MaidSafeCoin","updated":"2021-07-16 10:03:12","brand1":"M","day":"20210716","id":"8464415","type":"MAID","code":"AID"},{"buy":"0.56","sell":"0.56","company":"1Coin","brand":"Newscrypto","updated":"2021-07-16 18:01:19","brand1":"N","day":"20210716","id":"8467839","type":"NWC","code":"WC"},{"buy":"0.54","sell":"0.54","company":"1Coin","brand":"Alpha Finance Lab","updated":"2021-07-16 18:01:01","brand1":"AFL","day":"20210716","id":"8467219","type":"ALPHA","code":"ALPHA"},{"buy":"0.53","sell":"0.53","company":"1Coin","brand":"SwissBorg","updated":"2021-07-16 18:00:52","brand1":"S","day":"20210716","id":"8466845","type":"CHSB","code":"CHB"},{"buy":"0.52","sell":"0.52","company":"1Coin","brand":"Hxro","updated":"2021-07-16 20:02:59","brand1":"Hxro","day":"20210716","id":"8469746","type":"HXRO","code":"HXRO"},{"buy":"0.51","sell":"0.51","company":"1Coin","brand":"Basic Attention Token","updated":"2021-07-16 15:02:43","brand1":"BAT","day":"20210716","id":"8469641","type":"BAT","code":""},{"buy":"0.51","sell":"0.51","company":"1Coin","brand":"Wanchain","updated":"2021-07-16 18:01:16","brand1":"W","day":"20210716","id":"8467718","type":"WAN","code":"AN"},{"buy":"0.50","sell":"0.50","company":"1Coin","brand":"The Sandbox","updated":"2021-07-16 18:00:54","brand1":"TS","day":"20210716","id":"8466912","type":"SAND","code":"SAND"},{"buy":"0.49","sell":"0.49","company":"1Coin","brand":"Ultra","updated":"2021-07-16 20:02:56","brand1":"U","day":"20210716","id":"8469740","type":"UOS","code":"OS"},{"buy":"0.47","sell":"0.47","company":"1Coin","brand":"Rally","updated":"2021-07-16 18:01:16","brand1":"R","day":"20210716","id":"8467712","type":"RLY","code":"LY"},{"buy":"0.44","sell":"0.44","company":"1Coin","brand":"Wootrade","updated":"2021-07-16 20:02:51","brand1":"W","day":"20210716","id":"8469688","type":"WOO","code":"OO"},{"buy":"0.43","sell":"0.43","company":"1Coin","brand":"Automata Network","updated":"2021-07-16 19:03:15","brand1":"AN","day":"20210716","id":"8469881","type":"ATA","code":"ATA"},{"buy":"0.43","sell":"0.43","company":"1Coin","brand":"Cartesi","updated":"2021-07-16 20:02:55","brand1":"C","day":"20210716","id":"8469723","type":"CTSI","code":"TSI"},{"buy":"0.43","sell":"0.43","company":"1Coin","brand":"Hathor","updated":"2021-07-16 12:05:36","brand1":"H","day":"20210716","id":"8465408","type":"HTR","code":"TR"},{"buy":"0.41","sell":"0.41","company":"1Coin","brand":"Rakon","updated":"2021-07-16 20:03:08","brand1":"R","day":"20210716","id":"8469813","type":"RKN","code":"KN"},{"buy":"0.39","sell":"0.39","company":"1Coin","brand":"Ocean Protocol","updated":"2021-07-16 18:00:57","brand1":"OP","day":"20210716","id":"8467018","type":"OCEAN","code":"OCEAN"},{"buy":"0.38","sell":"0.38","company":"1Coin","brand":"Steem","updated":"2021-07-16 20:02:56","brand1":"S","day":"20210716","id":"8469727","type":"STEEM","code":"TEEM"},{"buy":"0.33","sell":"0.33","company":"1Coin","brand":"Trust Wallet Token","updated":"2021-07-16 18:01:21","brand1":"TWT","day":"20210716","id":"8468561","type":"TWT","code":""},{"buy":"0.33","sell":"0.33","company":"1Coin","brand":"Venus XVS","updated":"2021-07-16 18:01:25","brand1":"VX","day":"20210716","id":"8468632","type":"VXVS","code":"VS"},{"buy":"0.32","sell":"0.32","company":"1Coin","brand":"AllianceBlock","updated":"2021-07-16 18:01:26","brand1":"A","day":"20210716","id":"8468714","type":"ALBT","code":"LBT"},{"buy":"0.31","sell":"0.31","company":"1Coin","brand":"Ren","updated":"2021-07-16 17:00:54","brand1":"Ren","day":"20210716","id":"8466931","type":"REN","code":"REN"},{"buy":"0.30","sell":"0.30","company":"1Coin","brand":"Hive","updated":"2021-07-16 18:01:05","brand1":"Hive","day":"20210716","id":"8467344","type":"HIVE","code":"HIVE"},{"buy":"0.27","sell":"0.27","company":"1Coin","brand":"Function X","updated":"2021-07-16 18:01:25","brand1":"FX","day":"20210716","id":"8468664","type":"FX","code":""},{"buy":"0.27","sell":"0.27","company":"1Coin","brand":"Golem","updated":"2021-07-16 18:00:56","brand1":"G","day":"20210716","id":"8466961","type":"GNT","code":"NT"},{"buy":"0.27","sell":"0.27","company":"1Coin","brand":"Keep Network","updated":"2021-07-16 18:01:14","brand1":"KN","day":"20210716","id":"8467635","type":"KEEP","code":"KEEP"},{"buy":"0.27","sell":"0.27","company":"1Coin","brand":"Orchid","updated":"2021-07-16 18:01:00","brand1":"O","day":"20210716","id":"8467118","type":"OXT","code":"XT"},{"buy":"0.27","sell":"0.27","company":"1Coin","brand":"Theta Fuel","updated":"2021-07-16 18:00:46","brand1":"TF","day":"20210716","id":"8466637","type":"TFUEL","code":"UEL"},{"buy":"0.26","sell":"0.26","company":"1Coin","brand":"Small Love Potion","updated":"2021-07-16 20:02:56","brand1":"SLP","day":"20210716","id":"8469730","type":"SLP","code":""},{"buy":"0.24","sell":"0.24","company":"1Coin","brand":"Chiliz","updated":"2021-07-16 18:00:46","brand1":"C","day":"20210716","id":"8466625","type":"CHZ","code":"HZ"},{"buy":"0.24","sell":"0.24","company":"1Coin","brand":"Stellar Lumens","updated":"2021-07-16 17:30:13","brand1":"SL","day":"20210716","id":"8466409","type":"XLM","code":"XLM"},{"buy":"0.23","sell":"0.23","company":"1Coin","brand":"Chromia","updated":"2021-07-16 18:01:18","brand1":"C","day":"20210716","id":"8467762","type":"CHR","code":"HR"},{"buy":"0.23","sell":"0.23","company":"1Coin","brand":"OriginTrail","updated":"2021-07-16 18:01:21","brand1":"O","day":"20210716","id":"8468512","type":"TRAC","code":"TRAC"},{"buy":"0.23","sell":"0.23","company":"1Coin","brand":"Sapphire","updated":"2021-07-16 18:01:15","brand1":"S","day":"20210716","id":"8467663","type":"SAPP","code":"APP"},{"buy":"0.22","sell":"0.22","company":"1Coin","brand":"Loopring","updated":"2021-07-16 06:01:28","brand1":"L","day":"20210716","id":"8462830","type":"LRC","code":"RC"},{"buy":"0.21","sell":"0.21","company":"1Coin","brand":"Civic","updated":"2021-07-16 17:01:02","brand1":"C","day":"20210716","id":"8467267","type":"CVC","code":"V"},{"buy":"0.21","sell":"0.21","company":"1Coin","brand":"Conflux Network","updated":"2021-07-16 18:01:00","brand1":"CN","day":"20210716","id":"8467139","type":"CFX","code":"CFX"},{"buy":"0.21","sell":"0.21","company":"1Coin","brand":"Fetch.ai","updated":"2021-07-16 18:01:01","brand1":"F","day":"20210716","id":"8467194","type":"FET","code":"ET"},{"buy":"0.21","sell":"0.21","company":"1Coin","brand":"NuCypher","updated":"2021-07-16 16:01:02","brand1":"N","day":"20210716","id":"8467284","type":"NU","code":"U"},{"buy":"0.20","sell":"0.20","company":"1Coin","brand":"Alien Worlds","updated":"2021-07-16 19:03:04","brand1":"AW","day":"20210716","id":"8469791","type":"TLM","code":"TLM"},{"buy":"0.20","sell":"0.20","company":"1Coin","brand":"Empty Set Dollar","updated":"2021-07-16 10:03:34","brand1":"ESD","day":"20210716","id":"8464669","type":"ESD","code":""},{"buy":"0.20","sell":"0.20","company":"1Coin","brand":"Fantom","updated":"2021-07-16 18:00:53","brand1":"F","day":"20210716","id":"8466884","type":"FTM","code":"TM"},{"buy":"0.20","sell":"0.20","company":"1Coin","brand":"NKN","updated":"2021-07-16 18:01:02","brand1":"NKN","day":"20210716","id":"8467293","type":"NKN","code":""},{"buy":"0.20","sell":"0.20","company":"1Coin","brand":"SKALE","updated":"2021-07-16 18:00:57","brand1":"S","day":"20210716","id":"8466998","type":"SKL","code":"KL"},{"buy":"0.19","sell":"0.19","company":"1Coin","brand":"SingularityNET","updated":"2021-07-16 18:01:01","brand1":"S","day":"20210716","id":"8467168","type":"AGIX","code":"AGIX"},{"buy":"0.18","sell":"0.18","company":"1Coin","brand":"aelf","updated":"2021-07-16 18:01:18","brand1":"aelf","day":"20210716","id":"8467756","type":"ELF","code":"ELF"},{"buy":"0.18","sell":"0.18","company":"1Coin","brand":"Dogecoin","updated":"2021-07-16 15:29:08","brand1":"D","day":"20210716","id":"8466234","type":"DOGE","code":"OGE"},{"buy":"0.18","sell":"0.18","company":"1Coin","brand":"Hedera Hashgraph","updated":"2021-07-16 00:03:46","brand1":"HH","day":"20210716","id":"8460759","type":"HBAR","code":"HBAR"},{"buy":"0.18","sell":"0.18","company":"1Coin","brand":"Utrust","updated":"2021-07-16 11:03:13","brand1":"U","day":"20210716","id":"8469872","type":"UTK","code":"TK"},{"buy":"0.17","sell":"0.17","company":"1Coin","brand":"HEX","updated":"2021-07-16 19:03:00","brand1":"HEX","day":"20210716","id":"8469754","type":"HEX","code":""},{"buy":"0.17","sell":"0.17","company":"1Coin","brand":"Polymath","updated":"2021-07-16 18:01:15","brand1":"P","day":"20210716","id":"8467690","type":"POLY","code":"OLY"},{"buy":"0.17","sell":"0.17","company":"1Coin","brand":"Power Ledger","updated":"2021-07-16 18:01:25","brand1":"PL","day":"20210716","id":"8468642","type":"POWR","code":"POWR"},{"buy":"0.16","sell":"0.16","company":"1Coin","brand":"Constellation","updated":"2021-07-16 15:02:51","brand1":"C","day":"20210716","id":"8469697","type":"DAG","code":"DAG"},{"buy":"0.15","sell":"0.15","company":"1Coin","brand":"Qcash","updated":"2021-07-16 00:00:00","brand1":"Q","day":"20210716","id":"8468715","type":"QC","code":"C"},{"buy":"0.14","sell":"0.14","company":"1Coin","brand":"Ardor","updated":"2021-07-16 18:01:02","brand1":"A","day":"20210716","id":"8467256","type":"ARDR","code":"RDR"},{"buy":"0.14","sell":"0.14","company":"1Coin","brand":"district0x","updated":"2021-07-16 20:03:12","brand1":"d","day":"20210716","id":"8469859","type":"DNT","code":"DNT"},{"buy":"0.14","sell":"0.14","company":"1Coin","brand":"NEM","updated":"2021-07-16 08:01:17","brand1":"NEM","day":"20210716","id":"8462663","type":"XEM","code":"XEM"},{"buy":"0.12","sell":"0.12","company":"1Coin","brand":"Radix","updated":"2021-07-16 18:01:19","brand1":"R","day":"20210716","id":"8467826","type":"EXRD","code":"EXD"},{"buy":"0.12","sell":"0.12","company":"1Coin","brand":"Syscoin","updated":"2021-07-16 18:01:25","brand1":"S","day":"20210716","id":"8468635","type":"SYS","code":"Y"},{"buy":"0.11","sell":"0.11","company":"1Coin","brand":"Crypto.com Coin","updated":"2021-07-16 15:08:49","brand1":"CC","day":"20210716","id":"8466156","type":"CRO","code":"CRO"},{"buy":"0.11","sell":"0.11","company":"1Coin","brand":"Metadium","updated":"2021-07-16 08:01:37","brand1":"M","day":"20210716","id":"8462998","type":"META","code":"ETA"},{"buy":"0.11","sell":"0.11","company":"1Coin","brand":"Streamr","updated":"2021-07-16 12:05:30","brand1":"S","day":"20210716","id":"8465378","type":"DATA","code":"DATA"},{"buy":"0.10","sell":"0.10","company":"1Coin","brand":"BORA","updated":"2021-07-16 18:01:21","brand1":"BORA","day":"20210716","id":"8468555","type":"BORA","code":""},{"buy":"0.09","sell":"0.09","company":"1Coin","brand":"dKargo","updated":"2021-07-16 18:01:18","brand1":"d","day":"20210716","id":"8467737","type":"DKA","code":"DKA"},{"buy":"0.08","sell":"0.08","company":"1Coin","brand":"XinFin Network","updated":"2021-07-16 18:00:49","brand1":"XN","day":"20210716","id":"8466703","type":"XDC","code":"XDC"},{"buy":"0.07","sell":"0.07","company":"1Coin","brand":"Harmony","updated":"2021-07-16 18:00:50","brand1":"H","day":"20210716","id":"8466767","type":"ONE","code":"ONE"},{"buy":"0.06","sell":"0.06","company":"1Coin","brand":"Orbs","updated":"2021-07-16 08:01:37","brand1":"Orbs","day":"20210716","id":"8463002","type":"ORBS","code":"ORBS"},{"buy":"0.06","sell":"0.06","company":"1Coin","brand":"Status","updated":"2021-07-16 00:03:55","brand1":"S","day":"20210716","id":"8460813","type":"SNT","code":"NT"}]}],"time":4,"excute1_time":0,"excute2_time":3,"excute3_time":0,"count1":0,"count2":353}