
{"golds":[{"updated":"2021-07-23 08:36:38","date":"20210723","gold":[],"value":[{"buy":"56,870.00","sell":"57,550.00","company":"SJC","brand":"Long Xuyên","updated":"2021-07-23 08:36:38","brand1":"LX","day":"20210723","id":"8524294","type":"Vàng SJC","code":""},{"buy":"56,850.00","sell":"57,520.00","company":"SJC","brand":"Bạc Liêu","updated":"2021-07-23 08:36:38","brand1":"BL","day":"20210723","id":"8524295","type":"Vàng SJC","code":""},{"buy":"56,850.00","sell":"57,500.00","company":"SJC","brand":"Biên Hòa","updated":"2021-07-23 08:36:38","brand1":"BH","day":"20210723","id":"8524291","type":"Vàng SJC","code":""},{"buy":"56,850.00","sell":"57,520.00","company":"SJC","brand":"Cà Mau","updated":"2021-07-23 08:36:38","brand1":"CM","day":"20210723","id":"8524288","type":"Vàng SJC","code":""},{"buy":"56,850.00","sell":"57,520.00","company":"SJC","brand":"Hà Nội","updated":"2021-07-23 08:36:38","brand1":"HN","day":"20210723","id":"8524285","type":"Vàng SJC","code":""},{"buy":"56,850.00","sell":"57,500.00","company":"SJC","brand":"Hồ Chí Minh","updated":"2021-07-23 08:36:38","brand1":"HCM","day":"20210723","id":"8524276","type":"Vàng SJC 1L","code":""},{"buy":"56,850.00","sell":"57,500.00","company":"SJC","brand":"Miền Tây","updated":"2021-07-23 08:36:38","brand1":"MT","day":"20210723","id":"8524292","type":"Vàng SJC","code":""},{"buy":"56,850.00","sell":"57,520.00","company":"SJC","brand":"Nha Trang","updated":"2021-07-23 08:36:38","brand1":"NT","day":"20210723","id":"8524287","type":"Vàng SJC","code":""},{"buy":"56,850.00","sell":"57,500.00","company":"SJC","brand":"Quãng Ngãi","updated":"2021-07-23 08:36:38","brand1":"QN","day":"20210723","id":"8524293","type":"Vàng SJC","code":""},{"buy":"56,850.00","sell":"57,520.00","company":"SJC","brand":"Đà  Nẵng","updated":"2021-07-23 08:36:38","brand1":"ĐN","day":"20210723","id":"8524286","type":"Vàng SJC","code":""},{"buy":"56,830.00","sell":"57,520.00","company":"SJC","brand":"Bình Phước","updated":"2021-07-23 08:36:38","brand1":"BP","day":"20210723","id":"8524290","type":"Vàng SJC","code":""},{"buy":"56,830.00","sell":"57,520.00","company":"SJC","brand":"Hạ Long","updated":"2021-07-23 08:36:38","brand1":"HL","day":"20210723","id":"8524298","type":"Vàng SJC","code":""},{"buy":"56,830.00","sell":"57,520.00","company":"SJC","brand":"Phan Rang","updated":"2021-07-23 08:36:38","brand1":"PR","day":"20210723","id":"8524297","type":"Vàng SJC","code":""},{"buy":"56,830.00","sell":"57,520.00","company":"SJC","brand":"Quảng Nam","updated":"2021-07-23 08:36:38","brand1":"QN","day":"20210723","id":"8524299","type":"Vàng SJC","code":""},{"buy":"56,830.00","sell":"57,520.00","company":"SJC","brand":"Quy Nhơn","updated":"2021-07-23 08:36:38","brand1":"QN","day":"20210723","id":"8524296","type":"Vàng SJC","code":""},{"buy":"56,820.00","sell":"57,530.00","company":"SJC","brand":"Huế","updated":"2021-07-23 08:36:38","brand1":"Huế","day":"20210723","id":"8524289","type":"Vàng SJC","code":""},{"buy":"51,100.00","sell":"51,900.00","company":"SJC","brand":"Hồ Chí Minh","updated":"2021-07-23 08:36:38","brand1":"HCM","day":"20210723","id":"8524279","type":"Vàng nhẫn SJC 99,99 0,5 chỉ","code":"nhẫn  99,99 0,5 chỉ"},{"buy":"51,100.00","sell":"51,800.00","company":"SJC","brand":"Hồ Chí Minh","updated":"2021-07-23 08:36:38","brand1":"HCM","day":"20210723","id":"8524277","type":"Vàng nhẫn SJC 99,99 1 chỉ, 2 chỉ, 5 chỉ","code":"nhẫn  99,99 1 chỉ, 2 chỉ, 5 chỉ"},{"buy":"50,800.00","sell":"51,500.00","company":"SJC","brand":"Hồ Chí Minh","updated":"2021-07-23 08:36:38","brand1":"HCM","day":"20210723","id":"8524280","type":"Vàng nữ trang 99,99%","code":"nữ trang 99,99%"},{"buy":"49,990.00","sell":"50,990.00","company":"SJC","brand":"Hồ Chí Minh","updated":"2021-07-23 08:36:38","brand1":"HCM","day":"20210723","id":"8524281","type":"Vàng nữ trang 99%","code":"nữ trang 99%"},{"buy":"36,779.00","sell":"38,779.00","company":"SJC","brand":"Hồ Chí Minh","updated":"2021-07-23 08:36:38","brand1":"HCM","day":"20210723","id":"8524282","type":"Vàng nữ trang 75%","code":"nữ trang 75%"},{"buy":"28,178.00","sell":"30,178.00","company":"SJC","brand":"Hồ Chí Minh","updated":"2021-07-23 08:36:38","brand1":"HCM","day":"20210723","id":"8524283","type":"Vàng nữ trang 58,3%","code":"nữ trang 58,3%"},{"buy":"19,628.00","sell":"21,628.00","company":"SJC","brand":"Hồ Chí Minh","updated":"2021-07-23 08:36:38","brand1":"HCM","day":"20210723","id":"8524284","type":"Vàng nữ trang 41,7%","code":"nữ trang 41,7%"},{"buy":"56,800.00","sell":"57,500.00","company":"DOJI","brand":"","updated":"2021-07-23 15:01:00","brand1":"","day":"20210723","id":"8525233","type":"AVPL \/ DOJI CT buôn","code":"AVPL \/  CT buôn"},{"buy":"56,800.00","sell":"57,500.00","company":"DOJI","brand":"","updated":"2021-07-23 15:01:00","brand1":"","day":"20210723","id":"8525232","type":"AVPL \/ DOJI CT lẻ","code":"AVPL \/  CT"},{"buy":"56,800.00","sell":"57,550.00","company":"DOJI","brand":"","updated":"2021-07-23 15:01:00","brand1":"","day":"20210723","id":"8525229","type":"AVPL \/ DOJI ĐN buôn","code":"AVPL \/  ĐN buôn"},{"buy":"56,800.00","sell":"57,550.00","company":"DOJI","brand":"","updated":"2021-07-23 15:01:00","brand1":"","day":"20210723","id":"8525228","type":"AVPL \/ DOJI ĐN lẻ","code":"AVPL \/  ĐN"},{"buy":"56,800.00","sell":"57,550.00","company":"DOJI","brand":"Hà Nội","updated":"2021-07-23 15:01:00","brand1":"HN","day":"20210723","id":"8525225","type":"AVPL \/ DOJI HN buôn","code":"AVPL \/   buôn"},{"buy":"56,800.00","sell":"57,550.00","company":"DOJI","brand":"Hà Nội","updated":"2021-07-23 15:01:00","brand1":"HN","day":"20210723","id":"8525224","type":"AVPL \/ DOJI HN lẻ","code":"AVPL \/"},{"buy":"56,750.00","sell":"57,500.00","company":"DOJI","brand":"Hồ Chí Minh","updated":"2021-07-23 15:01:00","brand1":"HCM","day":"20210723","id":"8525227","type":"AVPL \/ DOJI HCM buôn","code":"AVPL \/   buôn"},{"buy":"56,750.00","sell":"57,500.00","company":"DOJI","brand":"Hồ Chí Minh","updated":"2021-07-23 15:01:00","brand1":"HCM","day":"20210723","id":"8525226","type":"AVPL \/ DOJI HCM lẻ","code":"AVPL \/"},{"buy":"51,000.00","sell":"51,250.00","company":"DOJI","brand":"Hà Nội","updated":"2021-07-23 15:01:00","brand1":"HN","day":"20210723","id":"8525230","type":"Nguyên liêu 9999 - HN","code":"Nguyên liêu 9999 -"},{"buy":"50,950.00","sell":"51,200.00","company":"DOJI","brand":"Hà Nội","updated":"2021-07-23 15:01:00","brand1":"HN","day":"20210723","id":"8525231","type":"Nguyên liêu 999 - HN","code":"Nguyên liêu 999 -"},{"buy":"5,680.00","sell":"5,755.00","company":"DOJI","brand":"","updated":"2021-07-23 15:01:00","brand1":"","day":"20210723","id":"8525204","type":"Kim Thần Tài","code":"Kim Thần Tài"},{"buy":"5,680.00","sell":"5,755.00","company":"DOJI","brand":"","updated":"2021-07-23 15:01:00","brand1":"","day":"20210723","id":"8525203","type":"Lộc Phát Tài","code":"Lộc Phát Tài"},{"buy":"5,680.00","sell":"5,755.00","company":"DOJI","brand":"Hà Nội","updated":"2021-07-23 15:01:00","brand1":"HN","day":"20210723","id":"8525190","type":"Kim Ngân Tài","code":"Kim Ngân Tài"},{"buy":"5,680.00","sell":"5,755.00","company":"DOJI","brand":"Hà Nội","updated":"2021-07-23 15:01:00","brand1":"HN","day":"20210723","id":"8525187","type":"Kim Ngưu","code":"Kim Ngưu"},{"buy":"5,680.00","sell":"5,755.00","company":"DOJI","brand":"Hà Nội","updated":"2021-07-23 15:01:00","brand1":"HN","day":"20210723","id":"8525188","type":"Kim Thần Tài","code":"Kim Thần Tài"},{"buy":"5,680.00","sell":"5,755.00","company":"DOJI","brand":"Hà Nội","updated":"2021-07-23 15:01:00","brand1":"HN","day":"20210723","id":"8525189","type":"Lộc Phát Tài","code":"Lộc Phát Tài"},{"buy":"5,675.00","sell":"5,750.00","company":"DOJI","brand":"Hồ Chí Minh","updated":"2021-07-23 15:01:00","brand1":"HCM","day":"20210723","id":"8525212","type":"Kim Ngưu","code":"Kim Ngưu"},{"buy":"5,675.00","sell":"5,750.00","company":"DOJI","brand":"Hồ Chí Minh","updated":"2021-07-23 15:01:00","brand1":"HCM","day":"20210723","id":"8525213","type":"Kim Thần Tài","code":"Kim Thần Tài"},{"buy":"5,675.00","sell":"5,750.00","company":"DOJI","brand":"Hồ Chí Minh","updated":"2021-07-23 15:01:00","brand1":"HCM","day":"20210723","id":"8525214","type":"Lộc Phát Tài","code":"Lộc Phát Tài"},{"buy":"5,125.00","sell":"5,155.00","company":"DOJI","brand":"Hồ Chí Minh","updated":"2021-07-23 15:01:00","brand1":"HCM","day":"20210723","id":"8525216","type":"Nguyên liệu 9999","code":"Nguyên liệu 9999"},{"buy":"5,120.00","sell":"5,150.00","company":"DOJI","brand":"Hồ Chí Minh","updated":"2021-07-23 15:01:00","brand1":"HCM","day":"20210723","id":"8525217","type":"Nguyên liệu 999","code":"Nguyên liệu 999"},{"buy":"5,105.00","sell":"5,155.00","company":"DOJI","brand":"Hà Nội","updated":"2021-07-23 15:01:00","brand1":"HN","day":"20210723","id":"8525191","type":"Hưng Thịnh Vượng","code":"Hưng Thịnh Vượng"},{"buy":"5,105.00","sell":"5,155.00","company":"DOJI","brand":"Hồ Chí Minh","updated":"2021-07-23 15:01:00","brand1":"HCM","day":"20210723","id":"8525215","type":"Nhẫn H.T.V","code":"Nhẫn H.T.V"},{"buy":"5,100.00","sell":"5,125.00","company":"DOJI","brand":"Hà Nội","updated":"2021-07-23 15:01:00","brand1":"HN","day":"20210723","id":"8525192","type":"Nguyên liệu 99.99","code":"Nguyên liệu 99.99"},{"buy":"5,098.00","sell":"5,128.00","company":"DOJI","brand":"","updated":"2021-07-23 15:01:00","brand1":"","day":"20210723","id":"8525201","type":"Nguyên liệu 9999","code":"Nguyên liệu 9999"},{"buy":"5,095.00","sell":"5,120.00","company":"DOJI","brand":"Hà Nội","updated":"2021-07-23 15:01:00","brand1":"HN","day":"20210723","id":"8525193","type":"Nguyên liệu 99.9","code":"Nguyên liệu 99.9"},{"buy":"5,093.00","sell":"5,122.00","company":"DOJI","brand":"","updated":"2021-07-23 15:01:00","brand1":"","day":"20210723","id":"8525202","type":"Nguyên liệu 999","code":"Nguyên liệu 999"},{"buy":"5,070.00","sell":"5,155.00","company":"DOJI","brand":"Hà Nội","updated":"2021-07-23 15:01:00","brand1":"HN","day":"20210723","id":"8525194","type":"Nữ trang 99.99","code":"Nữ trang 99.99"},{"buy":"5,070.00","sell":"5,155.00","company":"DOJI","brand":"Hồ Chí Minh","updated":"2021-07-23 15:01:00","brand1":"HCM","day":"20210723","id":"8525218","type":"Nữ trang 99.99","code":"Nữ trang 99.99"},{"buy":"5,070.00","sell":"5,155.00","company":"DOJI","brand":"Nhẫn DOJI Hưng Thịnh Vượng","updated":"2021-07-23 15:01:00","brand1":"NDHTV","day":"20210723","id":"8525205","type":"Nữ trang 99.99","code":"Nữ trang 99.99"},{"buy":"5,060.00","sell":"5,145.00","company":"DOJI","brand":"Hà Nội","updated":"2021-07-23 15:01:00","brand1":"HN","day":"20210723","id":"8525195","type":"Nữ trang 99.9","code":"Nữ trang 99.9"},{"buy":"5,060.00","sell":"5,145.00","company":"DOJI","brand":"Hồ Chí Minh","updated":"2021-07-23 15:01:00","brand1":"HCM","day":"20210723","id":"8525219","type":"Nữ trang 99.9","code":"Nữ trang 99.9"},{"buy":"5,060.00","sell":"5,145.00","company":"DOJI","brand":"Nhẫn DOJI Hưng Thịnh Vượng","updated":"2021-07-23 15:01:00","brand1":"NDHTV","day":"20210723","id":"8525206","type":"Nữ trang 99.9","code":"Nữ trang 99.9"},{"buy":"4,990.00","sell":"5,110.00","company":"DOJI","brand":"Hà Nội","updated":"2021-07-23 15:01:00","brand1":"HN","day":"20210723","id":"8525196","type":"Nữ trang 99","code":"Nữ trang 99"},{"buy":"4,990.00","sell":"5,110.00","company":"DOJI","brand":"Hồ Chí Minh","updated":"2021-07-23 15:01:00","brand1":"HCM","day":"20210723","id":"8525220","type":"Nữ trang 99","code":"Nữ trang 99"},{"buy":"4,990.00","sell":"5,110.00","company":"DOJI","brand":"Nhẫn DOJI Hưng Thịnh Vượng","updated":"2021-07-23 15:01:00","brand1":"NDHTV","day":"20210723","id":"8525207","type":"Nữ trang 99","code":"Nữ trang 99"},{"buy":"3,766.00","sell":"3,966.00","company":"DOJI","brand":"Hà Nội","updated":"2021-07-23 15:01:00","brand1":"HN","day":"20210723","id":"8525197","type":"Nữ trang 18k","code":"Nữ trang 18k"},{"buy":"3,766.00","sell":"3,966.00","company":"DOJI","brand":"Hồ Chí Minh","updated":"2021-07-23 15:01:00","brand1":"HCM","day":"20210723","id":"8525221","type":"Nữ Trang 18k","code":"Nữ Trang 18k"},{"buy":"3,766.00","sell":"3,966.00","company":"DOJI","brand":"Nhẫn DOJI Hưng Thịnh Vượng","updated":"2021-07-23 15:01:00","brand1":"NDHTV","day":"20210723","id":"8525208","type":"Nữ trang 18k","code":"Nữ trang 18k"},{"buy":"3,376.00","sell":"3,676.00","company":"DOJI","brand":"Hà Nội","updated":"2021-07-23 15:01:00","brand1":"HN","day":"20210723","id":"8525198","type":"Nữ trang 16k","code":"Nữ trang 16k"},{"buy":"3,376.00","sell":"3,676.00","company":"DOJI","brand":"Nhẫn DOJI Hưng Thịnh Vượng","updated":"2021-07-23 15:01:00","brand1":"NDHTV","day":"20210723","id":"8525209","type":"Nữ trang 68","code":"Nữ trang 68"},{"buy":"2,827.00","sell":"3,027.00","company":"DOJI","brand":"Hà Nội","updated":"2021-07-23 15:01:00","brand1":"HN","day":"20210723","id":"8525199","type":"Nữ trang 14k","code":"Nữ trang 14k"},{"buy":"2,827.00","sell":"3,027.00","company":"DOJI","brand":"Hồ Chí Minh","updated":"2021-07-23 15:01:00","brand1":"HCM","day":"20210723","id":"8525222","type":"Nữ Trang 14k","code":"Nữ Trang 14k"},{"buy":"2,827.00","sell":"3,027.00","company":"DOJI","brand":"Nhẫn DOJI Hưng Thịnh Vượng","updated":"2021-07-23 15:01:00","brand1":"NDHTV","day":"20210723","id":"8525210","type":"Nữ trang 14k","code":"Nữ trang 14k"},{"buy":"2,718.00","sell":"2,788.00","company":"DOJI","brand":"Hồ Chí Minh","updated":"2021-07-23 15:01:00","brand1":"HCM","day":"20210723","id":"8525223","type":"Nữ trang 68","code":"Nữ trang 68"},{"buy":"1,426.00","sell":"1,576.00","company":"DOJI","brand":"Hà Nội","updated":"2021-07-23 15:01:00","brand1":"HN","day":"20210723","id":"8525200","type":"Nữ trang 10k","code":"Nữ trang 10k"},{"buy":"1,426.00","sell":"1,576.00","company":"DOJI","brand":"Nhẫn DOJI Hưng Thịnh Vượng","updated":"2021-07-23 15:01:00","brand1":"NDHTV","day":"20210723","id":"8525211","type":"Nữ trang 10k","code":"Nữ trang 10k"},{"buy":"56,850.00","sell":"57,520.00","company":"3BANKS","brand":"VIETINBANK GOLD","updated":"2021-07-23 11:02:03","brand1":"VG","day":"20210723","id":"8524653","type":"SJC","code":"SJC"},{"buy":"56,750.00","sell":"57,550.00","company":"3BANKS","brand":"SCB","updated":"2021-07-23 08:19:38","brand1":"SCB","day":"20210723","id":"8524160","type":"SJC","code":"SJC"},{"buy":"56,550.00","sell":"57,850.00","company":"3BANKS","brand":"MARITIME BANK","updated":"2021-07-23 09:32:01","brand1":"MB","day":"20210723","id":"8524430","type":"SJC","code":"SJC"},{"buy":"52,600.00","sell":"53,600.00","company":"3BANKS","brand":"SACOMBANK","updated":"2021-07-23 17:36:33","brand1":"S","day":"20210723","id":"8525550","type":"SJC","code":"JC"},{"buy":"57,000.00","sell":"57,600.00","company":"2GROUP","brand":"PHÚ QUÝ SJC","updated":"2021-07-23 08:45:30","brand1":"PQS","day":"20210723","id":"8524309","type":"SJC","code":"SJC"},{"buy":"56,950.00","sell":"57,250.00","company":"2GROUP","brand":"Mi Hồng SJC","updated":"2021-07-23 00:03:17","brand1":"MHS","day":"20210723","id":"8520662","type":"SJC","code":"SJC"},{"buy":"56,850.00","sell":"57,500.00","company":"2GROUP","brand":"PNJ SJC","updated":"2021-07-23 09:16:32","brand1":"PS","day":"20210723","id":"8524383","type":"SJC","code":"SJC"},{"buy":"51,300.00","sell":"52,700.00","company":"2GROUP","brand":"PNJ 1L","updated":"2021-07-23 09:16:32","brand1":"P1","day":"20210723","id":"8524382","type":"SJC","code":"SJC"},{"buy":"1,799.70","sell":"1,800.70","company":"2GROUP","brand":"SPOT GOLD","updated":"2021-07-23 21:06:34","brand1":"SG","day":"20210723","id":"8529087","type":"SJC","code":"SJC"},{"buy":"71.55","sell":"71.55","company":"2GROUP","brand":"OIL","updated":"2021-07-23 21:06:34","brand1":"OIL","day":"20210723","id":"8529088","type":"SJC","code":"SJC"},{"buy":"51,400.00","sell":"52,200.00","company":"1OTHER","brand":"Nhẫn PHÚ QUÝ 24K","updated":"2021-07-23 08:45:30","brand1":"NPQ2","day":"20210723","id":"8524310","type":"SJC","code":"SJC"},{"buy":"51,100.00","sell":"51,450.00","company":"1OTHER","brand":"Mi Hồng 999","updated":"2021-07-23 00:03:17","brand1":"MH9","day":"20210723","id":"8520663","type":"SJC","code":"SJC"},{"buy":"51,100.00","sell":"51,800.00","company":"1OTHER","brand":"Nhẫn SJC 99,99","updated":"2021-07-23 08:36:38","brand1":"NS9","day":"20210723","id":"8524278","type":"SJC*","code":"SJC*"},{"buy":"51,100.00","sell":"51,700.00","company":"1OTHER","brand":"PNJ Nhẫn 24K","updated":"2021-07-23 09:16:32","brand1":"PN2","day":"20210723","id":"8524385","type":"SJC","code":"SJC"},{"buy":"50,600.00","sell":"51,400.00","company":"1OTHER","brand":"PNJ NT 24K","updated":"2021-07-23 09:16:32","brand1":"PN2","day":"20210723","id":"8524384","type":"SJC","code":"SJC"},{"buy":"50,100.00","sell":"51,100.00","company":"1OTHER","brand":"Mi Hồng 985","updated":"2021-07-23 00:03:17","brand1":"MH9","day":"20210723","id":"8520664","type":"SJC","code":"SJC"},{"buy":"49,900.00","sell":"50,900.00","company":"1OTHER","brand":"Mi Hồng 980","updated":"2021-07-23 00:03:17","brand1":"MH9","day":"20210723","id":"8520665","type":"SJC","code":"SJC"},{"buy":"37,300.00","sell":"38,700.00","company":"1OTHER","brand":"PNJ NT 18K","updated":"2021-07-23 09:16:32","brand1":"PN1","day":"20210723","id":"8524386","type":"SJC","code":"SJC"},{"buy":"33,700.00","sell":"35,700.00","company":"1OTHER","brand":"Mi Hồng 750","updated":"2021-07-23 00:03:17","brand1":"MH7","day":"20210723","id":"8520667","type":"SJC","code":"SJC"},{"buy":"31,000.00","sell":"32,700.00","company":"1OTHER","brand":"Mi Hồng 680","updated":"2021-07-23 00:03:17","brand1":"MH6","day":"20210723","id":"8520668","type":"SJC","code":"SJC"},{"buy":"30,000.00","sell":"31,700.00","company":"1OTHER","brand":"Mi Hồng 610","updated":"2021-07-23 00:03:17","brand1":"MH6","day":"20210723","id":"8520669","type":"SJC","code":"SJC"},{"buy":"28,820.00","sell":"30,220.00","company":"1OTHER","brand":"PNJ NT 14K","updated":"2021-07-23 09:16:32","brand1":"PN1","day":"20210723","id":"8524387","type":"SJC","code":"SJC"},{"buy":"20,130.00","sell":"21,530.00","company":"1OTHER","brand":"PNJ NT 10K","updated":"2021-07-23 09:16:32","brand1":"PN1","day":"20210723","id":"8524388","type":"SJC","code":"SJC"},{"buy":"0.00","sell":"48,200.00","company":"1OTHER","brand":"Mi Hồng 950","updated":"2021-07-23 00:03:17","brand1":"MH9","day":"20210723","id":"8520666","type":"SJC","code":"SJC"},{"buy":"32,575.98","sell":"32,575.98","company":"1Coin","brand":"Wrapped Bitcoin","updated":"2021-07-23 20:54:52","brand1":"WB","day":"20210723","id":"8529059","type":"WBTC","code":"TC"},{"buy":"32,559.99","sell":"32,559.99","company":"1Coin","brand":"Bitcoin","updated":"2021-07-23 21:05:00","brand1":"B","day":"20210723","id":"8529072","type":"BTC","code":"TC"},{"buy":"32,544.97","sell":"32,544.97","company":"1Coin","brand":"Huobi BTC","updated":"2021-07-23 20:04:32","brand1":"HB","day":"20210723","id":"8528105","type":"HBTC","code":"TC"},{"buy":"32,410.16","sell":"32,410.16","company":"1Coin","brand":"renBTC","updated":"2021-07-23 20:04:14","brand1":"r","day":"20210723","id":"8528026","type":"RENBTC","code":"RENBTC"},{"buy":"32,315.80","sell":"32,315.80","company":"1Coin","brand":"Bitcoin BEP2","updated":"2021-07-23 20:04:04","brand1":"BB","day":"20210723","id":"8527949","type":"BTCB","code":"BTCB"},{"buy":"28,919.12","sell":"28,919.12","company":"1Coin","brand":"yearn.finance","updated":"2021-07-23 20:04:08","brand1":"y","day":"20210723","id":"8527972","type":"YFI","code":"YFI"},{"buy":"2,511.94","sell":"2,511.94","company":"1Coin","brand":"DFI.Money","updated":"2021-07-23 20:04:42","brand1":"D","day":"20210723","id":"8528163","type":"YFII","code":"YFII"},{"buy":"2,509.21","sell":"2,509.21","company":"1Coin","brand":"Maker","updated":"2021-07-23 20:04:03","brand1":"M","day":"20210723","id":"8527945","type":"MKR","code":"KR"},{"buy":"2,077.98","sell":"2,077.98","company":"1Coin","brand":"Ethereum","updated":"2021-07-23 21:05:00","brand1":"E","day":"20210723","id":"8529073","type":"ETH","code":"TH"},{"buy":"2,077.98","sell":"2,077.98","company":"1Coin","brand":"Ethereum 2","updated":"2021-07-23 21:05:00","brand1":"E2","day":"20210723","id":"8529074","type":"ETH2","code":"ETH2"},{"buy":"2,065.82","sell":"2,065.82","company":"1Coin","brand":"stETH","updated":"2021-07-23 20:04:30","brand1":"s","day":"20210723","id":"8528104","type":"STETH","code":"STETH"},{"buy":"1,805.66","sell":"1,805.66","company":"1Coin","brand":"PAX Gold","updated":"2021-07-23 20:04:29","brand1":"PG","day":"20210723","id":"8528098","type":"PAXG","code":"PAXG"},{"buy":"651.14","sell":"651.14","company":"1Coin","brand":"Venus BTC","updated":"2021-07-23 20:04:38","brand1":"VB","day":"20210723","id":"8528140","type":"VBTC","code":"TC"},{"buy":"446.15","sell":"446.15","company":"1Coin","brand":"Bitcoin Cash","updated":"2021-07-23 21:05:02","brand1":"BC","day":"20210723","id":"8529078","type":"BCH","code":"H"},{"buy":"402.71","sell":"402.71","company":"1Coin","brand":"Compound","updated":"2021-07-23 20:04:04","brand1":"C","day":"20210723","id":"8527951","type":"COMP","code":"OMP"},{"buy":"291.79","sell":"291.79","company":"1Coin","brand":"Wrapped BNB","updated":"2021-07-23 20:04:30","brand1":"WB","day":"20210723","id":"8528101","type":"WBNB","code":"NB"},{"buy":"290.75","sell":"290.75","company":"1Coin","brand":"Binance Coin","updated":"2021-07-23 21:05:01","brand1":"BC","day":"20210723","id":"8529075","type":"BNB","code":"BNB"},{"buy":"283.30","sell":"283.30","company":"1Coin","brand":"Aave","updated":"2021-07-23 21:05:04","brand1":"Aave","day":"20210723","id":"8529084","type":"AAVE","code":"AAVE"},{"buy":"200.69","sell":"200.69","company":"1Coin","brand":"Monero","updated":"2021-07-23 21:05:04","brand1":"M","day":"20210723","id":"8529085","type":"XMR","code":"XR"},{"buy":"185.40","sell":"185.40","company":"1Coin","brand":"Gnosis","updated":"2021-07-23 20:04:18","brand1":"G","day":"20210723","id":"8528042","type":"GNO","code":"NO"},{"buy":"170.42","sell":"170.42","company":"1Coin","brand":"Kusama","updated":"2021-07-23 20:04:06","brand1":"K","day":"20210723","id":"8527964","type":"KSM","code":"SM"},{"buy":"168.12","sell":"168.12","company":"1Coin","brand":"Cream Finance","updated":"2021-07-23 20:04:40","brand1":"CF","day":"20210723","id":"8528161","type":"CREAM","code":"CREAM"},{"buy":"141.31","sell":"141.31","company":"1Coin","brand":"Dash","updated":"2021-07-23 20:04:06","brand1":"Dash","day":"20210723","id":"8527963","type":"DASH","code":"DASH"},{"buy":"123.70","sell":"123.70","company":"1Coin","brand":"Bitcoin SV","updated":"2021-07-23 20:04:04","brand1":"BS","day":"20210723","id":"8527950","type":"BSV","code":"V"},{"buy":"120.75","sell":"120.75","company":"1Coin","brand":"Litecoin","updated":"2021-07-23 21:05:02","brand1":"L","day":"20210723","id":"8529079","type":"LTC","code":"TC"},{"buy":"116.70","sell":"116.70","company":"1Coin","brand":"Decred","updated":"2021-07-23 20:04:05","brand1":"D","day":"20210723","id":"8527959","type":"DCR","code":"CR"},{"buy":"101.42","sell":"101.42","company":"1Coin","brand":"Counos X","updated":"2021-07-23 20:04:30","brand1":"CX","day":"20210723","id":"8528099","type":"CCXX","code":"CX"},{"buy":"95.98","sell":"95.98","company":"1Coin","brand":"Zcash","updated":"2021-07-23 20:04:08","brand1":"Z","day":"20210723","id":"8527971","type":"ZEC","code":"EC"},{"buy":"78.90","sell":"78.90","company":"1Coin","brand":"NXM","updated":"2021-07-23 20:04:33","brand1":"NXM","day":"20210723","id":"8528117","type":"NXM","code":""},{"buy":"78.51","sell":"78.51","company":"1Coin","brand":"Elrond","updated":"2021-07-23 20:04:06","brand1":"E","day":"20210723","id":"8527961","type":"EGLD","code":"GLD"},{"buy":"74.84","sell":"74.84","company":"1Coin","brand":"Quant","updated":"2021-07-23 20:04:09","brand1":"Q","day":"20210723","id":"8527988","type":"QNT","code":"NT"},{"buy":"70.35","sell":"70.35","company":"1Coin","brand":"Enzyme","updated":"2021-07-23 20:04:28","brand1":"E","day":"20210723","id":"8528093","type":"MLN","code":"MLN"},{"buy":"51.50","sell":"51.50","company":"1Coin","brand":"Wrapped NXM","updated":"2021-07-23 20:04:44","brand1":"WN","day":"20210723","id":"8528181","type":"WNXM","code":"XM"},{"buy":"48.67","sell":"48.67","company":"1Coin","brand":"Horizen","updated":"2021-07-23 20:04:13","brand1":"H","day":"20210723","id":"8528018","type":"ZEN","code":"ZEN"},{"buy":"46.51","sell":"46.51","company":"1Coin","brand":"Filecoin","updated":"2021-07-23 20:54:53","brand1":"F","day":"20210723","id":"8529064","type":"FIL","code":"IL"},{"buy":"45.25","sell":"45.25","company":"1Coin","brand":"Ethereum Classic","updated":"2021-07-23 21:05:03","brand1":"EC","day":"20210723","id":"8529082","type":"ETC","code":"ETC"},{"buy":"41.61","sell":"41.61","company":"1Coin","brand":"Venus ETH","updated":"2021-07-23 20:04:44","brand1":"VE","day":"20210723","id":"8528183","type":"VETH","code":"TH"},{"buy":"38.77","sell":"38.77","company":"1Coin","brand":"Bitcoin Gold","updated":"2021-07-23 20:04:11","brand1":"BG","day":"20210723","id":"8527994","type":"BTG","code":"BTG"},{"buy":"37.22","sell":"37.22","company":"1Coin","brand":"Strike","updated":"2021-07-23 20:04:29","brand1":"S","day":"20210723","id":"8528097","type":"STRK","code":"TRK"},{"buy":"33.90","sell":"33.90","company":"1Coin","brand":"Internet Computer","updated":"2021-07-23 21:05:04","brand1":"IC","day":"20210723","id":"8529083","type":"ICP","code":"P"},{"buy":"31.63","sell":"31.63","company":"1Coin","brand":"Axie Infinity Shards","updated":"2021-07-23 20:04:05","brand1":"AIS","day":"20210723","id":"8527955","type":"AXS","code":"AXS"},{"buy":"31.42","sell":"31.42","company":"1Coin","brand":"Numeraire","updated":"2021-07-23 20:04:24","brand1":"N","day":"20210723","id":"8528079","type":"NMR","code":"MR"},{"buy":"28.88","sell":"28.88","company":"1Coin","brand":"FTX Token","updated":"2021-07-23 20:04:03","brand1":"FT","day":"20210723","id":"8527942","type":"FTT","code":"T"},{"buy":"28.67","sell":"28.67","company":"1Coin","brand":"Neo","updated":"2021-07-23 20:04:04","brand1":"Neo","day":"20210723","id":"8527952","type":"NEO","code":"NEO"},{"buy":"27.78","sell":"27.78","company":"1Coin","brand":"Solana","updated":"2021-07-23 21:05:02","brand1":"S","day":"20210723","id":"8529080","type":"SOL","code":"OL"},{"buy":"24.99","sell":"24.99","company":"1Coin","brand":"Bitcoin Cash ABC","updated":"2021-07-23 20:04:34","brand1":"BCA","day":"20210723","id":"8528122","type":"BCHA","code":"BCHA"},{"buy":"19.29","sell":"19.29","company":"1Coin","brand":"Augur","updated":"2021-07-23 20:04:23","brand1":"A","day":"20210723","id":"8528059","type":"REP","code":"REP"},{"buy":"19.29","sell":"19.29","company":"1Coin","brand":"REPv2","updated":"2021-07-23 20:04:23","brand1":"R","day":"20210723","id":"8528060","type":"REPV2","code":"EPV2"},{"buy":"18.78","sell":"18.78","company":"1Coin","brand":"Flow","updated":"2021-07-23 20:04:09","brand1":"Flow","day":"20210723","id":"8527982","type":"FLOW","code":"FLOW"},{"buy":"18.16","sell":"18.16","company":"1Coin","brand":"Balancer","updated":"2021-07-23 20:04:28","brand1":"B","day":"20210723","id":"8528092","type":"BAL","code":"AL"},{"buy":"17.86","sell":"17.86","company":"1Coin","brand":"Uniswap","updated":"2021-07-23 21:05:02","brand1":"U","day":"20210723","id":"8529077","type":"UNI","code":"NI"},{"buy":"16.61","sell":"16.61","company":"1Coin","brand":"Venus","updated":"2021-07-23 20:04:23","brand1":"V","day":"20210723","id":"8528064","type":"XVS","code":"XS"},{"buy":"16.13","sell":"16.13","company":"1Coin","brand":"Ampleforth Governance Token","updated":"2021-07-23 20:04:39","brand1":"AGT","day":"20210723","id":"8528144","type":"FORTH","code":"FORTH"},{"buy":"16.00","sell":"16.00","company":"1Coin","brand":"Chainlink","updated":"2021-07-23 21:05:02","brand1":"C","day":"20210723","id":"8529081","type":"LINK","code":"LINK"},{"buy":"15.38","sell":"15.38","company":"1Coin","brand":"KLAYswap Protocol","updated":"2021-07-23 20:04:39","brand1":"KP","day":"20210723","id":"8528146","type":"KSP","code":"KSP"},{"buy":"15.20","sell":"15.20","company":"1Coin","brand":"Uquid Coin","updated":"2021-07-23 20:04:25","brand1":"UC","day":"20210723","id":"8528080","type":"UQC","code":"UQC"},{"buy":"14.23","sell":"14.23","company":"1Coin","brand":"Waves","updated":"2021-07-23 20:04:05","brand1":"W","day":"20210723","id":"8527960","type":"WAVES","code":"AVES"},{"buy":"14.04","sell":"14.04","company":"1Coin","brand":"Bitcoin Standard Hashrate Token","updated":"2021-07-23 20:04:24","brand1":"BSHT","day":"20210723","id":"8528074","type":"BTCST","code":"BTCST"},{"buy":"13.07","sell":"13.07","company":"1Coin","brand":"PancakeSwap","updated":"2021-07-23 20:04:03","brand1":"P","day":"20210723","id":"8527943","type":"CAKE","code":"CAKE"},{"buy":"12.98","sell":"12.98","company":"1Coin","brand":"OKB","updated":"2021-07-23 20:04:10","brand1":"OKB","day":"20210723","id":"8527991","type":"OKB","code":""},{"buy":"12.93","sell":"12.93","company":"1Coin","brand":"Polkadot","updated":"2021-07-23 21:05:01","brand1":"P","day":"20210723","id":"8529076","type":"DOT","code":"DOT"},{"buy":"12.64","sell":"12.64","company":"1Coin","brand":"Prometeus","updated":"2021-07-23 20:04:20","brand1":"P","day":"20210723","id":"8528051","type":"PROM","code":"ROM"},{"buy":"11.49","sell":"11.49","company":"1Coin","brand":"Livepeer","updated":"2021-07-23 20:04:18","brand1":"L","day":"20210723","id":"8528043","type":"LPT","code":"PT"},{"buy":"11.45","sell":"11.45","company":"1Coin","brand":"Helium","updated":"2021-07-23 20:04:08","brand1":"H","day":"20210723","id":"8527975","type":"HNT","code":"NT"},{"buy":"11.06","sell":"11.06","company":"1Coin","brand":"Cosmos","updated":"2021-07-23 19:04:03","brand1":"C","day":"20210723","id":"8527947","type":"ATOM","code":"ATOM"},{"buy":"10.82","sell":"10.82","company":"1Coin","brand":"Avalanche","updated":"2021-07-23 20:04:05","brand1":"A","day":"20210723","id":"8527956","type":"AVAX","code":"VX"},{"buy":"10.58","sell":"10.58","company":"1Coin","brand":"Rocket Pool","updated":"2021-07-23 20:04:39","brand1":"RP","day":"20210723","id":"8528157","type":"RPL","code":"L"},{"buy":"9.66","sell":"9.66","company":"1Coin","brand":"The Transfer Token","updated":"2021-07-23 20:04:32","brand1":"TTT","day":"20210723","id":"8528108","type":"TTT","code":""},{"buy":"9.61","sell":"9.61","company":"1Coin","brand":"KuCoin Token","updated":"2021-07-23 20:04:10","brand1":"KT","day":"20210723","id":"8527992","type":"KCS","code":"KCS"},{"buy":"8.69","sell":"8.69","company":"1Coin","brand":"Huobi Token","updated":"2021-07-23 18:04:06","brand1":"HT","day":"20210723","id":"8527962","type":"HT","code":""},{"buy":"8.60","sell":"8.60","company":"1Coin","brand":"MCO","updated":"2021-07-23 20:04:27","brand1":"MCO","day":"20210723","id":"8528089","type":"MCO","code":""},{"buy":"8.43","sell":"8.43","company":"1Coin","brand":"Arweave","updated":"2021-07-23 20:04:18","brand1":"A","day":"20210723","id":"8528041","type":"AR","code":"R"},{"buy":"8.39","sell":"8.39","company":"1Coin","brand":"Synthetix Network Token","updated":"2021-07-23 20:04:09","brand1":"SNT","day":"20210723","id":"8527979","type":"SNX","code":"SNX"},{"buy":"8.32","sell":"8.32","company":"1Coin","brand":"UMA","updated":"2021-07-23 20:04:13","brand1":"UMA","day":"20210723","id":"8528021","type":"UMA","code":""},{"buy":"8.13","sell":"8.13","company":"1Coin","brand":"Perpetual Protocol","updated":"2021-07-23 18:02:40","brand1":"PP","day":"20210723","id":"8526616","type":"PERP","code":"PERP"},{"buy":"8.03","sell":"8.03","company":"1Coin","brand":"SushiSwap","updated":"2021-07-23 20:04:09","brand1":"S","day":"20210723","id":"8527978","type":"SUSHI","code":"UHI"},{"buy":"7.31","sell":"7.31","company":"1Coin","brand":"Terra","updated":"2021-07-23 21:05:05","brand1":"T","day":"20210723","id":"8529086","type":"LUNA","code":"LUNA"},{"buy":"6.72","sell":"6.72","company":"1Coin","brand":"Zelwin","updated":"2021-07-23 15:04:34","brand1":"Z","day":"20210723","id":"8528121","type":"ZLW","code":"LW"},{"buy":"6.34","sell":"6.34","company":"1Coin","brand":"TitanSwap","updated":"2021-07-23 20:04:34","brand1":"T","day":"20210723","id":"8528124","type":"TITAN","code":"IAN"},{"buy":"6.32","sell":"6.32","company":"1Coin","brand":"MyNeighborAlice","updated":"2021-07-23 20:04:29","brand1":"M","day":"20210723","id":"8528096","type":"ALICE","code":"ALICE"},{"buy":"6.13","sell":"6.13","company":"1Coin","brand":"LUKSO","updated":"2021-07-23 20:04:44","brand1":"L","day":"20210723","id":"8528180","type":"LYXE","code":"YXE"},{"buy":"5.93","sell":"5.93","company":"1Coin","brand":"Venus BNB","updated":"2021-07-23 20:04:33","brand1":"VB","day":"20210723","id":"8528120","type":"VBNB","code":"NB"},{"buy":"5.90","sell":"5.90","company":"1Coin","brand":"Persistence","updated":"2021-07-23 20:04:35","brand1":"P","day":"20210723","id":"8528130","type":"XPRT","code":"XRT"},{"buy":"5.79","sell":"5.79","company":"1Coin","brand":"Gitcoin","updated":"2021-07-23 06:05:07","brand1":"G","day":"20210723","id":"8523321","type":"GTC","code":"TC"},{"buy":"5.66","sell":"5.66","company":"1Coin","brand":"Qtum","updated":"2021-07-23 20:04:13","brand1":"Qtum","day":"20210723","id":"8528017","type":"QTUM","code":"QTUM"},{"buy":"5.63","sell":"5.63","company":"1Coin","brand":"Injective Protocol","updated":"2021-07-23 20:04:23","brand1":"IP","day":"20210723","id":"8528065","type":"INJ","code":"INJ"},{"buy":"5.28","sell":"5.28","company":"1Coin","brand":"Energy Web Token","updated":"2021-07-23 20:04:24","brand1":"EWT","day":"20210723","id":"8528076","type":"EWT","code":""},{"buy":"5.07","sell":"5.07","company":"1Coin","brand":"Band Protocol","updated":"2021-07-23 20:04:23","brand1":"BP","day":"20210723","id":"8528058","type":"BAND","code":"BAND"},{"buy":"4.99","sell":"4.99","company":"1Coin","brand":"Celsius","updated":"2021-07-23 20:04:08","brand1":"C","day":"20210723","id":"8527970","type":"CEL","code":"EL"},{"buy":"4.94","sell":"4.94","company":"1Coin","brand":"Ergo","updated":"2021-07-23 20:04:24","brand1":"Ergo","day":"20210723","id":"8528077","type":"ERG","code":"ERG"},{"buy":"4.75","sell":"4.75","company":"1Coin","brand":"THETA","updated":"2021-07-23 20:44:42","brand1":"T","day":"20210723","id":"8529039","type":"THETA","code":"HEA"},{"buy":"4.45","sell":"4.45","company":"1Coin","brand":"INO COIN","updated":"2021-07-23 20:04:33","brand1":"IC","day":"20210723","id":"8528111","type":"INO","code":"INO"},{"buy":"4.33","sell":"4.33","company":"1Coin","brand":"Kava.io","updated":"2021-07-23 20:04:16","brand1":"K","day":"20210723","id":"8528038","type":"KAVA","code":"AVA"},{"buy":"4.23","sell":"4.23","company":"1Coin","brand":"Orion Protocol","updated":"2021-07-23 20:04:39","brand1":"OP","day":"20210723","id":"8528145","type":"ORN","code":"ORN"},{"buy":"3.88","sell":"3.88","company":"1Coin","brand":"THORChain","updated":"2021-07-23 20:04:09","brand1":"T","day":"20210723","id":"8527986","type":"RUNE","code":"RUNE"},{"buy":"3.59","sell":"3.59","company":"1Coin","brand":"Nano","updated":"2021-07-23 20:04:14","brand1":"Nano","day":"20210723","id":"8528023","type":"NANO","code":"NANO"},{"buy":"3.59","sell":"3.59","company":"1Coin","brand":"OMG Network","updated":"2021-07-23 20:04:14","brand1":"ON","day":"20210723","id":"8528022","type":"OMG","code":"OMG"},{"buy":"3.55","sell":"3.55","company":"1Coin","brand":"EOS","updated":"2021-07-23 20:44:43","brand1":"EOS","day":"20210723","id":"8529044","type":"EOS","code":""},{"buy":"3.30","sell":"3.30","company":"1Coin","brand":"Aragon","updated":"2021-07-23 20:04:28","brand1":"A","day":"20210723","id":"8528091","type":"ANT","code":"NT"},{"buy":"3.08","sell":"3.08","company":"1Coin","brand":"Elitium","updated":"2021-07-23 20:04:44","brand1":"E","day":"20210723","id":"8528182","type":"EUM","code":"UM"},{"buy":"2.90","sell":"2.90","company":"1Coin","brand":"Bancor Network Token","updated":"2021-07-23 20:04:10","brand1":"BNT","day":"20210723","id":"8527993","type":"BNT","code":""},{"buy":"2.86","sell":"2.86","company":"1Coin","brand":"GateToken","updated":"2021-07-23 18:02:26","brand1":"G","day":"20210723","id":"8526213","type":"GT","code":"T"},{"buy":"2.78","sell":"2.78","company":"1Coin","brand":"Raydium","updated":"2021-07-23 20:04:37","brand1":"R","day":"20210723","id":"8528136","type":"RAY","code":"AY"},{"buy":"2.78","sell":"2.78","company":"1Coin","brand":"TomoChain","updated":"2021-07-23 20:04:19","brand1":"T","day":"20210723","id":"8528045","type":"TOMO","code":"OMO"},{"buy":"2.75","sell":"2.75","company":"1Coin","brand":"Mirror Protocol","updated":"2021-07-23 19:04:35","brand1":"MP","day":"20210723","id":"8528128","type":"MIR","code":"MIR"},{"buy":"2.73","sell":"2.73","company":"1Coin","brand":"Serum","updated":"2021-07-23 20:04:26","brand1":"S","day":"20210723","id":"8528086","type":"SRM","code":"RM"},{"buy":"2.72","sell":"2.72","company":"1Coin","brand":"UNUS SED LEO","updated":"2021-07-23 20:04:03","brand1":"USL","day":"20210723","id":"8527944","type":"LEO","code":"LEO"},{"buy":"2.63","sell":"2.63","company":"1Coin","brand":"Dawn Protocol","updated":"2021-07-23 20:04:35","brand1":"DP","day":"20210723","id":"8528133","type":"DAWN","code":"DAWN"},{"buy":"2.60","sell":"2.60","company":"1Coin","brand":"Tezos","updated":"2021-07-23 18:02:10","brand1":"T","day":"20210723","id":"8525666","type":"XTZ","code":"XZ"},{"buy":"2.55","sell":"2.55","company":"1Coin","brand":"CRYPTO20","updated":"2021-07-23 18:02:47","brand1":"C","day":"20210723","id":"8526879","type":"C20","code":"20"},{"buy":"2.40","sell":"2.40","company":"1Coin","brand":"Celo","updated":"2021-07-23 20:04:11","brand1":"Celo","day":"20210723","id":"8527997","type":"CGLD","code":"CGLD"},{"buy":"2.39","sell":"2.39","company":"1Coin","brand":"iExec RLC","updated":"2021-07-23 20:04:20","brand1":"iR","day":"20210723","id":"8528054","type":"RLC","code":"RLC"},{"buy":"2.32","sell":"2.32","company":"1Coin","brand":"Akash Network","updated":"2021-07-23 20:04:37","brand1":"AN","day":"20210723","id":"8528135","type":"AKT","code":"AKT"},{"buy":"2.28","sell":"2.28","company":"1Coin","brand":"Lisk","updated":"2021-07-23 18:02:24","brand1":"Lisk","day":"20210723","id":"8526109","type":"LSK","code":"LSK"},{"buy":"2.22","sell":"2.22","company":"1Coin","brand":"Pirate Chain","updated":"2021-07-23 20:04:34","brand1":"PC","day":"20210723","id":"8528123","type":"ARRR","code":"ARRR"},{"buy":"2.11","sell":"2.11","company":"1Coin","brand":"Tokenlon Network Token","updated":"2021-07-23 06:05:07","brand1":"TNT","day":"20210723","id":"8523316","type":"LON","code":"LON"},{"buy":"2.08","sell":"2.08","company":"1Coin","brand":"1inch","updated":"2021-07-23 20:04:15","brand1":"1","day":"20210723","id":"8528031","type":"1INCH","code":"INCH"},{"buy":"1.99","sell":"1.99","company":"1Coin","brand":"DeFiChain","updated":"2021-07-23 20:04:33","brand1":"D","day":"20210723","id":"8528116","type":"DFI","code":"FI"},{"buy":"1.97","sell":"1.97","company":"1Coin","brand":"botXcoin","updated":"2021-07-23 18:02:36","brand1":"b","day":"20210723","id":"8526493","type":"BOTX","code":"BOTX"},{"buy":"1.96","sell":"1.96","company":"1Coin","brand":"Creditcoin","updated":"2021-07-23 18:02:39","brand1":"C","day":"20210723","id":"8526529","type":"CTC","code":"T"},{"buy":"1.96","sell":"1.96","company":"1Coin","brand":"KOK","updated":"2021-07-23 17:02:41","brand1":"KOK","day":"20210723","id":"8526652","type":"KOK","code":""},{"buy":"1.89","sell":"1.89","company":"1Coin","brand":"NEAR Protocol","updated":"2021-07-23 20:04:10","brand1":"NP","day":"20210723","id":"8527989","type":"NEAR","code":"NEAR"},{"buy":"1.82","sell":"1.82","company":"1Coin","brand":"Voyager Token","updated":"2021-07-23 20:04:15","brand1":"VT","day":"20210723","id":"8528027","type":"VGX","code":"VGX"},{"buy":"1.78","sell":"1.78","company":"1Coin","brand":"Anchor Protocol","updated":"2021-07-23 18:02:44","brand1":"AP","day":"20210723","id":"8526746","type":"ANC","code":"ANC"},{"buy":"1.71","sell":"1.71","company":"1Coin","brand":"Bitcoin Diamond","updated":"2021-07-23 04:04:15","brand1":"BD","day":"20210723","id":"8528035","type":"BCD","code":"BCD"},{"buy":"1.71","sell":"1.71","company":"1Coin","brand":"Travala.com","updated":"2021-07-23 18:02:51","brand1":"T","day":"20210723","id":"8526933","type":"AVA","code":"AVA"},{"buy":"1.70","sell":"1.70","company":"1Coin","brand":"BakeryToken","updated":"2021-07-23 19:04:14","brand1":"B","day":"20210723","id":"8528024","type":"BAKE","code":"AKE"},{"buy":"1.59","sell":"1.59","company":"1Coin","brand":"Populous","updated":"2021-07-23 18:02:51","brand1":"P","day":"20210723","id":"8526929","type":"PPT","code":"T"},{"buy":"1.58","sell":"1.58","company":"1Coin","brand":"Metal","updated":"2021-07-23 19:04:40","brand1":"M","day":"20210723","id":"8528158","type":"MTL","code":"TL"},{"buy":"1.54","sell":"1.54","company":"1Coin","brand":"Curve DAO Token","updated":"2021-07-23 18:02:18","brand1":"CDT","day":"20210723","id":"8525950","type":"CRV","code":"CRV"},{"buy":"1.54","sell":"1.54","company":"1Coin","brand":"Swipe","updated":"2021-07-23 18:04:24","brand1":"S","day":"20210723","id":"8528073","type":"SXP","code":"XP"},{"buy":"1.50","sell":"1.50","company":"1Coin","brand":"Tokocrypto","updated":"2021-07-23 18:02:44","brand1":"T","day":"20210723","id":"8526736","type":"TKO","code":"KO"},{"buy":"1.47","sell":"1.47","company":"1Coin","brand":"Nexo","updated":"2021-07-23 11:02:16","brand1":"Nexo","day":"20210723","id":"8525886","type":"NEXO","code":"NEXO"},{"buy":"1.42","sell":"1.42","company":"1Coin","brand":"Stratis","updated":"2021-07-23 20:04:20","brand1":"S","day":"20210723","id":"8528057","type":"STRAX","code":"TRAX"},{"buy":"1.30","sell":"1.30","company":"1Coin","brand":"Ampleforth","updated":"2021-07-23 20:04:25","brand1":"A","day":"20210723","id":"8528083","type":"AMPL","code":"MPL"},{"buy":"1.30","sell":"1.30","company":"1Coin","brand":"Kyber Network","updated":"2021-07-23 18:02:24","brand1":"KN","day":"20210723","id":"8526127","type":"KNC","code":"C"},{"buy":"1.28","sell":"1.28","company":"1Coin","brand":"XeniosCoin","updated":"2021-07-23 02:04:42","brand1":"X","day":"20210723","id":"8528162","type":"XNC","code":"NC"},{"buy":"1.18","sell":"1.18","company":"1Coin","brand":"Cardano","updated":"2021-07-23 20:14:09","brand1":"C","day":"20210723","id":"8528973","type":"ADA","code":"ADA"},{"buy":"1.18","sell":"1.18","company":"1Coin","brand":"STASIS EURO","updated":"2021-07-23 02:01:09","brand1":"SE","day":"20210723","id":"8521269","type":"EURS","code":"EURS"},{"buy":"1.17","sell":"1.17","company":"1Coin","brand":"Mina","updated":"2021-07-23 20:04:19","brand1":"Mina","day":"20210723","id":"8528048","type":"MINA","code":"MINA"},{"buy":"1.14","sell":"1.14","company":"1Coin","brand":"Enjin Coin","updated":"2021-07-23 20:04:09","brand1":"EC","day":"20210723","id":"8527984","type":"ENJ","code":"ENJ"},{"buy":"1.14","sell":"1.14","company":"1Coin","brand":"Unibright","updated":"2021-07-23 20:04:23","brand1":"U","day":"20210723","id":"8528063","type":"UBT","code":"BT"},{"buy":"1.13","sell":"1.13","company":"1Coin","brand":"Clover Finance","updated":"2021-07-23 20:04:38","brand1":"CF","day":"20210723","id":"8528139","type":"CLV","code":"CLV"},{"buy":"1.11","sell":"1.11","company":"1Coin","brand":"Mdex","updated":"2021-07-23 20:04:11","brand1":"Mdex","day":"20210723","id":"8528011","type":"MDX","code":"MDX"},{"buy":"1.11","sell":"1.11","company":"1Coin","brand":"Stacks","updated":"2021-07-23 20:04:07","brand1":"S","day":"20210723","id":"8527967","type":"STX","code":"TX"},{"buy":"1.00","sell":"1.00","company":"1Coin","brand":"Liquity USD","updated":"2021-07-23 18:02:39","brand1":"LU","day":"20210723","id":"8526554","type":"LUSD","code":"SD"},{"buy":"0.99","sell":"0.99","company":"1Coin","brand":"MATH","updated":"2021-07-23 13:02:46","brand1":"MATH","day":"20210723","id":"8526822","type":"MATH","code":""},{"buy":"0.99","sell":"0.99","company":"1Coin","brand":"Pundi X[new]","updated":"2021-07-23 20:04:35","brand1":"PX","day":"20210723","id":"8528127","type":"PUNDIX","code":"PUNDIX"},{"buy":"0.98","sell":"0.98","company":"1Coin","brand":"WhiteCoin","updated":"2021-07-23 20:04:33","brand1":"W","day":"20210723","id":"8528114","type":"XWC","code":"XC"},{"buy":"0.95","sell":"0.95","company":"1Coin","brand":"Audius","updated":"2021-07-23 20:04:39","brand1":"A","day":"20210723","id":"8528156","type":"AUDIO","code":"UDIO"},{"buy":"0.95","sell":"0.95","company":"1Coin","brand":"Klaytn","updated":"2021-07-23 02:00:36","brand1":"K","day":"20210723","id":"8520949","type":"KLAY","code":"LAY"},{"buy":"0.93","sell":"0.93","company":"1Coin","brand":"Sologenic","updated":"2021-07-23 18:02:42","brand1":"S","day":"20210723","id":"8526673","type":"SOLO","code":"OLO"},{"buy":"0.93","sell":"0.93","company":"1Coin","brand":"WazirX","updated":"2021-07-23 17:02:22","brand1":"W","day":"20210723","id":"8526088","type":"WRX","code":"RX"},{"buy":"0.92","sell":"0.92","company":"1Coin","brand":"HedgeTrade","updated":"2021-07-23 17:02:41","brand1":"H","day":"20210723","id":"8526624","type":"HEDG","code":"EDG"},{"buy":"0.92","sell":"0.92","company":"1Coin","brand":"Polygon","updated":"2021-07-23 20:54:52","brand1":"P","day":"20210723","id":"8529061","type":"MATIC","code":"MATIC"},{"buy":"0.88","sell":"0.88","company":"1Coin","brand":"Ark","updated":"2021-07-23 18:02:35","brand1":"Ark","day":"20210723","id":"8526451","type":"ARK","code":"ARK"},{"buy":"0.87","sell":"0.87","company":"1Coin","brand":"DODO","updated":"2021-07-23 20:04:43","brand1":"DODO","day":"20210723","id":"8528166","type":"DODO","code":""},{"buy":"0.79","sell":"0.79","company":"1Coin","brand":"Algorand","updated":"2021-07-23 20:04:03","brand1":"A","day":"20210723","id":"8527946","type":"ALGO","code":"LGO"},{"buy":"0.77","sell":"0.77","company":"1Coin","brand":"ICON","updated":"2021-07-23 02:00:45","brand1":"ICON","day":"20210723","id":"8521063","type":"ICX","code":"ICX"},{"buy":"0.77","sell":"0.77","company":"1Coin","brand":"Storj","updated":"2021-07-23 04:02:48","brand1":"S","day":"20210723","id":"8522162","type":"STORJ","code":"TORJ"},{"buy":"0.73","sell":"0.73","company":"1Coin","brand":"Doctors Coin","updated":"2021-07-23 18:02:42","brand1":"DC","day":"20210723","id":"8526723","type":"DRS","code":"DRS"},{"buy":"0.68","sell":"0.68","company":"1Coin","brand":"RNDR Token","updated":"2021-07-23 18:02:46","brand1":"RT","day":"20210723","id":"8526853","type":"RNDR","code":"RNDR"},{"buy":"0.67","sell":"0.67","company":"1Coin","brand":"Bitpanda Ecosystem Token","updated":"2021-07-23 04:03:02","brand1":"BET","day":"20210723","id":"8522230","type":"BEST","code":"BEST"},{"buy":"0.67","sell":"0.67","company":"1Coin","brand":"IOTA","updated":"2021-07-23 20:04:05","brand1":"IOTA","day":"20210723","id":"8527958","type":"MIOTA","code":"M"},{"buy":"0.67","sell":"0.67","company":"1Coin","brand":"Komodo","updated":"2021-07-23 04:03:12","brand1":"K","day":"20210723","id":"8522265","type":"KMD","code":"MD"},{"buy":"0.67","sell":"0.67","company":"1Coin","brand":"Origin Token","updated":"2021-07-23 10:02:26","brand1":"OT","day":"20210723","id":"8526214","type":"OGN","code":"OGN"},{"buy":"0.66","sell":"0.66","company":"1Coin","brand":"Ontology Gas","updated":"2021-07-23 02:00:52","brand1":"OG","day":"20210723","id":"8521131","type":"ONG","code":"ONG"},{"buy":"0.66","sell":"0.66","company":"1Coin","brand":"Phala.Network","updated":"2021-07-23 18:02:35","brand1":"P","day":"20210723","id":"8526445","type":"PHA","code":"HA"},{"buy":"0.64","sell":"0.64","company":"1Coin","brand":"ZKSwap","updated":"2021-07-23 17:02:35","brand1":"Z","day":"20210723","id":"8526413","type":"ZKS","code":"KS"},{"buy":"0.62","sell":"0.62","company":"1Coin","brand":"0x","updated":"2021-07-23 12:04:13","brand1":"0x","day":"20210723","id":"8528019","type":"ZRX","code":"ZRX"},{"buy":"0.62","sell":"0.62","company":"1Coin","brand":"Ontology","updated":"2021-07-23 02:00:45","brand1":"O","day":"20210723","id":"8521054","type":"ONT","code":"NT"},{"buy":"0.61","sell":"0.61","company":"1Coin","brand":"Decentraland","updated":"2021-07-23 20:04:08","brand1":"D","day":"20210723","id":"8527976","type":"MANA","code":"MANA"},{"buy":"0.59","sell":"0.59","company":"1Coin","brand":"XRP","updated":"2021-07-23 17:41:44","brand1":"XRP","day":"20210723","id":"8525557","type":"XRP","code":""},{"buy":"0.56","sell":"0.56","company":"1Coin","brand":"SwissBorg","updated":"2021-07-23 20:04:12","brand1":"S","day":"20210723","id":"8528016","type":"CHSB","code":"CHB"},{"buy":"0.56","sell":"0.56","company":"1Coin","brand":"The Sandbox","updated":"2021-07-23 20:04:15","brand1":"TS","day":"20210723","id":"8528030","type":"SAND","code":"SAND"},{"buy":"0.55","sell":"0.55","company":"1Coin","brand":"Alpha Finance Lab","updated":"2021-07-23 18:02:27","brand1":"AFL","day":"20210723","id":"8526260","type":"ALPHA","code":"ALPHA"},{"buy":"0.54","sell":"0.54","company":"1Coin","brand":"MaidSafeCoin","updated":"2021-07-23 18:02:25","brand1":"M","day":"20210723","id":"8526144","type":"MAID","code":"AID"},{"buy":"0.54","sell":"0.54","company":"1Coin","brand":"Newscrypto","updated":"2021-07-23 01:01:19","brand1":"N","day":"20210723","id":"8521301","type":"NWC","code":"WC"},{"buy":"0.54","sell":"0.54","company":"1Coin","brand":"The Graph","updated":"2021-07-23 18:02:11","brand1":"TG","day":"20210723","id":"8525719","type":"GRT","code":"GRT"},{"buy":"0.51","sell":"0.51","company":"1Coin","brand":"Hxro","updated":"2021-07-23 06:04:52","brand1":"Hxro","day":"20210723","id":"8523226","type":"HXRO","code":"HXRO"},{"buy":"0.50","sell":"0.50","company":"1Coin","brand":"Wanchain","updated":"2021-07-23 15:04:43","brand1":"W","day":"20210723","id":"8528167","type":"WAN","code":"AN"},{"buy":"0.49","sell":"0.49","company":"1Coin","brand":"Ultra","updated":"2021-07-23 17:02:32","brand1":"U","day":"20210723","id":"8526399","type":"UOS","code":"OS"},{"buy":"0.49","sell":"0.49","company":"1Coin","brand":"Wootrade","updated":"2021-07-23 18:02:25","brand1":"W","day":"20210723","id":"8526185","type":"WOO","code":"OO"},{"buy":"0.48","sell":"0.48","company":"1Coin","brand":"Rakon","updated":"2021-07-23 18:04:38","brand1":"R","day":"20210723","id":"8528141","type":"RKN","code":"KN"},{"buy":"0.38","sell":"0.38","company":"1Coin","brand":"Ocean Protocol","updated":"2021-07-23 18:02:25","brand1":"OP","day":"20210723","id":"8526168","type":"OCEAN","code":"OCEAN"},{"buy":"0.37","sell":"0.37","company":"1Coin","brand":"Steem","updated":"2021-07-23 06:04:48","brand1":"S","day":"20210723","id":"8523202","type":"STEEM","code":"TEEM"},{"buy":"0.34","sell":"0.34","company":"1Coin","brand":"Ren","updated":"2021-07-23 20:04:15","brand1":"Ren","day":"20210723","id":"8528034","type":"REN","code":"REN"},{"buy":"0.29","sell":"0.29","company":"1Coin","brand":"Chromia","updated":"2021-07-23 18:02:35","brand1":"C","day":"20210723","id":"8526439","type":"CHR","code":"HR"},{"buy":"0.29","sell":"0.29","company":"1Coin","brand":"Small Love Potion","updated":"2021-07-23 05:04:48","brand1":"SLP","day":"20210723","id":"8523191","type":"SLP","code":""},{"buy":"0.28","sell":"0.28","company":"1Coin","brand":"Fetch.ai","updated":"2021-07-23 20:04:20","brand1":"F","day":"20210723","id":"8528052","type":"FET","code":"ET"},{"buy":"0.28","sell":"0.28","company":"1Coin","brand":"Orchid","updated":"2021-07-23 19:04:20","brand1":"O","day":"20210723","id":"8528055","type":"OXT","code":"XT"},{"buy":"0.28","sell":"0.28","company":"1Coin","brand":"Theta Fuel","updated":"2021-07-23 06:04:29","brand1":"TF","day":"20210723","id":"8523086","type":"TFUEL","code":"UEL"},{"buy":"0.26","sell":"0.26","company":"1Coin","brand":"Stellar Lumens","updated":"2021-07-23 16:50:54","brand1":"SL","day":"20210723","id":"8525456","type":"XLM","code":"XLM"},{"buy":"0.24","sell":"0.24","company":"1Coin","brand":"Keep Network","updated":"2021-07-23 17:02:45","brand1":"KN","day":"20210723","id":"8526776","type":"KEEP","code":"KEEP"},{"buy":"0.21","sell":"0.21","company":"1Coin","brand":"Civic","updated":"2021-07-23 04:04:25","brand1":"C","day":"20210723","id":"8528085","type":"CVC","code":"V"},{"buy":"0.21","sell":"0.21","company":"1Coin","brand":"Loopring","updated":"2021-07-23 04:02:47","brand1":"L","day":"20210723","id":"8522157","type":"LRC","code":"RC"},{"buy":"0.19","sell":"0.19","company":"1Coin","brand":"Alien Worlds","updated":"2021-07-23 18:02:42","brand1":"AW","day":"20210723","id":"8526704","type":"TLM","code":"TLM"},{"buy":"0.19","sell":"0.19","company":"1Coin","brand":"Fantom","updated":"2021-07-23 05:02:20","brand1":"F","day":"20210723","id":"8526017","type":"FTM","code":"TM"},{"buy":"0.16","sell":"0.16","company":"1Coin","brand":"Constellation","updated":"2021-07-23 18:02:26","brand1":"C","day":"20210723","id":"8526250","type":"DAG","code":"DAG"},{"buy":"0.14","sell":"0.14","company":"1Coin","brand":"Kleros","updated":"2021-07-23 18:02:52","brand1":"K","day":"20210723","id":"8526971","type":"PNK","code":"PN"},{"buy":"0.10","sell":"0.10","company":"1Coin","brand":"BORA","updated":"2021-07-23 01:02:51","brand1":"BORA","day":"20210723","id":"8526923","type":"BORA","code":""},{"buy":"0.10","sell":"0.10","company":"1Coin","brand":"yOUcash","updated":"2021-07-23 02:01:03","brand1":"y","day":"20210723","id":"8521208","type":"YOUC","code":"YOUC"},{"buy":"0.09","sell":"0.09","company":"1Coin","brand":"dKargo","updated":"2021-07-23 16:04:43","brand1":"d","day":"20210723","id":"8528179","type":"DKA","code":"DKA"},{"buy":"0.08","sell":"0.08","company":"1Coin","brand":"Centrality","updated":"2021-07-23 02:01:13","brand1":"C","day":"20210723","id":"8521294","type":"CENNZ","code":"ENNZ"}]}],"time":5,"excute1_time":0,"excute2_time":4,"excute3_time":0,"count1":0,"count2":298}