
{"golds":[{"updated":"2021-07-06 00:00:00","date":"20210706","gold":[],"value":[{"buy":"6,375.83","sell":"6,375.83","company":"1Coin","brand":"cVault.finance","updated":"2021-07-06 00:00:00","brand1":"c","day":"20210706","id":"8499150","type":"CORE","code":"CORE"},{"buy":"130.58","sell":"130.58","company":"1Coin","brand":"KeeperDAO","updated":"2021-07-06 00:00:00","brand1":"K","day":"20210706","id":"8494168","type":"ROOK","code":"ROO"},{"buy":"76.42","sell":"76.42","company":"1Coin","brand":"Illuvium","updated":"2021-07-06 00:00:00","brand1":"I","day":"20210706","id":"8457683","type":"ILV","code":"LV"},{"buy":"6.45","sell":"6.45","company":"1Coin","brand":"Gas","updated":"2021-07-06 00:00:00","brand1":"Gas","day":"20210706","id":"8443383","type":"GAS","code":"GAS"},{"buy":"5.48","sell":"5.48","company":"1Coin","brand":"Ethernity Chain","updated":"2021-07-06 00:00:00","brand1":"EC","day":"20210706","id":"8454120","type":"ERN","code":"ERN"},{"buy":"2.60","sell":"2.60","company":"1Coin","brand":"Litentry","updated":"2021-07-06 00:00:00","brand1":"L","day":"20210706","id":"8456879","type":"LIT","code":"IT"},{"buy":"1.00","sell":"1.00","company":"1Coin","brand":"USDX [Kava]","updated":"2021-07-06 00:00:00","brand1":"U[","day":"20210706","id":"8491535","type":"USDX","code":"USDX"},{"buy":"0.91","sell":"0.91","company":"1Coin","brand":"MiL.k","updated":"2021-07-06 00:00:00","brand1":"M","day":"20210706","id":"8397333","type":"MLK","code":"LK"},{"buy":"0.41","sell":"0.41","company":"1Coin","brand":"Ellipsis","updated":"2021-07-06 00:00:00","brand1":"E","day":"20210706","id":"8453503","type":"EPS","code":"PS"},{"buy":"0.40","sell":"0.40","company":"1Coin","brand":"SuperFarm","updated":"2021-07-06 00:00:00","brand1":"S","day":"20210706","id":"8457808","type":"SUPER","code":"UPER"},{"buy":"0.33","sell":"0.33","company":"1Coin","brand":"Hathor","updated":"2021-07-06 00:00:00","brand1":"H","day":"20210706","id":"8424019","type":"HTR","code":"TR"},{"buy":"0.30","sell":"0.30","company":"1Coin","brand":"Darma Cash","updated":"2021-07-06 00:00:00","brand1":"DC","day":"20210706","id":"8498723","type":"DMCH","code":"DMCH"},{"buy":"0.29","sell":"0.29","company":"1Coin","brand":"MarketPeak","updated":"2021-07-06 00:00:00","brand1":"M","day":"20210706","id":"8473514","type":"PEAK","code":"PEAK"},{"buy":"0.24","sell":"0.24","company":"1Coin","brand":"GlitzKoin","updated":"2021-07-06 00:00:00","brand1":"G","day":"20210706","id":"8498185","type":"GTN","code":"TN"},{"buy":"0.16","sell":"0.16","company":"1Coin","brand":"Small Love Potion","updated":"2021-07-06 00:00:00","brand1":"SLP","day":"20210706","id":"8396968","type":"SLP","code":""},{"buy":"0.15","sell":"0.15","company":"1Coin","brand":"Qcash","updated":"2021-07-06 00:00:00","brand1":"Q","day":"20210706","id":"8468725","type":"QC","code":"C"},{"buy":"0.14","sell":"0.14","company":"1Coin","brand":"Chromia","updated":"2021-07-06 00:00:00","brand1":"C","day":"20210706","id":"8420701","type":"CHR","code":"HR"},{"buy":"0.13","sell":"0.13","company":"1Coin","brand":"district0x","updated":"2021-07-06 00:00:00","brand1":"d","day":"20210706","id":"8468119","type":"DNT","code":"DNT"},{"buy":"0.11","sell":"0.11","company":"1Coin","brand":"Basid Coin","updated":"2021-07-06 00:00:00","brand1":"BC","day":"20210706","id":"8500056","type":"BASID","code":"BASID"},{"buy":"0.09","sell":"0.09","company":"1Coin","brand":"Centrality","updated":"2021-07-06 00:00:00","brand1":"C","day":"20210706","id":"8394978","type":"CENNZ","code":"ENNZ"},{"buy":"0.06","sell":"0.06","company":"1Coin","brand":"Bytom","updated":"2021-07-06 00:00:00","brand1":"B","day":"20210706","id":"8396401","type":"BTM","code":"TM"},{"buy":"0.06","sell":"0.06","company":"1Coin","brand":"Oasis Network","updated":"2021-07-06 00:00:00","brand1":"ON","day":"20210706","id":"8472513","type":"ROSE","code":"ROSE"},{"buy":"0.06","sell":"0.06","company":"1Coin","brand":"TRON","updated":"2021-07-06 00:00:00","brand1":"TRON","day":"20210706","id":"8389232","type":"TRX","code":"TRX"},{"buy":"0.04","sell":"0.04","company":"1Coin","brand":"Empty Set Dollar","updated":"2021-07-06 00:00:00","brand1":"ESD","day":"20210706","id":"8463360","type":"ESD","code":""},{"buy":"0.04","sell":"0.04","company":"1Coin","brand":"Velas","updated":"2021-07-06 00:00:00","brand1":"V","day":"20210706","id":"8395630","type":"VLX","code":"LX"},{"buy":"0.03","sell":"0.03","company":"1Coin","brand":"TokenPocket","updated":"2021-07-06 00:00:00","brand1":"T","day":"20210706","id":"8398218","type":"TPT","code":"P"},{"buy":"0.02","sell":"0.02","company":"1Coin","brand":"QuarkChain","updated":"2021-07-06 00:00:00","brand1":"Q","day":"20210706","id":"8471886","type":"QKC","code":"KC"},{"buy":"0.02","sell":"0.02","company":"1Coin","brand":"Sun (New)","updated":"2021-07-06 00:00:00","brand1":"S(","day":"20210706","id":"8423370","type":"SUN","code":"SUN"},{"buy":"0.02","sell":"0.02","company":"1Coin","brand":"Venus USDC","updated":"2021-07-06 00:00:00","brand1":"VU","day":"20210706","id":"8423154","type":"VUSDC","code":"SDC"},{"buy":"0.01","sell":"0.01","company":"1Coin","brand":"Gala","updated":"2021-07-06 00:00:00","brand1":"Gala","day":"20210706","id":"8444659","type":"GALA","code":"GALA"},{"buy":"0.01","sell":"0.01","company":"1Coin","brand":"Mainframe","updated":"2021-07-06 00:00:00","brand1":"M","day":"20210706","id":"8460901","type":"MFT","code":"FT"},{"buy":"0.01","sell":"0.01","company":"1Coin","brand":"PAC Protocol","updated":"2021-07-06 00:00:00","brand1":"PP","day":"20210706","id":"8422781","type":"PAC","code":"PAC"},{"buy":"0.00","sell":"0.00","company":"1Coin","brand":"Bytecoin","updated":"2021-07-06 00:00:00","brand1":"B","day":"20210706","id":"8485315","type":"BCN","code":"CN"},{"buy":"0.00","sell":"0.00","company":"1Coin","brand":"inSure DeFi","updated":"2021-07-06 00:00:00","brand1":"iD","day":"20210706","id":"8423452","type":"SURE","code":"SURE"},{"buy":"0.00","sell":"0.00","company":"1Coin","brand":"Kin","updated":"2021-07-06 00:00:00","brand1":"Kin","day":"20210706","id":"8437062","type":"KIN","code":"KIN"},{"buy":"0.00","sell":"0.00","company":"1Coin","brand":"ZEON","updated":"2021-07-06 00:00:00","brand1":"ZEON","day":"20210706","id":"8436250","type":"ZEON","code":""}]},{"updated":"2021-07-05 00:00:00","date":"20210705","gold":[],"value":[{"buy":"6,629.98","sell":"6,629.98","company":"1Coin","brand":"cVault.finance","updated":"2021-07-05 00:00:00","brand1":"c","day":"20210705","id":"8499151","type":"CORE","code":"CORE"},{"buy":"136.30","sell":"136.30","company":"1Coin","brand":"KeeperDAO","updated":"2021-07-05 00:00:00","brand1":"K","day":"20210705","id":"8494169","type":"ROOK","code":"ROO"},{"buy":"82.97","sell":"82.97","company":"1Coin","brand":"Illuvium","updated":"2021-07-05 00:00:00","brand1":"I","day":"20210705","id":"8457684","type":"ILV","code":"LV"},{"buy":"6.17","sell":"6.17","company":"1Coin","brand":"Gas","updated":"2021-07-05 00:00:00","brand1":"Gas","day":"20210705","id":"8443370","type":"GAS","code":"GAS"},{"buy":"5.90","sell":"5.90","company":"1Coin","brand":"Ethernity Chain","updated":"2021-07-05 00:00:00","brand1":"EC","day":"20210705","id":"8454121","type":"ERN","code":"ERN"},{"buy":"2.39","sell":"2.39","company":"1Coin","brand":"Litentry","updated":"2021-07-05 00:00:00","brand1":"L","day":"20210705","id":"8456880","type":"LIT","code":"IT"},{"buy":"1.00","sell":"1.00","company":"1Coin","brand":"USDX [Kava]","updated":"2021-07-05 00:00:00","brand1":"U[","day":"20210705","id":"8491536","type":"USDX","code":"USDX"},{"buy":"0.88","sell":"0.88","company":"1Coin","brand":"MiL.k","updated":"2021-07-05 00:00:00","brand1":"M","day":"20210705","id":"8397334","type":"MLK","code":"LK"},{"buy":"0.43","sell":"0.43","company":"1Coin","brand":"Ellipsis","updated":"2021-07-05 00:00:00","brand1":"E","day":"20210705","id":"8453504","type":"EPS","code":"PS"},{"buy":"0.43","sell":"0.43","company":"1Coin","brand":"SuperFarm","updated":"2021-07-05 00:00:00","brand1":"S","day":"20210705","id":"8457809","type":"SUPER","code":"UPER"},{"buy":"0.36","sell":"0.36","company":"1Coin","brand":"Hathor","updated":"2021-07-05 00:00:00","brand1":"H","day":"20210705","id":"8424020","type":"HTR","code":"TR"},{"buy":"0.30","sell":"0.30","company":"1Coin","brand":"Darma Cash","updated":"2021-07-05 00:00:00","brand1":"DC","day":"20210705","id":"8498724","type":"DMCH","code":"DMCH"},{"buy":"0.30","sell":"0.30","company":"1Coin","brand":"MarketPeak","updated":"2021-07-05 00:00:00","brand1":"M","day":"20210705","id":"8473515","type":"PEAK","code":"PEAK"},{"buy":"0.23","sell":"0.23","company":"1Coin","brand":"GlitzKoin","updated":"2021-07-05 00:00:00","brand1":"G","day":"20210705","id":"8498186","type":"GTN","code":"TN"},{"buy":"0.17","sell":"0.17","company":"1Coin","brand":"Small Love Potion","updated":"2021-07-05 00:00:00","brand1":"SLP","day":"20210705","id":"8396969","type":"SLP","code":""},{"buy":"0.15","sell":"0.15","company":"1Coin","brand":"Chromia","updated":"2021-07-05 00:00:00","brand1":"C","day":"20210705","id":"8420723","type":"CHR","code":"HR"},{"buy":"0.15","sell":"0.15","company":"1Coin","brand":"Qcash","updated":"2021-07-05 00:00:00","brand1":"Q","day":"20210705","id":"8468726","type":"QC","code":"C"},{"buy":"0.13","sell":"0.13","company":"1Coin","brand":"district0x","updated":"2021-07-05 00:00:00","brand1":"d","day":"20210705","id":"8468120","type":"DNT","code":"DNT"},{"buy":"0.11","sell":"0.11","company":"1Coin","brand":"Basid Coin","updated":"2021-07-05 00:00:00","brand1":"BC","day":"20210705","id":"8500057","type":"BASID","code":"BASID"},{"buy":"0.08","sell":"0.08","company":"1Coin","brand":"Centrality","updated":"2021-07-05 00:00:00","brand1":"C","day":"20210705","id":"8394979","type":"CENNZ","code":"ENNZ"},{"buy":"0.07","sell":"0.07","company":"1Coin","brand":"Oasis Network","updated":"2021-07-05 00:00:00","brand1":"ON","day":"20210705","id":"8472514","type":"ROSE","code":"ROSE"},{"buy":"0.07","sell":"0.07","company":"1Coin","brand":"TRON","updated":"2021-07-05 00:00:00","brand1":"TRON","day":"20210705","id":"8389233","type":"TRX","code":"TRX"},{"buy":"0.06","sell":"0.06","company":"1Coin","brand":"Bytom","updated":"2021-07-05 00:00:00","brand1":"B","day":"20210705","id":"8396402","type":"BTM","code":"TM"},{"buy":"0.05","sell":"0.05","company":"1Coin","brand":"Empty Set Dollar","updated":"2021-07-05 00:00:00","brand1":"ESD","day":"20210705","id":"8463361","type":"ESD","code":""},{"buy":"0.05","sell":"0.05","company":"1Coin","brand":"Velas","updated":"2021-07-05 00:00:00","brand1":"V","day":"20210705","id":"8395612","type":"VLX","code":"LX"},{"buy":"0.03","sell":"0.03","company":"1Coin","brand":"TokenPocket","updated":"2021-07-05 00:00:00","brand1":"T","day":"20210705","id":"8398219","type":"TPT","code":"P"},{"buy":"0.02","sell":"0.02","company":"1Coin","brand":"QuarkChain","updated":"2021-07-05 00:00:00","brand1":"Q","day":"20210705","id":"8471887","type":"QKC","code":"KC"},{"buy":"0.02","sell":"0.02","company":"1Coin","brand":"Sun (New)","updated":"2021-07-05 00:00:00","brand1":"S(","day":"20210705","id":"8423371","type":"SUN","code":"SUN"},{"buy":"0.02","sell":"0.02","company":"1Coin","brand":"Venus USDC","updated":"2021-07-05 00:00:00","brand1":"VU","day":"20210705","id":"8423155","type":"VUSDC","code":"SDC"},{"buy":"0.01","sell":"0.01","company":"1Coin","brand":"Gala","updated":"2021-07-05 00:00:00","brand1":"Gala","day":"20210705","id":"8444660","type":"GALA","code":"GALA"},{"buy":"0.01","sell":"0.01","company":"1Coin","brand":"Mainframe","updated":"2021-07-05 00:00:00","brand1":"M","day":"20210705","id":"8460909","type":"MFT","code":"FT"},{"buy":"0.01","sell":"0.01","company":"1Coin","brand":"PAC Protocol","updated":"2021-07-05 00:00:00","brand1":"PP","day":"20210705","id":"8422782","type":"PAC","code":"PAC"},{"buy":"0.00","sell":"0.00","company":"1Coin","brand":"Bytecoin","updated":"2021-07-05 00:00:00","brand1":"B","day":"20210705","id":"8485316","type":"BCN","code":"CN"},{"buy":"0.00","sell":"0.00","company":"1Coin","brand":"inSure DeFi","updated":"2021-07-05 00:00:00","brand1":"iD","day":"20210705","id":"8423453","type":"SURE","code":"SURE"},{"buy":"0.00","sell":"0.00","company":"1Coin","brand":"Kin","updated":"2021-07-05 00:00:00","brand1":"Kin","day":"20210705","id":"8437063","type":"KIN","code":"KIN"},{"buy":"0.00","sell":"0.00","company":"1Coin","brand":"ZEON","updated":"2021-07-05 00:00:00","brand1":"ZEON","day":"20210705","id":"8436430","type":"ZEON","code":""}]},{"updated":"2021-07-04 00:00:00","date":"20210704","gold":[],"value":[{"buy":"6,649.95","sell":"6,649.95","company":"1Coin","brand":"cVault.finance","updated":"2021-07-04 00:00:00","brand1":"c","day":"20210704","id":"8499152","type":"CORE","code":"CORE"},{"buy":"129.63","sell":"129.63","company":"1Coin","brand":"KeeperDAO","updated":"2021-07-04 00:00:00","brand1":"K","day":"20210704","id":"8494170","type":"ROOK","code":"ROO"},{"buy":"75.75","sell":"75.75","company":"1Coin","brand":"Illuvium","updated":"2021-07-04 00:00:00","brand1":"I","day":"20210704","id":"8457685","type":"ILV","code":"LV"},{"buy":"6.28","sell":"6.28","company":"1Coin","brand":"Gas","updated":"2021-07-04 00:00:00","brand1":"Gas","day":"20210704","id":"8443384","type":"GAS","code":"GAS"},{"buy":"5.74","sell":"5.74","company":"1Coin","brand":"Ethernity Chain","updated":"2021-07-04 00:00:00","brand1":"EC","day":"20210704","id":"8454122","type":"ERN","code":"ERN"},{"buy":"2.29","sell":"2.29","company":"1Coin","brand":"Litentry","updated":"2021-07-04 00:00:00","brand1":"L","day":"20210704","id":"8456881","type":"LIT","code":"IT"},{"buy":"1.00","sell":"1.00","company":"1Coin","brand":"USDX [Kava]","updated":"2021-07-04 00:00:00","brand1":"U[","day":"20210704","id":"8491537","type":"USDX","code":"USDX"},{"buy":"0.85","sell":"0.85","company":"1Coin","brand":"MiL.k","updated":"2021-07-04 00:00:00","brand1":"M","day":"20210704","id":"8397335","type":"MLK","code":"LK"},{"buy":"0.42","sell":"0.42","company":"1Coin","brand":"SuperFarm","updated":"2021-07-04 00:00:00","brand1":"S","day":"20210704","id":"8457810","type":"SUPER","code":"UPER"},{"buy":"0.40","sell":"0.40","company":"1Coin","brand":"Ellipsis","updated":"2021-07-04 00:00:00","brand1":"E","day":"20210704","id":"8453505","type":"EPS","code":"PS"},{"buy":"0.34","sell":"0.34","company":"1Coin","brand":"Hathor","updated":"2021-07-04 00:00:00","brand1":"H","day":"20210704","id":"8424021","type":"HTR","code":"TR"},{"buy":"0.30","sell":"0.30","company":"1Coin","brand":"Darma Cash","updated":"2021-07-04 00:00:00","brand1":"DC","day":"20210704","id":"8498725","type":"DMCH","code":"DMCH"},{"buy":"0.30","sell":"0.30","company":"1Coin","brand":"MarketPeak","updated":"2021-07-04 00:00:00","brand1":"M","day":"20210704","id":"8473516","type":"PEAK","code":"PEAK"},{"buy":"0.23","sell":"0.23","company":"1Coin","brand":"GlitzKoin","updated":"2021-07-04 00:00:00","brand1":"G","day":"20210704","id":"8498187","type":"GTN","code":"TN"},{"buy":"0.16","sell":"0.16","company":"1Coin","brand":"Small Love Potion","updated":"2021-07-04 00:00:00","brand1":"SLP","day":"20210704","id":"8396970","type":"SLP","code":""},{"buy":"0.15","sell":"0.15","company":"1Coin","brand":"Qcash","updated":"2021-07-04 00:00:00","brand1":"Q","day":"20210704","id":"8468727","type":"QC","code":"C"},{"buy":"0.14","sell":"0.14","company":"1Coin","brand":"Chromia","updated":"2021-07-04 00:00:00","brand1":"C","day":"20210704","id":"8420702","type":"CHR","code":"HR"},{"buy":"0.13","sell":"0.13","company":"1Coin","brand":"district0x","updated":"2021-07-04 00:00:00","brand1":"d","day":"20210704","id":"8467849","type":"DNT","code":"DNT"},{"buy":"0.11","sell":"0.11","company":"1Coin","brand":"Basid Coin","updated":"2021-07-04 00:00:00","brand1":"BC","day":"20210704","id":"8500058","type":"BASID","code":"BASID"},{"buy":"0.08","sell":"0.08","company":"1Coin","brand":"Centrality","updated":"2021-07-04 00:00:00","brand1":"C","day":"20210704","id":"8394980","type":"CENNZ","code":"ENNZ"},{"buy":"0.07","sell":"0.07","company":"1Coin","brand":"Oasis Network","updated":"2021-07-04 00:00:00","brand1":"ON","day":"20210704","id":"8472515","type":"ROSE","code":"ROSE"},{"buy":"0.07","sell":"0.07","company":"1Coin","brand":"TRON","updated":"2021-07-04 00:00:00","brand1":"TRON","day":"20210704","id":"8389234","type":"TRX","code":"TRX"},{"buy":"0.06","sell":"0.06","company":"1Coin","brand":"Bytom","updated":"2021-07-04 00:00:00","brand1":"B","day":"20210704","id":"8396403","type":"BTM","code":"TM"},{"buy":"0.04","sell":"0.04","company":"1Coin","brand":"Empty Set Dollar","updated":"2021-07-04 00:00:00","brand1":"ESD","day":"20210704","id":"8463362","type":"ESD","code":""},{"buy":"0.04","sell":"0.04","company":"1Coin","brand":"Velas","updated":"2021-07-04 00:00:00","brand1":"V","day":"20210704","id":"8395631","type":"VLX","code":"LX"},{"buy":"0.02","sell":"0.02","company":"1Coin","brand":"QuarkChain","updated":"2021-07-04 00:00:00","brand1":"Q","day":"20210704","id":"8471877","type":"QKC","code":"KC"},{"buy":"0.02","sell":"0.02","company":"1Coin","brand":"Sun (New)","updated":"2021-07-04 00:00:00","brand1":"S(","day":"20210704","id":"8423372","type":"SUN","code":"SUN"},{"buy":"0.02","sell":"0.02","company":"1Coin","brand":"TokenPocket","updated":"2021-07-04 00:00:00","brand1":"T","day":"20210704","id":"8398220","type":"TPT","code":"P"},{"buy":"0.02","sell":"0.02","company":"1Coin","brand":"Venus USDC","updated":"2021-07-04 00:00:00","brand1":"VU","day":"20210704","id":"8423156","type":"VUSDC","code":"SDC"},{"buy":"0.01","sell":"0.01","company":"1Coin","brand":"Gala","updated":"2021-07-04 00:00:00","brand1":"Gala","day":"20210704","id":"8444661","type":"GALA","code":"GALA"},{"buy":"0.01","sell":"0.01","company":"1Coin","brand":"Mainframe","updated":"2021-07-04 00:00:00","brand1":"M","day":"20210704","id":"8460910","type":"MFT","code":"FT"},{"buy":"0.01","sell":"0.01","company":"1Coin","brand":"PAC Protocol","updated":"2021-07-04 00:00:00","brand1":"PP","day":"20210704","id":"8422500","type":"PAC","code":"PAC"},{"buy":"0.00","sell":"0.00","company":"1Coin","brand":"Bytecoin","updated":"2021-07-04 00:00:00","brand1":"B","day":"20210704","id":"8485317","type":"BCN","code":"CN"},{"buy":"0.00","sell":"0.00","company":"1Coin","brand":"inSure DeFi","updated":"2021-07-04 00:00:00","brand1":"iD","day":"20210704","id":"8423454","type":"SURE","code":"SURE"},{"buy":"0.00","sell":"0.00","company":"1Coin","brand":"Kin","updated":"2021-07-04 00:00:00","brand1":"Kin","day":"20210704","id":"8436812","type":"KIN","code":"KIN"},{"buy":"0.00","sell":"0.00","company":"1Coin","brand":"ZEON","updated":"2021-07-04 00:00:00","brand1":"ZEON","day":"20210704","id":"8436251","type":"ZEON","code":""}]},{"updated":"2021-07-03 00:00:01","date":"20210703","gold":[],"value":[{"buy":"56,620.00","sell":"57,200.00","company":"SJC","brand":"Long Xuyên","updated":"2021-07-03 00:00:01","brand1":"LX","day":"20210703","id":"8379004","type":"Vàng SJC","code":""},{"buy":"56,600.00","sell":"57,170.00","company":"SJC","brand":"Bạc Liêu","updated":"2021-07-03 00:00:01","brand1":"BL","day":"20210703","id":"8379005","type":"Vàng SJC","code":""},{"buy":"56,600.00","sell":"57,150.00","company":"SJC","brand":"Biên Hòa","updated":"2021-07-03 00:00:01","brand1":"BH","day":"20210703","id":"8379001","type":"Vàng SJC","code":""},{"buy":"56,600.00","sell":"57,170.00","company":"SJC","brand":"Cà Mau","updated":"2021-07-03 00:00:01","brand1":"CM","day":"20210703","id":"8378998","type":"Vàng SJC","code":""},{"buy":"56,600.00","sell":"57,170.00","company":"SJC","brand":"Hà Nội","updated":"2021-07-03 00:00:01","brand1":"HN","day":"20210703","id":"8378995","type":"Vàng SJC","code":""},{"buy":"56,600.00","sell":"57,150.00","company":"SJC","brand":"Hồ Chí Minh","updated":"2021-07-03 00:00:01","brand1":"HCM","day":"20210703","id":"8378986","type":"Vàng SJC 1L","code":""},{"buy":"56,600.00","sell":"57,150.00","company":"SJC","brand":"Miền Tây","updated":"2021-07-03 00:00:01","brand1":"MT","day":"20210703","id":"8379002","type":"Vàng SJC","code":""},{"buy":"56,600.00","sell":"57,170.00","company":"SJC","brand":"Nha Trang","updated":"2021-07-03 00:00:01","brand1":"NT","day":"20210703","id":"8378997","type":"Vàng SJC","code":""},{"buy":"56,600.00","sell":"57,150.00","company":"SJC","brand":"Quãng Ngãi","updated":"2021-07-03 00:00:01","brand1":"QN","day":"20210703","id":"8379003","type":"Vàng SJC","code":""},{"buy":"56,600.00","sell":"57,170.00","company":"SJC","brand":"Đà  Nẵng","updated":"2021-07-03 00:00:01","brand1":"ĐN","day":"20210703","id":"8378996","type":"Vàng SJC","code":""},{"buy":"56,580.00","sell":"57,170.00","company":"SJC","brand":"Bình Phước","updated":"2021-07-03 00:00:01","brand1":"BP","day":"20210703","id":"8379000","type":"Vàng SJC","code":""},{"buy":"56,580.00","sell":"57,170.00","company":"SJC","brand":"Hạ Long","updated":"2021-07-03 00:00:01","brand1":"HL","day":"20210703","id":"8379008","type":"Vàng SJC","code":""},{"buy":"56,580.00","sell":"57,170.00","company":"SJC","brand":"Phan Rang","updated":"2021-07-03 00:00:01","brand1":"PR","day":"20210703","id":"8379007","type":"Vàng SJC","code":""},{"buy":"56,580.00","sell":"57,170.00","company":"SJC","brand":"Quảng Nam","updated":"2021-07-03 00:00:01","brand1":"QN","day":"20210703","id":"8379009","type":"Vàng SJC","code":""},{"buy":"56,580.00","sell":"57,170.00","company":"SJC","brand":"Quy Nhơn","updated":"2021-07-03 00:00:01","brand1":"QN","day":"20210703","id":"8379006","type":"Vàng SJC","code":""},{"buy":"56,570.00","sell":"57,180.00","company":"SJC","brand":"Huế","updated":"2021-07-03 00:00:01","brand1":"Huế","day":"20210703","id":"8378999","type":"Vàng SJC","code":""},{"buy":"51,150.00","sell":"51,850.00","company":"SJC","brand":"Hồ Chí Minh","updated":"2021-07-03 00:00:01","brand1":"HCM","day":"20210703","id":"8378989","type":"Vàng nhẫn SJC 99,99 0,5 chỉ","code":"nhẫn  99,99 0,5 chỉ"},{"buy":"51,150.00","sell":"51,750.00","company":"SJC","brand":"Hồ Chí Minh","updated":"2021-07-03 00:00:01","brand1":"HCM","day":"20210703","id":"8378987","type":"Vàng nhẫn SJC 99,99 1 chỉ, 2 chỉ, 5 chỉ","code":"nhẫn  99,99 1 chỉ, 2 chỉ, 5 chỉ"},{"buy":"50,750.00","sell":"51,450.00","company":"SJC","brand":"Hồ Chí Minh","updated":"2021-07-03 00:00:01","brand1":"HCM","day":"20210703","id":"8378990","type":"Vàng nữ trang 99,99%","code":"nữ trang 99,99%"},{"buy":"49,941.00","sell":"50,941.00","company":"SJC","brand":"Hồ Chí Minh","updated":"2021-07-03 00:00:01","brand1":"HCM","day":"20210703","id":"8378991","type":"Vàng nữ trang 99%","code":"nữ trang 99%"},{"buy":"36,741.00","sell":"38,741.00","company":"SJC","brand":"Hồ Chí Minh","updated":"2021-07-03 00:00:01","brand1":"HCM","day":"20210703","id":"8378992","type":"Vàng nữ trang 75%","code":"nữ trang 75%"},{"buy":"28,148.00","sell":"30,148.00","company":"SJC","brand":"Hồ Chí Minh","updated":"2021-07-03 00:00:01","brand1":"HCM","day":"20210703","id":"8378993","type":"Vàng nữ trang 58,3%","code":"nữ trang 58,3%"},{"buy":"19,607.00","sell":"21,607.00","company":"SJC","brand":"Hồ Chí Minh","updated":"2021-07-03 00:00:01","brand1":"HCM","day":"20210703","id":"8378994","type":"Vàng nữ trang 41,7%","code":"nữ trang 41,7%"},{"buy":"56,550.00","sell":"57,050.00","company":"DOJI","brand":"","updated":"2021-07-03 00:00:01","brand1":"","day":"20210703","id":"8378985","type":"AVPL \/ DOJI CT buôn","code":"AVPL \/  CT buôn"},{"buy":"56,550.00","sell":"57,050.00","company":"DOJI","brand":"","updated":"2021-07-03 00:00:01","brand1":"","day":"20210703","id":"8378984","type":"AVPL \/ DOJI CT lẻ","code":"AVPL \/  CT"},{"buy":"56,550.00","sell":"57,100.00","company":"DOJI","brand":"","updated":"2021-07-03 00:00:01","brand1":"","day":"20210703","id":"8378981","type":"AVPL \/ DOJI ĐN buôn","code":"AVPL \/  ĐN buôn"},{"buy":"56,550.00","sell":"57,100.00","company":"DOJI","brand":"","updated":"2021-07-03 00:00:01","brand1":"","day":"20210703","id":"8378980","type":"AVPL \/ DOJI ĐN lẻ","code":"AVPL \/  ĐN"},{"buy":"56,550.00","sell":"57,050.00","company":"DOJI","brand":"Hà Nội","updated":"2021-07-03 00:00:01","brand1":"HN","day":"20210703","id":"8378977","type":"AVPL \/ DOJI HN buôn","code":"AVPL \/   buôn"},{"buy":"56,550.00","sell":"57,050.00","company":"DOJI","brand":"Hà Nội","updated":"2021-07-03 00:00:01","brand1":"HN","day":"20210703","id":"8378976","type":"AVPL \/ DOJI HN lẻ","code":"AVPL \/"},{"buy":"56,500.00","sell":"57,000.00","company":"DOJI","brand":"Hồ Chí Minh","updated":"2021-07-03 00:00:01","brand1":"HCM","day":"20210703","id":"8378979","type":"AVPL \/ DOJI HCM buôn","code":"AVPL \/   buôn"},{"buy":"56,500.00","sell":"57,000.00","company":"DOJI","brand":"Hồ Chí Minh","updated":"2021-07-03 00:00:01","brand1":"HCM","day":"20210703","id":"8378978","type":"AVPL \/ DOJI HCM lẻ","code":"AVPL \/"},{"buy":"50,980.00","sell":"51,180.00","company":"DOJI","brand":"Hà Nội","updated":"2021-07-03 00:00:01","brand1":"HN","day":"20210703","id":"8378982","type":"Nguyên liêu 9999 - HN","code":"Nguyên liêu 9999 -"},{"buy":"50,930.00","sell":"51,130.00","company":"DOJI","brand":"Hà Nội","updated":"2021-07-03 00:00:01","brand1":"HN","day":"20210703","id":"8378983","type":"Nguyên liêu 999 - HN","code":"Nguyên liêu 999 -"},{"buy":"5,655.00","sell":"5,710.00","company":"DOJI","brand":"","updated":"2021-07-03 00:00:01","brand1":"","day":"20210703","id":"8378956","type":"Kim Thần Tài","code":"Kim Thần Tài"},{"buy":"5,655.00","sell":"5,710.00","company":"DOJI","brand":"","updated":"2021-07-03 00:00:01","brand1":"","day":"20210703","id":"8378955","type":"Lộc Phát Tài","code":"Lộc Phát Tài"},{"buy":"5,655.00","sell":"5,705.00","company":"DOJI","brand":"Hà Nội","updated":"2021-07-03 00:00:01","brand1":"HN","day":"20210703","id":"8378942","type":"Kim Ngân Tài","code":"Kim Ngân Tài"},{"buy":"5,655.00","sell":"5,705.00","company":"DOJI","brand":"Hà Nội","updated":"2021-07-03 00:00:01","brand1":"HN","day":"20210703","id":"8378939","type":"Kim Ngưu","code":"Kim Ngưu"},{"buy":"5,655.00","sell":"5,705.00","company":"DOJI","brand":"Hà Nội","updated":"2021-07-03 00:00:01","brand1":"HN","day":"20210703","id":"8378940","type":"Kim Thần Tài","code":"Kim Thần Tài"},{"buy":"5,655.00","sell":"5,705.00","company":"DOJI","brand":"Hà Nội","updated":"2021-07-03 00:00:01","brand1":"HN","day":"20210703","id":"8378941","type":"Lộc Phát Tài","code":"Lộc Phát Tài"},{"buy":"5,650.00","sell":"5,700.00","company":"DOJI","brand":"Hồ Chí Minh","updated":"2021-07-03 00:00:01","brand1":"HCM","day":"20210703","id":"8378964","type":"Kim Ngưu","code":"Kim Ngưu"},{"buy":"5,650.00","sell":"5,700.00","company":"DOJI","brand":"Hồ Chí Minh","updated":"2021-07-03 00:00:01","brand1":"HCM","day":"20210703","id":"8378965","type":"Kim Thần Tài","code":"Kim Thần Tài"},{"buy":"5,650.00","sell":"5,700.00","company":"DOJI","brand":"Hồ Chí Minh","updated":"2021-07-03 00:00:01","brand1":"HCM","day":"20210703","id":"8378966","type":"Lộc Phát Tài","code":"Lộc Phát Tài"},{"buy":"5,103.00","sell":"5,148.00","company":"DOJI","brand":"Hà Nội","updated":"2021-07-03 00:00:01","brand1":"HN","day":"20210703","id":"8378943","type":"Hưng Thịnh Vượng","code":"Hưng Thịnh Vượng"},{"buy":"5,103.00","sell":"5,148.00","company":"DOJI","brand":"Hồ Chí Minh","updated":"2021-07-03 00:00:01","brand1":"HCM","day":"20210703","id":"8378967","type":"Nhẫn H.T.V","code":"Nhẫn H.T.V"},{"buy":"5,098.00","sell":"5,118.00","company":"DOJI","brand":"Hà Nội","updated":"2021-07-03 00:00:01","brand1":"HN","day":"20210703","id":"8378944","type":"Nguyên liệu 99.99","code":"Nguyên liệu 99.99"},{"buy":"5,095.00","sell":"5,120.00","company":"DOJI","brand":"","updated":"2021-07-03 00:00:01","brand1":"","day":"20210703","id":"8378953","type":"Nguyên liệu 9999","code":"Nguyên liệu 9999"},{"buy":"5,093.00","sell":"5,113.00","company":"DOJI","brand":"Hà Nội","updated":"2021-07-03 00:00:01","brand1":"HN","day":"20210703","id":"8378945","type":"Nguyên liệu 99.9","code":"Nguyên liệu 99.9"},{"buy":"5,093.00","sell":"5,113.00","company":"DOJI","brand":"Hồ Chí Minh","updated":"2021-07-03 00:00:01","brand1":"HCM","day":"20210703","id":"8378968","type":"Nguyên liệu 9999","code":"Nguyên liệu 9999"},{"buy":"5,090.00","sell":"5,115.00","company":"DOJI","brand":"","updated":"2021-07-03 00:00:01","brand1":"","day":"20210703","id":"8378954","type":"Nguyên liệu 999","code":"Nguyên liệu 999"},{"buy":"5,088.00","sell":"5,108.00","company":"DOJI","brand":"Hồ Chí Minh","updated":"2021-07-03 00:00:01","brand1":"HCM","day":"20210703","id":"8378969","type":"Nguyên liệu 999","code":"Nguyên liệu 999"},{"buy":"5,068.00","sell":"5,148.00","company":"DOJI","brand":"Hà Nội","updated":"2021-07-03 00:00:01","brand1":"HN","day":"20210703","id":"8378946","type":"Nữ trang 99.99","code":"Nữ trang 99.99"},{"buy":"5,068.00","sell":"5,148.00","company":"DOJI","brand":"Hồ Chí Minh","updated":"2021-07-03 00:00:01","brand1":"HCM","day":"20210703","id":"8378970","type":"Nữ trang 99.99","code":"Nữ trang 99.99"},{"buy":"5,068.00","sell":"5,148.00","company":"DOJI","brand":"Nhẫn DOJI Hưng Thịnh Vượng","updated":"2021-07-03 00:00:01","brand1":"NDHTV","day":"20210703","id":"8378957","type":"Nữ trang 99.99","code":"Nữ trang 99.99"},{"buy":"5,058.00","sell":"5,138.00","company":"DOJI","brand":"Hà Nội","updated":"2021-07-03 00:00:01","brand1":"HN","day":"20210703","id":"8378947","type":"Nữ trang 99.9","code":"Nữ trang 99.9"},{"buy":"5,058.00","sell":"5,138.00","company":"DOJI","brand":"Hồ Chí Minh","updated":"2021-07-03 00:00:01","brand1":"HCM","day":"20210703","id":"8378971","type":"Nữ trang 99.9","code":"Nữ trang 99.9"},{"buy":"5,058.00","sell":"5,138.00","company":"DOJI","brand":"Nhẫn DOJI Hưng Thịnh Vượng","updated":"2021-07-03 00:00:01","brand1":"NDHTV","day":"20210703","id":"8378958","type":"Nữ trang 99.9","code":"Nữ trang 99.9"},{"buy":"4,988.00","sell":"5,103.00","company":"DOJI","brand":"Hà Nội","updated":"2021-07-03 00:00:01","brand1":"HN","day":"20210703","id":"8378948","type":"Nữ trang 99","code":"Nữ trang 99"},{"buy":"4,988.00","sell":"5,103.00","company":"DOJI","brand":"Hồ Chí Minh","updated":"2021-07-03 00:00:01","brand1":"HCM","day":"20210703","id":"8378972","type":"Nữ trang 99","code":"Nữ trang 99"},{"buy":"4,988.00","sell":"5,103.00","company":"DOJI","brand":"Nhẫn DOJI Hưng Thịnh Vượng","updated":"2021-07-03 00:00:01","brand1":"NDHTV","day":"20210703","id":"8378959","type":"Nữ trang 99","code":"Nữ trang 99"},{"buy":"3,761.00","sell":"3,961.00","company":"DOJI","brand":"Hà Nội","updated":"2021-07-03 00:00:01","brand1":"HN","day":"20210703","id":"8378949","type":"Nữ trang 18k","code":"Nữ trang 18k"},{"buy":"3,761.00","sell":"3,961.00","company":"DOJI","brand":"Hồ Chí Minh","updated":"2021-07-03 00:00:01","brand1":"HCM","day":"20210703","id":"8378973","type":"Nữ Trang 18k","code":"Nữ Trang 18k"},{"buy":"3,761.00","sell":"3,961.00","company":"DOJI","brand":"Nhẫn DOJI Hưng Thịnh Vượng","updated":"2021-07-03 00:00:01","brand1":"NDHTV","day":"20210703","id":"8378960","type":"Nữ trang 18k","code":"Nữ trang 18k"},{"buy":"3,367.00","sell":"3,667.00","company":"DOJI","brand":"Hà Nội","updated":"2021-07-03 00:00:01","brand1":"HN","day":"20210703","id":"8378950","type":"Nữ trang 16k","code":"Nữ trang 16k"},{"buy":"3,367.00","sell":"3,667.00","company":"DOJI","brand":"Nhẫn DOJI Hưng Thịnh Vượng","updated":"2021-07-03 00:00:01","brand1":"NDHTV","day":"20210703","id":"8378961","type":"Nữ trang 68","code":"Nữ trang 68"},{"buy":"2,823.00","sell":"3,023.00","company":"DOJI","brand":"Hà Nội","updated":"2021-07-03 00:00:01","brand1":"HN","day":"20210703","id":"8378951","type":"Nữ trang 14k","code":"Nữ trang 14k"},{"buy":"2,823.00","sell":"3,023.00","company":"DOJI","brand":"Hồ Chí Minh","updated":"2021-07-03 00:00:01","brand1":"HCM","day":"20210703","id":"8378974","type":"Nữ Trang 14k","code":"Nữ Trang 14k"},{"buy":"2,823.00","sell":"3,023.00","company":"DOJI","brand":"Nhẫn DOJI Hưng Thịnh Vượng","updated":"2021-07-03 00:00:01","brand1":"NDHTV","day":"20210703","id":"8378962","type":"Nữ trang 14k","code":"Nữ trang 14k"},{"buy":"2,718.00","sell":"2,788.00","company":"DOJI","brand":"Hồ Chí Minh","updated":"2021-07-03 00:00:01","brand1":"HCM","day":"20210703","id":"8378975","type":"Nữ trang 68","code":"Nữ trang 68"},{"buy":"1,426.00","sell":"1,576.00","company":"DOJI","brand":"Hà Nội","updated":"2021-07-03 00:00:01","brand1":"HN","day":"20210703","id":"8378952","type":"Nữ trang 10k","code":"Nữ trang 10k"},{"buy":"1,426.00","sell":"1,576.00","company":"DOJI","brand":"Nhẫn DOJI Hưng Thịnh Vượng","updated":"2021-07-03 00:00:01","brand1":"NDHTV","day":"20210703","id":"8378963","type":"Nữ trang 10k","code":"Nữ trang 10k"},{"buy":"56,600.00","sell":"57,100.00","company":"3BANKS","brand":"SCB","updated":"2021-07-03 00:01:13","brand1":"SCB","day":"20210703","id":"8379010","type":"SJC","code":"SJC"},{"buy":"56,450.00","sell":"57,070.00","company":"3BANKS","brand":"VIETINBANK GOLD","updated":"2021-07-03 00:37:25","brand1":"VG","day":"20210703","id":"8379237","type":"SJC","code":"SJC"},{"buy":"56,250.00","sell":"57,450.00","company":"3BANKS","brand":"MARITIME BANK","updated":"2021-07-03 09:19:54","brand1":"MB","day":"20210703","id":"8381900","type":"SJC","code":"SJC"},{"buy":"54,400.00","sell":"55,600.00","company":"3BANKS","brand":"SACOMBANK","updated":"2021-07-03 00:27:11","brand1":"S","day":"20210703","id":"8379217","type":"SJC","code":"JC"},{"buy":"56,820.00","sell":"57,020.00","company":"2GROUP","brand":"Mi Hồng SJC","updated":"2021-07-03 11:03:13","brand1":"MHS","day":"20210703","id":"8383782","type":"SJC","code":"SJC"},{"buy":"56,650.00","sell":"57,150.00","company":"2GROUP","brand":"PHÚ QUÝ SJC","updated":"2021-07-03 08:12:39","brand1":"PQS","day":"20210703","id":"8381056","type":"SJC","code":"SJC"},{"buy":"56,600.00","sell":"57,200.00","company":"2GROUP","brand":"PNJ SJC","updated":"2021-07-03 09:04:36","brand1":"PS","day":"20210703","id":"8381666","type":"SJC","code":"SJC"},{"buy":"56,200.00","sell":"57,200.00","company":"2GROUP","brand":"Ngọc Hải SJC HCM","updated":"2021-07-03 09:40:37","brand1":"NHSH","day":"20210703","id":"8382223","type":"SJC","code":"SJC"},{"buy":"56,200.00","sell":"57,200.00","company":"2GROUP","brand":"Ngọc Hải SJC Long An","updated":"2021-07-03 09:40:37","brand1":"NHSLA","day":"20210703","id":"8382221","type":"SJC","code":"SJC"},{"buy":"56,200.00","sell":"57,200.00","company":"2GROUP","brand":"Ngọc Hải SJC Tân Hiệp","updated":"2021-07-03 09:40:37","brand1":"NHSTH","day":"20210703","id":"8382219","type":"SJC","code":"SJC"},{"buy":"51,300.00","sell":"52,700.00","company":"2GROUP","brand":"PNJ 1L","updated":"2021-07-03 08:28:09","brand1":"P1","day":"20210703","id":"8381193","type":"SJC","code":"SJC"},{"buy":"1,787.30","sell":"1,788.30","company":"2GROUP","brand":"SPOT GOLD","updated":"2021-07-03 04:02:01","brand1":"SG","day":"20210703","id":"8379887","type":"SJC","code":"SJC"},{"buy":"75.19","sell":"75.19","company":"2GROUP","brand":"OIL","updated":"2021-07-03 04:12:26","brand1":"OIL","day":"20210703","id":"8379908","type":"SJC","code":"SJC"},{"buy":"51,200.00","sell":"51,900.00","company":"1OTHER","brand":"Nhẫn PHÚ QUÝ 24K","updated":"2021-07-03 07:57:09","brand1":"NPQ2","day":"20210703","id":"8380289","type":"SJC","code":"SJC"},{"buy":"51,200.00","sell":"51,800.00","company":"1OTHER","brand":"Nhẫn SJC 99,99","updated":"2021-07-03 09:56:21","brand1":"NS9","day":"20210703","id":"8383853","type":"SJC*","code":"SJC*"},{"buy":"51,100.00","sell":"51,700.00","company":"1OTHER","brand":"PNJ Nhẫn 24K","updated":"2021-07-03 08:28:09","brand1":"PN2","day":"20210703","id":"8381195","type":"SJC","code":"SJC"},{"buy":"51,000.00","sell":"51,350.00","company":"1OTHER","brand":"Mi Hồng 999","updated":"2021-07-03 11:03:13","brand1":"MH9","day":"20210703","id":"8383783","type":"SJC","code":"SJC"},{"buy":"50,600.00","sell":"51,400.00","company":"1OTHER","brand":"PNJ NT 24K","updated":"2021-07-03 08:28:09","brand1":"PN2","day":"20210703","id":"8381194","type":"SJC","code":"SJC"},{"buy":"50,300.00","sell":"51,300.00","company":"1OTHER","brand":"Ngọc Hải 24K HCM","updated":"2021-07-03 09:40:37","brand1":"NH2H","day":"20210703","id":"8382224","type":"SJC","code":"SJC"},{"buy":"50,300.00","sell":"51,300.00","company":"1OTHER","brand":"Ngọc Hải 24K Long An","updated":"2021-07-03 09:40:37","brand1":"NH2LA","day":"20210703","id":"8382222","type":"SJC","code":"SJC"},{"buy":"50,300.00","sell":"51,300.00","company":"1OTHER","brand":"Ngọc Hải 24K Tân Hiệp","updated":"2021-07-03 09:40:37","brand1":"NH2TH","day":"20210703","id":"8382220","type":"SJC","code":"SJC"},{"buy":"50,000.00","sell":"51,000.00","company":"1OTHER","brand":"Mi Hồng 985","updated":"2021-07-03 11:03:13","brand1":"MH9","day":"20210703","id":"8383784","type":"SJC","code":"SJC"},{"buy":"49,800.00","sell":"50,800.00","company":"1OTHER","brand":"Mi Hồng 980","updated":"2021-07-03 11:03:13","brand1":"MH9","day":"20210703","id":"8383785","type":"SJC","code":"SJC"},{"buy":"37,300.00","sell":"38,700.00","company":"1OTHER","brand":"PNJ NT 18K","updated":"2021-07-03 08:28:09","brand1":"PN1","day":"20210703","id":"8381196","type":"SJC","code":"SJC"},{"buy":"34,290.00","sell":"38,790.00","company":"1OTHER","brand":"Ngọc Hải 17K HCM","updated":"2021-07-03 00:22:19","brand1":"NH1H","day":"20210703","id":"8379197","type":"SJC","code":"SJC"},{"buy":"34,290.00","sell":"38,790.00","company":"1OTHER","brand":"Ngọc Hải 17K Long An","updated":"2021-07-03 00:22:19","brand1":"NH1LA","day":"20210703","id":"8379194","type":"SJC","code":"SJC"},{"buy":"34,290.00","sell":"38,790.00","company":"1OTHER","brand":"Ngọc Hải 17K Tân Hiệp","updated":"2021-07-03 00:22:19","brand1":"NH1TH","day":"20210703","id":"8379191","type":"SJC","code":"SJC"},{"buy":"33,700.00","sell":"35,700.00","company":"1OTHER","brand":"Mi Hồng 750","updated":"2021-07-03 07:25:58","brand1":"MH7","day":"20210703","id":"8380237","type":"SJC","code":"SJC"},{"buy":"31,000.00","sell":"32,700.00","company":"1OTHER","brand":"Mi Hồng 680","updated":"2021-07-03 11:03:13","brand1":"MH6","day":"20210703","id":"8383787","type":"SJC","code":"SJC"},{"buy":"30,000.00","sell":"31,700.00","company":"1OTHER","brand":"Mi Hồng 610","updated":"2021-07-03 11:03:13","brand1":"MH6","day":"20210703","id":"8383788","type":"SJC","code":"SJC"},{"buy":"28,820.00","sell":"30,220.00","company":"1OTHER","brand":"PNJ NT 14K","updated":"2021-07-03 08:28:09","brand1":"PN1","day":"20210703","id":"8381197","type":"SJC","code":"SJC"},{"buy":"20,130.00","sell":"21,530.00","company":"1OTHER","brand":"PNJ NT 10K","updated":"2021-07-03 08:28:09","brand1":"PN1","day":"20210703","id":"8381198","type":"SJC","code":"SJC"},{"buy":"0.00","sell":"48,100.00","company":"1OTHER","brand":"Mi Hồng 950","updated":"2021-07-03 11:03:13","brand1":"MH9","day":"20210703","id":"8383786","type":"SJC","code":"SJC"},{"buy":"34,531.00","sell":"34,531.00","company":"1Coin","brand":"Wrapped Bitcoin","updated":"2021-07-03 15:58:56","brand1":"WB","day":"20210703","id":"8388544","type":"WBTC","code":"TC"},{"buy":"34,525.00","sell":"34,525.00","company":"1Coin","brand":"Bitcoin","updated":"2021-07-03 16:09:05","brand1":"B","day":"20210703","id":"8388607","type":"BTC","code":"TC"},{"buy":"33,732.57","sell":"33,732.57","company":"1Coin","brand":"Huobi BTC","updated":"2021-07-03 12:05:33","brand1":"HB","day":"20210703","id":"8384866","type":"HBTC","code":"TC"},{"buy":"33,545.65","sell":"33,545.65","company":"1Coin","brand":"Bitcoin BEP2","updated":"2021-07-03 12:05:10","brand1":"BB","day":"20210703","id":"8384755","type":"BTCB","code":"BTCB"},{"buy":"33,416.08","sell":"33,416.08","company":"1Coin","brand":"renBTC","updated":"2021-07-03 12:05:19","brand1":"r","day":"20210703","id":"8384812","type":"RENBTC","code":"RENBTC"},{"buy":"31,874.62","sell":"31,874.62","company":"1Coin","brand":"yearn.finance","updated":"2021-07-03 12:05:14","brand1":"y","day":"20210703","id":"8384780","type":"YFI","code":"YFI"},{"buy":"6,540.30","sell":"6,540.30","company":"1Coin","brand":"cVault.finance","updated":"2021-07-03 00:00:00","brand1":"c","day":"20210703","id":"8499153","type":"CORE","code":"CORE"},{"buy":"2,555.48","sell":"2,555.48","company":"1Coin","brand":"Maker","updated":"2021-07-03 12:05:10","brand1":"M","day":"20210703","id":"8384751","type":"MKR","code":"KR"},{"buy":"2,191.24","sell":"2,191.24","company":"1Coin","brand":"Ethereum","updated":"2021-07-03 15:58:55","brand1":"E","day":"20210703","id":"8388537","type":"ETH","code":"TH"},{"buy":"2,191.24","sell":"2,191.24","company":"1Coin","brand":"Ethereum 2","updated":"2021-07-03 15:58:55","brand1":"E2","day":"20210703","id":"8388538","type":"ETH2","code":"ETH2"},{"buy":"2,131.17","sell":"2,131.17","company":"1Coin","brand":"stETH","updated":"2021-07-03 12:05:33","brand1":"s","day":"20210703","id":"8384871","type":"STETH","code":"STETH"},{"buy":"1,875.96","sell":"1,875.96","company":"1Coin","brand":"DFI.Money","updated":"2021-07-03 12:05:47","brand1":"D","day":"20210703","id":"8384971","type":"YFII","code":"YFII"},{"buy":"1,788.35","sell":"1,788.35","company":"1Coin","brand":"PAX Gold","updated":"2021-07-03 12:05:39","brand1":"PG","day":"20210703","id":"8384936","type":"PAXG","code":"PAXG"},{"buy":"1,013.57","sell":"1,013.57","company":"1Coin","brand":"Beefy.Finance","updated":"2021-07-03 02:05:54","brand1":"B","day":"20210703","id":"8379661","type":"BIFI","code":"IFI"},{"buy":"675.09","sell":"675.09","company":"1Coin","brand":"Venus BTC","updated":"2021-07-03 12:05:38","brand1":"VB","day":"20210703","id":"8384920","type":"VBTC","code":"TC"},{"buy":"507.55","sell":"507.55","company":"1Coin","brand":"Bitcoin Cash","updated":"2021-07-03 15:58:56","brand1":"BC","day":"20210703","id":"8388541","type":"BCH","code":"H"},{"buy":"455.11","sell":"455.11","company":"1Coin","brand":"QuickSwap","updated":"2021-07-03 10:03:43","brand1":"Q","day":"20210703","id":"8382847","type":"QUICK","code":"UICK"},{"buy":"368.32","sell":"368.32","company":"1Coin","brand":"Compound","updated":"2021-07-03 12:05:11","brand1":"C","day":"20210703","id":"8384761","type":"COMP","code":"OMP"},{"buy":"333.70","sell":"333.70","company":"1Coin","brand":"Alchemix","updated":"2021-07-03 12:05:42","brand1":"A","day":"20210703","id":"8384944","type":"ALCX","code":"LCX"},{"buy":"296.88","sell":"296.88","company":"1Coin","brand":"Wrapped BNB","updated":"2021-07-03 12:05:31","brand1":"WB","day":"20210703","id":"8384862","type":"WBNB","code":"NB"},{"buy":"293.30","sell":"293.30","company":"1Coin","brand":"Binance Coin","updated":"2021-07-03 15:58:55","brand1":"BC","day":"20210703","id":"8388539","type":"BNB","code":"BNB"},{"buy":"252.62","sell":"252.62","company":"1Coin","brand":"Aave","updated":"2021-07-03 15:58:57","brand1":"Aave","day":"20210703","id":"8388549","type":"AAVE","code":"AAVE"},{"buy":"214.03","sell":"214.03","company":"1Coin","brand":"Monero","updated":"2021-07-03 15:58:57","brand1":"M","day":"20210703","id":"8388548","type":"XMR","code":"XR"},{"buy":"210.79","sell":"210.79","company":"1Coin","brand":"Sora","updated":"2021-07-03 12:05:47","brand1":"Sora","day":"20210703","id":"8384969","type":"XOR","code":"XOR"},{"buy":"200.50","sell":"200.50","company":"1Coin","brand":"Kusama","updated":"2021-07-03 12:05:11","brand1":"K","day":"20210703","id":"8384765","type":"KSM","code":"SM"},{"buy":"162.40","sell":"162.40","company":"1Coin","brand":"Cream Finance","updated":"2021-07-03 12:05:41","brand1":"CF","day":"20210703","id":"8384939","type":"CREAM","code":"CREAM"},{"buy":"162.28","sell":"162.28","company":"1Coin","brand":"Gnosis","updated":"2021-07-03 12:05:22","brand1":"G","day":"20210703","id":"8384821","type":"GNO","code":"NO"},{"buy":"142.53","sell":"142.53","company":"1Coin","brand":"Bitcoin SV","updated":"2021-07-03 12:05:09","brand1":"BS","day":"20210703","id":"8384745","type":"BSV","code":"V"},{"buy":"140.33","sell":"140.33","company":"1Coin","brand":"Decred","updated":"2021-07-03 12:05:11","brand1":"D","day":"20210703","id":"8384763","type":"DCR","code":"CR"},{"buy":"139.18","sell":"139.18","company":"1Coin","brand":"Litecoin","updated":"2021-07-03 15:58:56","brand1":"L","day":"20210703","id":"8388543","type":"LTC","code":"TC"},{"buy":"136.26","sell":"136.26","company":"1Coin","brand":"KeeperDAO","updated":"2021-07-03 00:00:00","brand1":"K","day":"20210703","id":"8494171","type":"ROOK","code":"ROO"},{"buy":"133.30","sell":"133.30","company":"1Coin","brand":"Dash","updated":"2021-07-03 12:05:13","brand1":"Dash","day":"20210703","id":"8384777","type":"DASH","code":"DASH"},{"buy":"113.82","sell":"113.82","company":"1Coin","brand":"Zcash","updated":"2021-07-03 12:05:13","brand1":"Z","day":"20210703","id":"8384776","type":"ZEC","code":"EC"},{"buy":"101.80","sell":"101.80","company":"1Coin","brand":"Counos X","updated":"2021-07-03 12:05:31","brand1":"CX","day":"20210703","id":"8384863","type":"CCXX","code":"CX"},{"buy":"81.77","sell":"81.77","company":"1Coin","brand":"NXM","updated":"2021-07-03 12:05:34","brand1":"NXM","day":"20210703","id":"8384876","type":"NXM","code":""},{"buy":"81.25","sell":"81.25","company":"1Coin","brand":"Quant","updated":"2021-07-03 12:05:14","brand1":"Q","day":"20210703","id":"8384784","type":"QNT","code":"NT"},{"buy":"81.02","sell":"81.02","company":"1Coin","brand":"Elrond","updated":"2021-07-03 12:05:12","brand1":"E","day":"20210703","id":"8384773","type":"EGLD","code":"GLD"},{"buy":"73.01","sell":"73.01","company":"1Coin","brand":"Enzyme","updated":"2021-07-03 11:05:29","brand1":"E","day":"20210703","id":"8384855","type":"MLN","code":"MLN"},{"buy":"70.32","sell":"70.32","company":"1Coin","brand":"Illuvium","updated":"2021-07-03 00:00:00","brand1":"I","day":"20210703","id":"8457686","type":"ILV","code":"LV"},{"buy":"61.71","sell":"61.71","company":"1Coin","brand":"Horizen","updated":"2021-07-03 12:05:15","brand1":"H","day":"20210703","id":"8384794","type":"ZEN","code":"ZEN"},{"buy":"59.42","sell":"59.42","company":"1Coin","brand":"Filecoin","updated":"2021-07-03 15:58:57","brand1":"F","day":"20210703","id":"8388547","type":"FIL","code":"IL"},{"buy":"57.89","sell":"57.89","company":"1Coin","brand":"Ethereum Classic","updated":"2021-07-03 15:58:56","brand1":"EC","day":"20210703","id":"8388545","type":"ETC","code":"ETC"},{"buy":"54.02","sell":"54.02","company":"1Coin","brand":"Wrapped NXM","updated":"2021-07-03 12:05:42","brand1":"WN","day":"20210703","id":"8384947","type":"WNXM","code":"XM"},{"buy":"47.06","sell":"47.06","company":"1Coin","brand":"Internet Computer","updated":"2021-07-03 15:58:57","brand1":"IC","day":"20210703","id":"8388546","type":"ICP","code":"P"},{"buy":"45.80","sell":"45.80","company":"1Coin","brand":"Bitcoin Gold","updated":"2021-07-03 12:05:15","brand1":"BG","day":"20210703","id":"8384791","type":"BTG","code":"BTG"},{"buy":"43.20","sell":"43.20","company":"1Coin","brand":"Strike","updated":"2021-07-03 12:05:30","brand1":"S","day":"20210703","id":"8384858","type":"STRK","code":"TRK"},{"buy":"43.00","sell":"43.00","company":"1Coin","brand":"Venus ETH","updated":"2021-07-03 12:05:43","brand1":"VE","day":"20210703","id":"8384959","type":"VETH","code":"TH"},{"buy":"36.08","sell":"36.08","company":"1Coin","brand":"Neo","updated":"2021-07-03 12:05:10","brand1":"Neo","day":"20210703","id":"8384749","type":"NEO","code":"NEO"},{"buy":"34.91","sell":"34.91","company":"1Coin","brand":"Solana","updated":"2021-07-03 15:58:56","brand1":"S","day":"20210703","id":"8388542","type":"SOL","code":"OL"},{"buy":"34.10","sell":"34.10","company":"1Coin","brand":"BarnBridge","updated":"2021-07-03 12:05:38","brand1":"B","day":"20210703","id":"8384934","type":"BOND","code":"OND"},{"buy":"31.70","sell":"31.70","company":"1Coin","brand":"Numeraire","updated":"2021-07-03 12:05:26","brand1":"N","day":"20210703","id":"8384848","type":"NMR","code":"MR"},{"buy":"29.07","sell":"29.07","company":"1Coin","brand":"Bitcoin Cash ABC","updated":"2021-07-03 12:05:34","brand1":"BCA","day":"20210703","id":"8384875","type":"BCHA","code":"BCHA"},{"buy":"26.93","sell":"26.93","company":"1Coin","brand":"FTX Token","updated":"2021-07-03 12:05:10","brand1":"FT","day":"20210703","id":"8384750","type":"FTT","code":"T"},{"buy":"21.49","sell":"21.49","company":"1Coin","brand":"Augur","updated":"2021-07-03 12:05:26","brand1":"A","day":"20210703","id":"8384842","type":"REP","code":"REP"},{"buy":"21.49","sell":"21.49","company":"1Coin","brand":"REPv2","updated":"2021-07-03 12:05:26","brand1":"R","day":"20210703","id":"8384845","type":"REPV2","code":"EPV2"},{"buy":"20.98","sell":"20.98","company":"1Coin","brand":"Balancer","updated":"2021-07-03 12:05:27","brand1":"B","day":"20210703","id":"8384850","type":"BAL","code":"AL"},{"buy":"20.87","sell":"20.87","company":"1Coin","brand":"KLAYswap Protocol","updated":"2021-07-03 12:05:37","brand1":"KP","day":"20210703","id":"8384917","type":"KSP","code":"KSP"},{"buy":"19.60","sell":"19.60","company":"1Coin","brand":"Uquid Coin","updated":"2021-07-03 12:05:23","brand1":"UC","day":"20210703","id":"8384831","type":"UQC","code":"UQC"},{"buy":"18.73","sell":"18.73","company":"1Coin","brand":"Uniswap","updated":"2021-07-03 15:48:45","brand1":"U","day":"20210703","id":"8388382","type":"UNI","code":"NI"},{"buy":"18.59","sell":"18.59","company":"1Coin","brand":"Chainlink","updated":"2021-07-03 15:48:46","brand1":"C","day":"20210703","id":"8388386","type":"LINK","code":"LINK"},{"buy":"18.23","sell":"18.23","company":"1Coin","brand":"Ampleforth Governance Token","updated":"2021-07-03 12:05:38","brand1":"AGT","day":"20210703","id":"8384925","type":"FORTH","code":"FORTH"},{"buy":"17.94","sell":"17.94","company":"1Coin","brand":"Venus","updated":"2021-07-03 12:05:25","brand1":"V","day":"20210703","id":"8384834","type":"XVS","code":"XS"},{"buy":"17.80","sell":"17.80","company":"1Coin","brand":"Livepeer","updated":"2021-07-03 12:05:19","brand1":"L","day":"20210703","id":"8384811","type":"LPT","code":"PT"},{"buy":"17.73","sell":"17.73","company":"1Coin","brand":"Bitcoin Standard Hashrate Token","updated":"2021-07-03 12:05:23","brand1":"BSHT","day":"20210703","id":"8384829","type":"BTCST","code":"BTCST"},{"buy":"15.85","sell":"15.85","company":"1Coin","brand":"Waves","updated":"2021-07-03 12:05:12","brand1":"W","day":"20210703","id":"8384766","type":"WAVES","code":"AVES"},{"buy":"15.46","sell":"15.46","company":"1Coin","brand":"Polkadot","updated":"2021-07-03 15:58:55","brand1":"P","day":"20210703","id":"8388540","type":"DOT","code":"DOT"},{"buy":"13.00","sell":"13.00","company":"1Coin","brand":"The Transfer Token","updated":"2021-07-03 11:05:31","brand1":"TTT","day":"20210703","id":"8384865","type":"TTT","code":""},{"buy":"12.79","sell":"12.79","company":"1Coin","brand":"PancakeSwap","updated":"2021-07-03 12:05:10","brand1":"P","day":"20210703","id":"8384757","type":"CAKE","code":"CAKE"},{"buy":"12.57","sell":"12.57","company":"1Coin","brand":"Helium","updated":"2021-07-03 12:05:14","brand1":"H","day":"20210703","id":"8384781","type":"HNT","code":"NT"},{"buy":"12.04","sell":"12.04","company":"1Coin","brand":"NewYork Exchange","updated":"2021-07-03 10:05:45","brand1":"NE","day":"20210703","id":"8384961","type":"NYE","code":"NYE"},{"buy":"11.78","sell":"11.78","company":"1Coin","brand":"Cosmos","updated":"2021-07-03 12:05:10","brand1":"C","day":"20210703","id":"8384746","type":"ATOM","code":"ATOM"},{"buy":"11.43","sell":"11.43","company":"1Coin","brand":"Prometeus","updated":"2021-07-03 12:05:25","brand1":"P","day":"20210703","id":"8384833","type":"PROM","code":"ROM"},{"buy":"10.97","sell":"10.97","company":"1Coin","brand":"Avalanche","updated":"2021-07-03 12:05:11","brand1":"A","day":"20210703","id":"8384762","type":"AVAX","code":"VX"},{"buy":"10.81","sell":"10.81","company":"1Coin","brand":"MCO","updated":"2021-07-03 12:05:26","brand1":"MCO","day":"20210703","id":"8384836","type":"MCO","code":""},{"buy":"10.35","sell":"10.35","company":"1Coin","brand":"Huobi Token","updated":"2021-07-03 12:05:11","brand1":"HT","day":"20210703","id":"8384764","type":"HT","code":""},{"buy":"10.27","sell":"10.27","company":"1Coin","brand":"Flow","updated":"2021-07-03 12:05:19","brand1":"Flow","day":"20210703","id":"8384807","type":"FLOW","code":"FLOW"},{"buy":"10.26","sell":"10.26","company":"1Coin","brand":"OKB","updated":"2021-07-03 12:05:17","brand1":"OKB","day":"20210703","id":"8384800","type":"OKB","code":""},{"buy":"10.23","sell":"10.23","company":"1Coin","brand":"Arweave","updated":"2021-07-03 10:05:19","brand1":"A","day":"20210703","id":"8384813","type":"AR","code":"R"},{"buy":"8.96","sell":"8.96","company":"1Coin","brand":"Badger DAO","updated":"2021-07-03 12:05:43","brand1":"BD","day":"20210703","id":"8384960","type":"BADGER","code":"BADGER"},{"buy":"8.83","sell":"8.83","company":"1Coin","brand":"UMA","updated":"2021-07-03 12:05:18","brand1":"UMA","day":"20210703","id":"8384803","type":"UMA","code":""},{"buy":"8.67","sell":"8.67","company":"1Coin","brand":"Rocket Pool","updated":"2021-07-03 12:05:43","brand1":"RP","day":"20210703","id":"8384955","type":"RPL","code":"L"},{"buy":"8.21","sell":"8.21","company":"1Coin","brand":"Dero","updated":"2021-07-03 12:05:43","brand1":"Dero","day":"20210703","id":"8384958","type":"DERO","code":"DERO"},{"buy":"8.06","sell":"8.06","company":"1Coin","brand":"Perpetual Protocol","updated":"2021-07-03 12:05:37","brand1":"PP","day":"20210703","id":"8384903","type":"PERP","code":"PERP"},{"buy":"7.99","sell":"7.99","company":"1Coin","brand":"Persistence","updated":"2021-07-03 12:05:35","brand1":"P","day":"20210703","id":"8384896","type":"XPRT","code":"XRT"},{"buy":"7.32","sell":"7.32","company":"1Coin","brand":"SushiSwap","updated":"2021-07-03 10:05:14","brand1":"S","day":"20210703","id":"8384785","type":"SUSHI","code":"UHI"},{"buy":"7.28","sell":"7.28","company":"1Coin","brand":"INO COIN","updated":"2021-07-03 12:05:33","brand1":"IC","day":"20210703","id":"8384870","type":"INO","code":"INO"},{"buy":"7.25","sell":"7.25","company":"1Coin","brand":"Ergo","updated":"2021-07-03 12:05:22","brand1":"Ergo","day":"20210703","id":"8384822","type":"ERG","code":"ERG"},{"buy":"7.17","sell":"7.17","company":"1Coin","brand":"KuCoin Token","updated":"2021-07-03 12:05:18","brand1":"KT","day":"20210703","id":"8384802","type":"KCS","code":"KCS"},{"buy":"7.00","sell":"7.00","company":"1Coin","brand":"Qtum","updated":"2021-07-03 12:05:16","brand1":"Qtum","day":"20210703","id":"8384795","type":"QTUM","code":"QTUM"},{"buy":"6.92","sell":"6.92","company":"1Coin","brand":"Gitcoin","updated":"2021-07-03 12:05:42","brand1":"G","day":"20210703","id":"8384943","type":"GTC","code":"TC"},{"buy":"6.85","sell":"6.85","company":"1Coin","brand":"Synthetix Network Token","updated":"2021-07-03 12:05:15","brand1":"SNT","day":"20210703","id":"8384792","type":"SNX","code":"SNX"},{"buy":"6.66","sell":"6.66","company":"1Coin","brand":"Injective Protocol","updated":"2021-07-03 11:05:24","brand1":"IP","day":"20210703","id":"8384832","type":"INJ","code":"INJ"},{"buy":"6.25","sell":"6.25","company":"1Coin","brand":"THETA","updated":"2021-07-03 15:48:46","brand1":"T","day":"20210703","id":"8388390","type":"THETA","code":"HEA"},{"buy":"6.12","sell":"6.12","company":"1Coin","brand":"Celsius","updated":"2021-07-03 12:05:12","brand1":"C","day":"20210703","id":"8384771","type":"CEL","code":"EL"},{"buy":"5.91","sell":"5.91","company":"1Coin","brand":"Gas","updated":"2021-07-03 00:00:00","brand1":"Gas","day":"20210703","id":"8443385","type":"GAS","code":"GAS"},{"buy":"5.81","sell":"5.81","company":"1Coin","brand":"Axie Infinity Shards","updated":"2021-07-03 12:05:34","brand1":"AIS","day":"20210703","id":"8384888","type":"AXS","code":"AXS"},{"buy":"5.80","sell":"5.80","company":"1Coin","brand":"Venus BNB","updated":"2021-07-03 12:05:34","brand1":"VB","day":"20210703","id":"8384877","type":"VBNB","code":"NB"},{"buy":"5.72","sell":"5.72","company":"1Coin","brand":"THORChain","updated":"2021-07-03 12:05:13","brand1":"T","day":"20210703","id":"8384778","type":"RUNE","code":"RUNE"},{"buy":"5.64","sell":"5.64","company":"1Coin","brand":"Terra","updated":"2021-07-03 12:05:10","brand1":"T","day":"20210703","id":"8384758","type":"LUNA","code":"LUNA"},{"buy":"5.63","sell":"5.63","company":"1Coin","brand":"Energy Web Token","updated":"2021-07-03 12:05:26","brand1":"EWT","day":"20210703","id":"8384839","type":"EWT","code":""},{"buy":"5.62","sell":"5.62","company":"1Coin","brand":"Ethernity Chain","updated":"2021-07-03 00:00:00","brand1":"EC","day":"20210703","id":"8454123","type":"ERN","code":"ERN"},{"buy":"5.56","sell":"5.56","company":"1Coin","brand":"TitanSwap","updated":"2021-07-03 12:05:35","brand1":"T","day":"20210703","id":"8384891","type":"TITAN","code":"IAN"},{"buy":"5.55","sell":"5.55","company":"1Coin","brand":"Band Protocol","updated":"2021-07-03 10:03:18","brand1":"BP","day":"20210703","id":"8382691","type":"BAND","code":"BAND"},{"buy":"5.51","sell":"5.51","company":"1Coin","brand":"LUKSO","updated":"2021-07-03 12:05:45","brand1":"L","day":"20210703","id":"8384962","type":"LYXE","code":"YXE"},{"buy":"5.37","sell":"5.37","company":"1Coin","brand":"Orion Protocol","updated":"2021-07-03 12:05:37","brand1":"OP","day":"20210703","id":"8384919","type":"ORN","code":"ORN"},{"buy":"4.74","sell":"4.74","company":"1Coin","brand":"Nano","updated":"2021-07-03 12:05:16","brand1":"Nano","day":"20210703","id":"8384799","type":"NANO","code":"NANO"},{"buy":"4.06","sell":"4.06","company":"1Coin","brand":"OMG Network","updated":"2021-07-03 10:03:13","brand1":"ON","day":"20210703","id":"8382618","type":"OMG","code":"OMG"},{"buy":"4.02","sell":"4.02","company":"1Coin","brand":"Kava.io","updated":"2021-07-03 10:05:22","brand1":"K","day":"20210703","id":"8384818","type":"KAVA","code":"AVA"},{"buy":"4.00","sell":"4.00","company":"1Coin","brand":"EOS","updated":"2021-07-03 15:38:37","brand1":"EOS","day":"20210703","id":"8388233","type":"EOS","code":""},{"buy":"3.77","sell":"3.77","company":"1Coin","brand":"Mirror Protocol","updated":"2021-07-03 12:05:35","brand1":"MP","day":"20210703","id":"8384892","type":"MIR","code":"MIR"},{"buy":"3.66","sell":"3.66","company":"1Coin","brand":"Hellenic Coin","updated":"2021-07-03 12:05:35","brand1":"HC","day":"20210703","id":"8384893","type":"HNC","code":"HNC"},{"buy":"3.60","sell":"3.60","company":"1Coin","brand":"Aragon","updated":"2021-07-03 12:05:27","brand1":"A","day":"20210703","id":"8384851","type":"ANT","code":"NT"},{"buy":"3.53","sell":"3.53","company":"1Coin","brand":"Akash Network","updated":"2021-07-03 12:05:35","brand1":"AN","day":"20210703","id":"8384897","type":"AKT","code":"AKT"},{"buy":"3.49","sell":"3.49","company":"1Coin","brand":"Raydium","updated":"2021-07-03 10:03:30","brand1":"R","day":"20210703","id":"8382779","type":"RAY","code":"AY"},{"buy":"3.36","sell":"3.36","company":"1Coin","brand":"Celo","updated":"2021-07-03 12:05:15","brand1":"Celo","day":"20210703","id":"8384786","type":"CGLD","code":"CGLD"},{"buy":"3.31","sell":"3.31","company":"1Coin","brand":"GateToken","updated":"2021-07-03 08:01:15","brand1":"G","day":"20210703","id":"8380596","type":"GT","code":"T"},{"buy":"3.26","sell":"3.26","company":"1Coin","brand":"Serum","updated":"2021-07-03 10:03:21","brand1":"S","day":"20210703","id":"8382710","type":"SRM","code":"RM"},{"buy":"3.16","sell":"3.16","company":"1Coin","brand":"Bancor Network Token","updated":"2021-07-03 12:05:15","brand1":"BNT","day":"20210703","id":"8384793","type":"BNT","code":""},{"buy":"3.11","sell":"3.11","company":"1Coin","brand":"Elitium","updated":"2021-07-03 08:01:34","brand1":"E","day":"20210703","id":"8380951","type":"EUM","code":"UM"},{"buy":"2.97","sell":"2.97","company":"1Coin","brand":"Tokenlon Network Token","updated":"2021-07-03 12:05:38","brand1":"TNT","day":"20210703","id":"8384933","type":"LON","code":"LON"},{"buy":"2.90","sell":"2.90","company":"1Coin","brand":"DerivaDAO","updated":"2021-07-03 12:05:47","brand1":"D","day":"20210703","id":"8384968","type":"DDX","code":"X"},{"buy":"2.90","sell":"2.90","company":"1Coin","brand":"Tezos","updated":"2021-07-03 10:03:06","brand1":"T","day":"20210703","id":"8382567","type":"XTZ","code":"XZ"},{"buy":"2.83","sell":"2.83","company":"1Coin","brand":"CRYPTO20","updated":"2021-07-03 12:05:38","brand1":"C","day":"20210703","id":"8384935","type":"C20","code":"20"},{"buy":"2.75","sell":"2.75","company":"1Coin","brand":"iExec RLC","updated":"2021-07-03 12:05:23","brand1":"iR","day":"20210703","id":"8384828","type":"RLC","code":"RLC"},{"buy":"2.65","sell":"2.65","company":"1Coin","brand":"Creditcoin","updated":"2021-07-03 10:05:31","brand1":"C","day":"20210703","id":"8384864","type":"CTC","code":"T"},{"buy":"2.48","sell":"2.48","company":"1Coin","brand":"Lisk","updated":"2021-07-03 12:05:20","brand1":"Lisk","day":"20210703","id":"8384817","type":"LSK","code":"LSK"},{"buy":"2.41","sell":"2.41","company":"1Coin","brand":"UNUS SED LEO","updated":"2021-07-03 12:05:10","brand1":"USL","day":"20210703","id":"8384759","type":"LEO","code":"LEO"},{"buy":"2.35","sell":"2.35","company":"1Coin","brand":"1inch","updated":"2021-07-03 10:05:19","brand1":"1","day":"20210703","id":"8384808","type":"1INCH","code":"INCH"},{"buy":"2.35","sell":"2.35","company":"1Coin","brand":"Chimpion","updated":"2021-07-03 09:03:43","brand1":"C","day":"20210703","id":"8382844","type":"BNANA","code":"BNANA"},{"buy":"2.33","sell":"2.33","company":"1Coin","brand":"Voyager Token","updated":"2021-07-03 10:05:18","brand1":"VT","day":"20210703","id":"8384804","type":"VGX","code":"VGX"},{"buy":"2.28","sell":"2.28","company":"1Coin","brand":"Pirate Chain","updated":"2021-07-03 10:03:29","brand1":"PC","day":"20210703","id":"8382757","type":"ARRR","code":"ARRR"},{"buy":"2.27","sell":"2.27","company":"1Coin","brand":"Anchor Protocol","updated":"2021-07-03 12:05:37","brand1":"AP","day":"20210703","id":"8384900","type":"ANC","code":"ANC"},{"buy":"2.26","sell":"2.26","company":"1Coin","brand":"Travala.com","updated":"2021-07-03 07:01:23","brand1":"T","day":"20210703","id":"8380749","type":"AVA","code":"AVA"},{"buy":"2.22","sell":"2.22","company":"1Coin","brand":"Litentry","updated":"2021-07-03 00:00:00","brand1":"L","day":"20210703","id":"8456882","type":"LIT","code":"IT"},{"buy":"2.20","sell":"2.20","company":"1Coin","brand":"DeFiChain","updated":"2021-07-03 06:05:33","brand1":"D","day":"20210703","id":"8384872","type":"DFI","code":"FI"},{"buy":"2.18","sell":"2.18","company":"1Coin","brand":"NEAR Protocol","updated":"2021-07-03 08:01:06","brand1":"NP","day":"20210703","id":"8380466","type":"NEAR","code":"NEAR"},{"buy":"2.01","sell":"2.01","company":"1Coin","brand":"Bitcoin Diamond","updated":"2021-07-03 08:01:11","brand1":"BD","day":"20210703","id":"8380559","type":"BCD","code":"BCD"},{"buy":"2.00","sell":"2.00","company":"1Coin","brand":"Dawn Protocol","updated":"2021-07-03 12:05:38","brand1":"DP","day":"20210703","id":"8384923","type":"DAWN","code":"DAWN"},{"buy":"1.92","sell":"1.92","company":"1Coin","brand":"Populous","updated":"2021-07-03 09:05:39","brand1":"P","day":"20210703","id":"8384937","type":"PPT","code":"T"},{"buy":"1.88","sell":"1.88","company":"1Coin","brand":"Swipe","updated":"2021-07-03 12:05:25","brand1":"S","day":"20210703","id":"8384835","type":"SXP","code":"XP"},{"buy":"1.79","sell":"1.79","company":"1Coin","brand":"Metal","updated":"2021-07-03 12:05:30","brand1":"M","day":"20210703","id":"8384861","type":"MTL","code":"TL"},{"buy":"1.75","sell":"1.75","company":"1Coin","brand":"BakeryToken","updated":"2021-07-03 08:03:14","brand1":"B","day":"20210703","id":"8382627","type":"BAKE","code":"AKE"},{"buy":"1.74","sell":"1.74","company":"1Coin","brand":"Stratis","updated":"2021-07-03 12:05:23","brand1":"S","day":"20210703","id":"8384827","type":"STRAX","code":"TRAX"},{"buy":"1.71","sell":"1.71","company":"1Coin","brand":"TomoChain","updated":"2021-07-03 12:05:29","brand1":"T","day":"20210703","id":"8384854","type":"TOMO","code":"OMO"},{"buy":"1.67","sell":"1.67","company":"1Coin","brand":"Bonfida","updated":"2021-07-03 06:01:39","brand1":"B","day":"20210703","id":"8381022","type":"FIDA","code":"FIDA"},{"buy":"1.65","sell":"1.65","company":"1Coin","brand":"Curve DAO Token","updated":"2021-07-03 09:03:13","brand1":"CDT","day":"20210703","id":"8382615","type":"CRV","code":"CRV"},{"buy":"1.63","sell":"1.63","company":"1Coin","brand":"Mdex","updated":"2021-07-03 08:05:15","brand1":"Mdex","day":"20210703","id":"8384787","type":"MDX","code":"MDX"},{"buy":"1.53","sell":"1.53","company":"1Coin","brand":"Kyber Network","updated":"2021-07-03 10:03:15","brand1":"KN","day":"20210703","id":"8382648","type":"KNC","code":"C"},{"buy":"1.48","sell":"1.48","company":"1Coin","brand":"KOK","updated":"2021-07-03 12:05:37","brand1":"KOK","day":"20210703","id":"8384918","type":"KOK","code":""},{"buy":"1.48","sell":"1.48","company":"1Coin","brand":"Nexo","updated":"2021-07-03 12:05:15","brand1":"Nexo","day":"20210703","id":"8384790","type":"NEXO","code":"NEXO"},{"buy":"1.39","sell":"1.39","company":"1Coin","brand":"Cardano","updated":"2021-07-03 14:47:51","brand1":"C","day":"20210703","id":"8387427","type":"ADA","code":"ADA"},{"buy":"1.39","sell":"1.39","company":"1Coin","brand":"MonaCoin","updated":"2021-07-03 08:01:34","brand1":"M","day":"20210703","id":"8380955","type":"MONA","code":"ONA"},{"buy":"1.38","sell":"1.38","company":"1Coin","brand":"Mina","updated":"2021-07-03 12:05:23","brand1":"Mina","day":"20210703","id":"8384825","type":"MINA","code":"MINA"},{"buy":"1.31","sell":"1.31","company":"1Coin","brand":"XeniosCoin","updated":"2021-07-03 00:05:41","brand1":"X","day":"20210703","id":"8384938","type":"XNC","code":"NC"},{"buy":"1.14","sell":"1.14","company":"1Coin","brand":"Unibright","updated":"2021-07-03 08:01:18","brand1":"U","day":"20210703","id":"8380654","type":"UBT","code":"BT"},{"buy":"1.13","sell":"1.13","company":"1Coin","brand":"Polygon","updated":"2021-07-03 15:28:25","brand1":"P","day":"20210703","id":"8388069","type":"MATIC","code":"MATIC"},{"buy":"1.13","sell":"1.13","company":"1Coin","brand":"WazirX","updated":"2021-07-03 12:05:19","brand1":"W","day":"20210703","id":"8384816","type":"WRX","code":"RX"},{"buy":"1.10","sell":"1.10","company":"1Coin","brand":"Enjin Coin","updated":"2021-07-03 07:01:05","brand1":"EC","day":"20210703","id":"8380440","type":"ENJ","code":"ENJ"},{"buy":"1.07","sell":"1.07","company":"1Coin","brand":"MATH","updated":"2021-07-03 10:05:38","brand1":"MATH","day":"20210703","id":"8384928","type":"MATH","code":""},{"buy":"1.07","sell":"1.07","company":"1Coin","brand":"Polkastarter","updated":"2021-07-03 12:05:47","brand1":"P","day":"20210703","id":"8384967","type":"POLS","code":"OLS"},{"buy":"1.04","sell":"1.04","company":"1Coin","brand":"HedgeTrade","updated":"2021-07-03 12:05:34","brand1":"H","day":"20210703","id":"8384885","type":"HEDG","code":"EDG"},{"buy":"1.04","sell":"1.04","company":"1Coin","brand":"Pundi X[new]","updated":"2021-07-03 10:03:30","brand1":"PX","day":"20210703","id":"8382771","type":"PUNDIX","code":"PUNDIX"},{"buy":"1.02","sell":"1.02","company":"1Coin","brand":"Frax","updated":"2021-07-03 11:05:35","brand1":"Frax","day":"20210703","id":"8384899","type":"FRAX","code":"FRAX"},{"buy":"1.01","sell":"1.01","company":"1Coin","brand":"Liquity USD","updated":"2021-07-03 08:01:26","brand1":"LU","day":"20210703","id":"8380789","type":"LUSD","code":"SD"},{"buy":"1.00","sell":"1.00","company":"1Coin","brand":"Klaytn","updated":"2021-07-03 12:05:10","brand1":"K","day":"20210703","id":"8384754","type":"KLAY","code":"LAY"},{"buy":"1.00","sell":"1.00","company":"1Coin","brand":"TerraUSD","updated":"2021-07-03 00:03:17","brand1":"T","day":"20210703","id":"8379042","type":"UST","code":"US"},{"buy":"1.00","sell":"1.00","company":"1Coin","brand":"USDX [Kava]","updated":"2021-07-03 00:00:00","brand1":"U[","day":"20210703","id":"8491538","type":"USDX","code":"USDX"},{"buy":"0.98","sell":"0.98","company":"1Coin","brand":"Sologenic","updated":"2021-07-03 10:03:30","brand1":"S","day":"20210703","id":"8382778","type":"SOLO","code":"OLO"},{"buy":"0.93","sell":"0.93","company":"1Coin","brand":"Ampleforth","updated":"2021-07-03 08:01:23","brand1":"A","day":"20210703","id":"8380730","type":"AMPL","code":"MPL"},{"buy":"0.91","sell":"0.91","company":"1Coin","brand":"Ark","updated":"2021-07-03 08:01:23","brand1":"Ark","day":"20210703","id":"8380745","type":"ARK","code":"ARK"},{"buy":"0.87","sell":"0.87","company":"1Coin","brand":"Phala.Network","updated":"2021-07-03 03:05:26","brand1":"P","day":"20210703","id":"8384849","type":"PHA","code":"HA"},{"buy":"0.84","sell":"0.84","company":"1Coin","brand":"Algorand","updated":"2021-07-03 03:01:01","brand1":"A","day":"20210703","id":"8380311","type":"ALGO","code":"LGO"},{"buy":"0.84","sell":"0.84","company":"1Coin","brand":"Audius","updated":"2021-07-03 10:03:36","brand1":"A","day":"20210703","id":"8382811","type":"AUDIO","code":"UDIO"},{"buy":"0.84","sell":"0.84","company":"1Coin","brand":"MiL.k","updated":"2021-07-03 00:00:00","brand1":"M","day":"20210703","id":"8397336","type":"MLK","code":"LK"},{"buy":"0.82","sell":"0.82","company":"1Coin","brand":"DODO","updated":"2021-07-03 12:05:43","brand1":"DODO","day":"20210703","id":"8384954","type":"DODO","code":""},{"buy":"0.82","sell":"0.82","company":"1Coin","brand":"Storj","updated":"2021-07-03 10:03:17","brand1":"S","day":"20210703","id":"8382671","type":"STORJ","code":"TORJ"},{"buy":"0.81","sell":"0.81","company":"1Coin","brand":"IOTA","updated":"2021-07-03 10:05:11","brand1":"IOTA","day":"20210703","id":"8384760","type":"MIOTA","code":"M"},{"buy":"0.80","sell":"0.80","company":"1Coin","brand":"ICON","updated":"2021-07-03 01:05:28","brand1":"ICON","day":"20210703","id":"8379497","type":"ICX","code":"ICX"},{"buy":"0.79","sell":"0.79","company":"1Coin","brand":"Stacks","updated":"2021-07-03 08:01:05","brand1":"S","day":"20210703","id":"8380454","type":"STX","code":"TX"},{"buy":"0.78","sell":"0.78","company":"1Coin","brand":"Orbit Chain","updated":"2021-07-03 02:05:42","brand1":"OC","day":"20210703","id":"8379589","type":"ORC","code":"ORC"},{"buy":"0.75","sell":"0.75","company":"1Coin","brand":"ZKSwap","updated":"2021-07-03 10:03:22","brand1":"Z","day":"20210703","id":"8382720","type":"ZKS","code":"KS"},{"buy":"0.74","sell":"0.74","company":"1Coin","brand":"EFFORCE","updated":"2021-07-03 12:05:46","brand1":"E","day":"20210703","id":"8384966","type":"WOZX","code":"WOZX"},{"buy":"0.72","sell":"0.72","company":"1Coin","brand":"Doctors Coin","updated":"2021-07-03 12:05:37","brand1":"DC","day":"20210703","id":"8384916","type":"DRS","code":"DRS"},{"buy":"0.72","sell":"0.72","company":"1Coin","brand":"Mobilian Coin","updated":"2021-07-03 10:03:34","brand1":"MC","day":"20210703","id":"8382800","type":"MBN","code":"MBN"},{"buy":"0.70","sell":"0.70","company":"1Coin","brand":"Ontology","updated":"2021-07-03 07:01:09","brand1":"O","day":"20210703","id":"8380531","type":"ONT","code":"NT"},{"buy":"0.69","sell":"0.69","company":"1Coin","brand":"MaidSafeCoin","updated":"2021-07-03 10:03:16","brand1":"M","day":"20210703","id":"8382655","type":"MAID","code":"AID"},{"buy":"0.69","sell":"0.69","company":"1Coin","brand":"Ontology Gas","updated":"2021-07-03 08:01:16","brand1":"OG","day":"20210703","id":"8380640","type":"ONG","code":"ONG"},{"buy":"0.68","sell":"0.68","company":"1Coin","brand":"XRP","updated":"2021-07-03 15:08:03","brand1":"XRP","day":"20210703","id":"8387747","type":"XRP","code":""},{"buy":"0.67","sell":"0.67","company":"1Coin","brand":"0x","updated":"2021-07-03 02:05:28","brand1":"0x","day":"20210703","id":"8379493","type":"ZRX","code":"ZRX"},{"buy":"0.65","sell":"0.65","company":"1Coin","brand":"Wootrade","updated":"2021-07-03 08:01:15","brand1":"W","day":"20210703","id":"8380600","type":"WOO","code":"OO"},{"buy":"0.63","sell":"0.63","company":"1Coin","brand":"Origin Token","updated":"2021-07-03 10:03:18","brand1":"OT","day":"20210703","id":"8382687","type":"OGN","code":"OGN"},{"buy":"0.61","sell":"0.61","company":"1Coin","brand":"The Graph","updated":"2021-07-03 10:03:07","brand1":"TG","day":"20210703","id":"8382590","type":"GRT","code":"GRT"},{"buy":"0.59","sell":"0.59","company":"1Coin","brand":"SwissBorg","updated":"2021-07-03 04:01:09","brand1":"S","day":"20210703","id":"8380536","type":"CHSB","code":"CHB"},{"buy":"0.57","sell":"0.57","company":"1Coin","brand":"Basic Attention Token","updated":"2021-07-03 08:01:06","brand1":"BAT","day":"20210703","id":"8380475","type":"BAT","code":""},{"buy":"0.57","sell":"0.57","company":"1Coin","brand":"Wanchain","updated":"2021-07-03 08:01:23","brand1":"W","day":"20210703","id":"8380758","type":"WAN","code":"AN"},{"buy":"0.47","sell":"0.47","company":"1Coin","brand":"Automata Network","updated":"2021-07-03 11:05:46","brand1":"AN","day":"20210703","id":"8384963","type":"ATA","code":"ATA"},{"buy":"0.46","sell":"0.46","company":"1Coin","brand":"Ultra","updated":"2021-07-03 08:01:22","brand1":"U","day":"20210703","id":"8380715","type":"UOS","code":"OS"},{"buy":"0.44","sell":"0.44","company":"1Coin","brand":"Cartesi","updated":"2021-07-03 00:03:32","brand1":"C","day":"20210703","id":"8379095","type":"CTSI","code":"TSI"},{"buy":"0.42","sell":"0.42","company":"1Coin","brand":"Rakon","updated":"2021-07-03 10:03:34","brand1":"R","day":"20210703","id":"8382797","type":"RKN","code":"KN"},{"buy":"0.41","sell":"0.41","company":"1Coin","brand":"SuperFarm","updated":"2021-07-03 00:00:00","brand1":"S","day":"20210703","id":"8457811","type":"SUPER","code":"UPER"},{"buy":"0.40","sell":"0.40","company":"1Coin","brand":"GNY","updated":"2021-07-03 00:03:51","brand1":"GNY","day":"20210703","id":"8379145","type":"GNY","code":""},{"buy":"0.38","sell":"0.38","company":"1Coin","brand":"Ellipsis","updated":"2021-07-03 00:00:00","brand1":"E","day":"20210703","id":"8453506","type":"EPS","code":"PS"},{"buy":"0.37","sell":"0.37","company":"1Coin","brand":"Steem","updated":"2021-07-03 08:01:20","brand1":"S","day":"20210703","id":"8380688","type":"STEEM","code":"TEEM"},{"buy":"0.35","sell":"0.35","company":"1Coin","brand":"Ren","updated":"2021-07-03 00:03:25","brand1":"Ren","day":"20210703","id":"8379077","type":"REN","code":"REN"},{"buy":"0.34","sell":"0.34","company":"1Coin","brand":"Hive","updated":"2021-07-03 09:03:22","brand1":"Hive","day":"20210703","id":"8382723","type":"HIVE","code":"HIVE"},{"buy":"0.33","sell":"0.33","company":"1Coin","brand":"AllianceBlock","updated":"2021-07-03 06:05:47","brand1":"A","day":"20210703","id":"8384970","type":"ALBT","code":"LBT"},{"buy":"0.33","sell":"0.33","company":"1Coin","brand":"Function X","updated":"2021-07-03 08:01:23","brand1":"FX","day":"20210703","id":"8380739","type":"FX","code":""},{"buy":"0.31","sell":"0.31","company":"1Coin","brand":"Hathor","updated":"2021-07-03 00:00:00","brand1":"H","day":"20210703","id":"8424022","type":"HTR","code":"TR"},{"buy":"0.30","sell":"0.30","company":"1Coin","brand":"Darma Cash","updated":"2021-07-03 00:00:00","brand1":"DC","day":"20210703","id":"8498726","type":"DMCH","code":"DMCH"},{"buy":"0.29","sell":"0.29","company":"1Coin","brand":"botXcoin","updated":"2021-07-03 12:05:34","brand1":"b","day":"20210703","id":"8384882","type":"BOTX","code":"BOTX"},{"buy":"0.29","sell":"0.29","company":"1Coin","brand":"MarketPeak","updated":"2021-07-03 00:00:00","brand1":"M","day":"20210703","id":"8473517","type":"PEAK","code":"PEAK"},{"buy":"0.28","sell":"0.28","company":"1Coin","brand":"Golem","updated":"2021-07-03 10:03:17","brand1":"G","day":"20210703","id":"8382667","type":"GNT","code":"NT"},{"buy":"0.26","sell":"0.26","company":"1Coin","brand":"Fetch.ai","updated":"2021-07-03 08:03:18","brand1":"F","day":"20210703","id":"8382692","type":"FET","code":"ET"},{"buy":"0.26","sell":"0.26","company":"1Coin","brand":"Keep Network","updated":"2021-07-03 02:05:45","brand1":"KN","day":"20210703","id":"8379616","type":"KEEP","code":"KEEP"},{"buy":"0.24","sell":"0.24","company":"1Coin","brand":"The Sandbox","updated":"2021-07-03 12:05:26","brand1":"TS","day":"20210703","id":"8384838","type":"SAND","code":"SAND"},{"buy":"0.23","sell":"0.23","company":"1Coin","brand":"Civic","updated":"2021-07-03 00:03:32","brand1":"C","day":"20210703","id":"8379098","type":"CVC","code":"V"},{"buy":"0.23","sell":"0.23","company":"1Coin","brand":"Fantom","updated":"2021-07-03 12:05:18","brand1":"F","day":"20210703","id":"8384801","type":"FTM","code":"TM"},{"buy":"0.23","sell":"0.23","company":"1Coin","brand":"SKALE","updated":"2021-07-03 05:03:18","brand1":"S","day":"20210703","id":"8382678","type":"SKL","code":"KL"},{"buy":"0.22","sell":"0.22","company":"1Coin","brand":"Utrust","updated":"2021-07-03 02:05:49","brand1":"U","day":"20210703","id":"8379631","type":"UTK","code":"TK"},{"buy":"0.21","sell":"0.21","company":"1Coin","brand":"GlitzKoin","updated":"2021-07-03 00:00:00","brand1":"G","day":"20210703","id":"8498188","type":"GTN","code":"TN"},{"buy":"0.20","sell":"0.20","company":"1Coin","brand":"aelf","updated":"2021-07-03 10:03:26","brand1":"aelf","day":"20210703","id":"8382743","type":"ELF","code":"ELF"},{"buy":"0.19","sell":"0.19","company":"1Coin","brand":"Hedera Hashgraph","updated":"2021-07-03 05:01:02","brand1":"HH","day":"20210703","id":"8380383","type":"HBAR","code":"HBAR"},{"buy":"0.17","sell":"0.17","company":"1Coin","brand":"Ardor","updated":"2021-07-03 02:05:26","brand1":"A","day":"20210703","id":"8384846","type":"ARDR","code":"RDR"},{"buy":"0.15","sell":"0.15","company":"1Coin","brand":"Qcash","updated":"2021-07-03 00:00:00","brand1":"Q","day":"20210703","id":"8468728","type":"QC","code":"C"},{"buy":"0.15","sell":"0.15","company":"1Coin","brand":"Small Love Potion","updated":"2021-07-03 00:00:00","brand1":"SLP","day":"20210703","id":"8396971","type":"SLP","code":""},{"buy":"0.14","sell":"0.14","company":"1Coin","brand":"Chromia","updated":"2021-07-03 00:00:00","brand1":"C","day":"20210703","id":"8420724","type":"CHR","code":"HR"},{"buy":"0.13","sell":"0.13","company":"1Coin","brand":"district0x","updated":"2021-07-03 00:00:00","brand1":"d","day":"20210703","id":"8468121","type":"DNT","code":"DNT"},{"buy":"0.13","sell":"0.13","company":"1Coin","brand":"Syscoin","updated":"2021-07-03 08:01:38","brand1":"S","day":"20210703","id":"8381008","type":"SYS","code":"Y"},{"buy":"0.12","sell":"0.12","company":"1Coin","brand":"XinFin Network","updated":"2021-07-03 08:01:03","brand1":"XN","day":"20210703","id":"8380399","type":"XDC","code":"XDC"},{"buy":"0.11","sell":"0.11","company":"1Coin","brand":"Basid Coin","updated":"2021-07-03 00:00:00","brand1":"BC","day":"20210703","id":"8500059","type":"BASID","code":"BASID"},{"buy":"0.11","sell":"0.11","company":"1Coin","brand":"Radix","updated":"2021-07-03 10:03:42","brand1":"R","day":"20210703","id":"8382837","type":"EXRD","code":"EXD"},{"buy":"0.10","sell":"0.10","company":"1Coin","brand":"BORA","updated":"2021-07-03 08:01:35","brand1":"BORA","day":"20210703","id":"8380981","type":"BORA","code":""},{"buy":"0.08","sell":"0.08","company":"1Coin","brand":"Centrality","updated":"2021-07-03 00:00:00","brand1":"C","day":"20210703","id":"8394835","type":"CENNZ","code":"ENNZ"},{"buy":"0.07","sell":"0.07","company":"1Coin","brand":"Oasis Network","updated":"2021-07-03 00:00:00","brand1":"ON","day":"20210703","id":"8472516","type":"ROSE","code":"ROSE"},{"buy":"0.07","sell":"0.07","company":"1Coin","brand":"TRON","updated":"2021-07-03 00:00:00","brand1":"TRON","day":"20210703","id":"8388922","type":"TRX","code":"TRX"},{"buy":"0.06","sell":"0.06","company":"1Coin","brand":"Bytom","updated":"2021-07-03 00:00:00","brand1":"B","day":"20210703","id":"8396136","type":"BTM","code":"TM"},{"buy":"0.04","sell":"0.04","company":"1Coin","brand":"Empty Set Dollar","updated":"2021-07-03 00:00:00","brand1":"ESD","day":"20210703","id":"8463363","type":"ESD","code":""},{"buy":"0.04","sell":"0.04","company":"1Coin","brand":"Velas","updated":"2021-07-03 00:00:00","brand1":"V","day":"20210703","id":"8395613","type":"VLX","code":"LX"},{"buy":"0.02","sell":"0.02","company":"1Coin","brand":"QuarkChain","updated":"2021-07-03 00:00:00","brand1":"Q","day":"20210703","id":"8471888","type":"QKC","code":"KC"},{"buy":"0.02","sell":"0.02","company":"1Coin","brand":"Sun (New)","updated":"2021-07-03 00:00:00","brand1":"S(","day":"20210703","id":"8423373","type":"SUN","code":"SUN"},{"buy":"0.02","sell":"0.02","company":"1Coin","brand":"TokenPocket","updated":"2021-07-03 00:00:00","brand1":"T","day":"20210703","id":"8398221","type":"TPT","code":"P"},{"buy":"0.02","sell":"0.02","company":"1Coin","brand":"Venus USDC","updated":"2021-07-03 00:00:00","brand1":"VU","day":"20210703","id":"8423157","type":"VUSDC","code":"SDC"},{"buy":"0.01","sell":"0.01","company":"1Coin","brand":"Gala","updated":"2021-07-03 00:00:00","brand1":"Gala","day":"20210703","id":"8444662","type":"GALA","code":"GALA"},{"buy":"0.01","sell":"0.01","company":"1Coin","brand":"KickToken","updated":"2021-07-03 08:01:26","brand1":"K","day":"20210703","id":"8380783","type":"KICK","code":"IC"},{"buy":"0.01","sell":"0.01","company":"1Coin","brand":"Mainframe","updated":"2021-07-03 00:00:00","brand1":"M","day":"20210703","id":"8460902","type":"MFT","code":"FT"},{"buy":"0.01","sell":"0.01","company":"1Coin","brand":"PAC Protocol","updated":"2021-07-03 00:00:00","brand1":"PP","day":"20210703","id":"8422783","type":"PAC","code":"PAC"},{"buy":"0.00","sell":"0.00","company":"1Coin","brand":"Bytecoin","updated":"2021-07-03 00:00:00","brand1":"B","day":"20210703","id":"8485318","type":"BCN","code":"CN"},{"buy":"0.00","sell":"0.00","company":"1Coin","brand":"inSure DeFi","updated":"2021-07-03 00:00:00","brand1":"iD","day":"20210703","id":"8423455","type":"SURE","code":"SURE"},{"buy":"0.00","sell":"0.00","company":"1Coin","brand":"Kin","updated":"2021-07-03 00:00:00","brand1":"Kin","day":"20210703","id":"8437064","type":"KIN","code":"KIN"},{"buy":"0.00","sell":"0.00","company":"1Coin","brand":"ZEON","updated":"2021-07-03 00:00:00","brand1":"ZEON","day":"20210703","id":"8436431","type":"ZEON","code":""}]}],"time":10,"excute1_time":0,"excute2_time":10,"excute3_time":0,"count1":0,"count2":461}