
{"golds":[{"updated":"2021-07-07 13:34:56","date":"20210707","gold":[],"value":[{"buy":"56,870.00","sell":"57,500.00","company":"SJC","brand":"Long Xuyên","updated":"2021-07-07 13:34:56","brand1":"LX","day":"20210707","id":"8389655","type":"Vàng SJC","code":""},{"buy":"56,850.00","sell":"57,470.00","company":"SJC","brand":"Bạc Liêu","updated":"2021-07-07 13:34:56","brand1":"BL","day":"20210707","id":"8389656","type":"Vàng SJC","code":""},{"buy":"56,850.00","sell":"57,450.00","company":"SJC","brand":"Biên Hòa","updated":"2021-07-07 13:34:56","brand1":"BH","day":"20210707","id":"8389652","type":"Vàng SJC","code":""},{"buy":"56,850.00","sell":"57,470.00","company":"SJC","brand":"Cà Mau","updated":"2021-07-07 13:34:56","brand1":"CM","day":"20210707","id":"8389649","type":"Vàng SJC","code":""},{"buy":"56,850.00","sell":"57,470.00","company":"SJC","brand":"Hà Nội","updated":"2021-07-07 13:34:56","brand1":"HN","day":"20210707","id":"8389646","type":"Vàng SJC","code":""},{"buy":"56,850.00","sell":"57,450.00","company":"SJC","brand":"Hồ Chí Minh","updated":"2021-07-07 13:34:56","brand1":"HCM","day":"20210707","id":"8389637","type":"Vàng SJC 1L","code":""},{"buy":"56,850.00","sell":"57,450.00","company":"SJC","brand":"Miền Tây","updated":"2021-07-07 13:34:56","brand1":"MT","day":"20210707","id":"8389653","type":"Vàng SJC","code":""},{"buy":"56,850.00","sell":"57,470.00","company":"SJC","brand":"Nha Trang","updated":"2021-07-07 13:34:56","brand1":"NT","day":"20210707","id":"8389648","type":"Vàng SJC","code":""},{"buy":"56,850.00","sell":"57,450.00","company":"SJC","brand":"Quãng Ngãi","updated":"2021-07-07 13:34:56","brand1":"QN","day":"20210707","id":"8389654","type":"Vàng SJC","code":""},{"buy":"56,850.00","sell":"57,470.00","company":"SJC","brand":"Đà  Nẵng","updated":"2021-07-07 13:34:56","brand1":"ĐN","day":"20210707","id":"8389647","type":"Vàng SJC","code":""},{"buy":"56,830.00","sell":"57,470.00","company":"SJC","brand":"Bình Phước","updated":"2021-07-07 13:34:56","brand1":"BP","day":"20210707","id":"8389651","type":"Vàng SJC","code":""},{"buy":"56,830.00","sell":"57,470.00","company":"SJC","brand":"Hạ Long","updated":"2021-07-07 13:34:56","brand1":"HL","day":"20210707","id":"8389659","type":"Vàng SJC","code":""},{"buy":"56,830.00","sell":"57,470.00","company":"SJC","brand":"Phan Rang","updated":"2021-07-07 13:34:56","brand1":"PR","day":"20210707","id":"8389658","type":"Vàng SJC","code":""},{"buy":"56,830.00","sell":"57,470.00","company":"SJC","brand":"Quảng Nam","updated":"2021-07-07 13:34:56","brand1":"QN","day":"20210707","id":"8389660","type":"Vàng SJC","code":""},{"buy":"56,830.00","sell":"57,470.00","company":"SJC","brand":"Quy Nhơn","updated":"2021-07-07 13:34:56","brand1":"QN","day":"20210707","id":"8389657","type":"Vàng SJC","code":""},{"buy":"56,820.00","sell":"57,480.00","company":"SJC","brand":"Huế","updated":"2021-07-07 13:34:56","brand1":"Huế","day":"20210707","id":"8389650","type":"Vàng SJC","code":""},{"buy":"51,400.00","sell":"52,100.00","company":"SJC","brand":"Hồ Chí Minh","updated":"2021-07-07 13:34:56","brand1":"HCM","day":"20210707","id":"8389640","type":"Vàng nhẫn SJC 99,99 0,5 chỉ","code":"nhẫn  99,99 0,5 chỉ"},{"buy":"51,400.00","sell":"52,000.00","company":"SJC","brand":"Hồ Chí Minh","updated":"2021-07-07 13:34:56","brand1":"HCM","day":"20210707","id":"8389638","type":"Vàng nhẫn SJC 99,99 1 chỉ, 2 chỉ, 5 chỉ","code":"nhẫn  99,99 1 chỉ, 2 chỉ, 5 chỉ"},{"buy":"51,000.00","sell":"51,700.00","company":"SJC","brand":"Hồ Chí Minh","updated":"2021-07-07 13:34:56","brand1":"HCM","day":"20210707","id":"8389641","type":"Vàng nữ trang 99,99%","code":"nữ trang 99,99%"},{"buy":"50,188.00","sell":"51,188.00","company":"SJC","brand":"Hồ Chí Minh","updated":"2021-07-07 13:34:56","brand1":"HCM","day":"20210707","id":"8389642","type":"Vàng nữ trang 99%","code":"nữ trang 99%"},{"buy":"36,929.00","sell":"38,929.00","company":"SJC","brand":"Hồ Chí Minh","updated":"2021-07-07 13:34:56","brand1":"HCM","day":"20210707","id":"8389643","type":"Vàng nữ trang 75%","code":"nữ trang 75%"},{"buy":"28,294.00","sell":"30,294.00","company":"SJC","brand":"Hồ Chí Minh","updated":"2021-07-07 13:34:56","brand1":"HCM","day":"20210707","id":"8389644","type":"Vàng nữ trang 58,3%","code":"nữ trang 58,3%"},{"buy":"19,711.00","sell":"21,711.00","company":"SJC","brand":"Hồ Chí Minh","updated":"2021-07-07 13:34:56","brand1":"HCM","day":"20210707","id":"8389645","type":"Vàng nữ trang 41,7%","code":"nữ trang 41,7%"},{"buy":"56,750.00","sell":"57,250.00","company":"DOJI","brand":"","updated":"2021-07-07 16:39:00","brand1":"","day":"20210707","id":"8390223","type":"AVPL \/ DOJI CT buôn","code":"AVPL \/  CT buôn"},{"buy":"56,750.00","sell":"57,250.00","company":"DOJI","brand":"","updated":"2021-07-07 16:39:00","brand1":"","day":"20210707","id":"8390222","type":"AVPL \/ DOJI CT lẻ","code":"AVPL \/  CT"},{"buy":"56,750.00","sell":"57,350.00","company":"DOJI","brand":"Hồ Chí Minh","updated":"2021-07-07 16:39:00","brand1":"HCM","day":"20210707","id":"8390217","type":"AVPL \/ DOJI HCM buôn","code":"AVPL \/   buôn"},{"buy":"56,750.00","sell":"57,350.00","company":"DOJI","brand":"Hồ Chí Minh","updated":"2021-07-07 16:39:00","brand1":"HCM","day":"20210707","id":"8390216","type":"AVPL \/ DOJI HCM lẻ","code":"AVPL \/"},{"buy":"56,730.00","sell":"57,250.00","company":"DOJI","brand":"Hà Nội","updated":"2021-07-07 16:39:00","brand1":"HN","day":"20210707","id":"8390215","type":"AVPL \/ DOJI HN buôn","code":"AVPL \/   buôn"},{"buy":"56,730.00","sell":"57,250.00","company":"DOJI","brand":"Hà Nội","updated":"2021-07-07 16:39:00","brand1":"HN","day":"20210707","id":"8390214","type":"AVPL \/ DOJI HN lẻ","code":"AVPL \/"},{"buy":"56,700.00","sell":"57,300.00","company":"DOJI","brand":"","updated":"2021-07-07 16:39:00","brand1":"","day":"20210707","id":"8390219","type":"AVPL \/ DOJI ĐN buôn","code":"AVPL \/  ĐN buôn"},{"buy":"56,700.00","sell":"57,300.00","company":"DOJI","brand":"","updated":"2021-07-07 16:39:00","brand1":"","day":"20210707","id":"8390218","type":"AVPL \/ DOJI ĐN lẻ","code":"AVPL \/  ĐN"},{"buy":"51,220.00","sell":"51,420.00","company":"DOJI","brand":"Hà Nội","updated":"2021-07-07 16:39:00","brand1":"HN","day":"20210707","id":"8390220","type":"Nguyên liêu 9999 - HN","code":"Nguyên liêu 9999 -"},{"buy":"51,170.00","sell":"51,370.00","company":"DOJI","brand":"Hà Nội","updated":"2021-07-07 16:39:00","brand1":"HN","day":"20210707","id":"8390221","type":"Nguyên liêu 999 - HN","code":"Nguyên liêu 999 -"},{"buy":"5,675.00","sell":"5,735.00","company":"DOJI","brand":"Hồ Chí Minh","updated":"2021-07-07 16:39:00","brand1":"HCM","day":"20210707","id":"8390202","type":"Kim Ngưu","code":"Kim Ngưu"},{"buy":"5,675.00","sell":"5,735.00","company":"DOJI","brand":"Hồ Chí Minh","updated":"2021-07-07 16:39:00","brand1":"HCM","day":"20210707","id":"8390203","type":"Kim Thần Tài","code":"Kim Thần Tài"},{"buy":"5,675.00","sell":"5,735.00","company":"DOJI","brand":"Hồ Chí Minh","updated":"2021-07-07 16:39:00","brand1":"HCM","day":"20210707","id":"8390204","type":"Lộc Phát Tài","code":"Lộc Phát Tài"},{"buy":"5,673.00","sell":"5,725.00","company":"DOJI","brand":"Hà Nội","updated":"2021-07-07 16:39:00","brand1":"HN","day":"20210707","id":"8390180","type":"Kim Ngân Tài","code":"Kim Ngân Tài"},{"buy":"5,673.00","sell":"5,725.00","company":"DOJI","brand":"Hà Nội","updated":"2021-07-07 16:39:00","brand1":"HN","day":"20210707","id":"8390177","type":"Kim Ngưu","code":"Kim Ngưu"},{"buy":"5,673.00","sell":"5,725.00","company":"DOJI","brand":"Hà Nội","updated":"2021-07-07 16:39:00","brand1":"HN","day":"20210707","id":"8390178","type":"Kim Thần Tài","code":"Kim Thần Tài"},{"buy":"5,673.00","sell":"5,725.00","company":"DOJI","brand":"Hà Nội","updated":"2021-07-07 16:39:00","brand1":"HN","day":"20210707","id":"8390179","type":"Lộc Phát Tài","code":"Lộc Phát Tài"},{"buy":"5,670.00","sell":"5,730.00","company":"DOJI","brand":"","updated":"2021-07-07 16:39:00","brand1":"","day":"20210707","id":"8390194","type":"Kim Thần Tài","code":"Kim Thần Tài"},{"buy":"5,670.00","sell":"5,730.00","company":"DOJI","brand":"","updated":"2021-07-07 16:39:00","brand1":"","day":"20210707","id":"8390193","type":"Lộc Phát Tài","code":"Lộc Phát Tài"},{"buy":"5,127.00","sell":"5,172.00","company":"DOJI","brand":"Hà Nội","updated":"2021-07-07 16:39:00","brand1":"HN","day":"20210707","id":"8390181","type":"Hưng Thịnh Vượng","code":"Hưng Thịnh Vượng"},{"buy":"5,127.00","sell":"5,172.00","company":"DOJI","brand":"Hồ Chí Minh","updated":"2021-07-07 16:39:00","brand1":"HCM","day":"20210707","id":"8390205","type":"Nhẫn H.T.V","code":"Nhẫn H.T.V"},{"buy":"5,122.00","sell":"5,142.00","company":"DOJI","brand":"Hà Nội","updated":"2021-07-07 16:39:00","brand1":"HN","day":"20210707","id":"8390182","type":"Nguyên liệu 99.99","code":"Nguyên liệu 99.99"},{"buy":"5,120.00","sell":"5,144.00","company":"DOJI","brand":"","updated":"2021-07-07 16:39:00","brand1":"","day":"20210707","id":"8390191","type":"Nguyên liệu 9999","code":"Nguyên liệu 9999"},{"buy":"5,117.00","sell":"5,137.00","company":"DOJI","brand":"Hà Nội","updated":"2021-07-07 16:39:00","brand1":"HN","day":"20210707","id":"8390183","type":"Nguyên liệu 99.9","code":"Nguyên liệu 99.9"},{"buy":"5,115.00","sell":"5,139.00","company":"DOJI","brand":"","updated":"2021-07-07 16:39:00","brand1":"","day":"20210707","id":"8390192","type":"Nguyên liệu 999","code":"Nguyên liệu 999"},{"buy":"5,105.00","sell":"5,130.00","company":"DOJI","brand":"Hồ Chí Minh","updated":"2021-07-07 16:39:00","brand1":"HCM","day":"20210707","id":"8390206","type":"Nguyên liệu 9999","code":"Nguyên liệu 9999"},{"buy":"5,100.00","sell":"5,125.00","company":"DOJI","brand":"Hồ Chí Minh","updated":"2021-07-07 16:39:00","brand1":"HCM","day":"20210707","id":"8390207","type":"Nguyên liệu 999","code":"Nguyên liệu 999"},{"buy":"5,092.00","sell":"5,172.00","company":"DOJI","brand":"Hà Nội","updated":"2021-07-07 16:39:00","brand1":"HN","day":"20210707","id":"8390184","type":"Nữ trang 99.99","code":"Nữ trang 99.99"},{"buy":"5,092.00","sell":"5,172.00","company":"DOJI","brand":"Hồ Chí Minh","updated":"2021-07-07 16:39:00","brand1":"HCM","day":"20210707","id":"8390208","type":"Nữ trang 99.99","code":"Nữ trang 99.99"},{"buy":"5,092.00","sell":"5,172.00","company":"DOJI","brand":"Nhẫn DOJI Hưng Thịnh Vượng","updated":"2021-07-07 16:39:00","brand1":"NDHTV","day":"20210707","id":"8390195","type":"Nữ trang 99.99","code":"Nữ trang 99.99"},{"buy":"5,082.00","sell":"5,162.00","company":"DOJI","brand":"Hà Nội","updated":"2021-07-07 16:39:00","brand1":"HN","day":"20210707","id":"8390185","type":"Nữ trang 99.9","code":"Nữ trang 99.9"},{"buy":"5,082.00","sell":"5,162.00","company":"DOJI","brand":"Hồ Chí Minh","updated":"2021-07-07 16:39:00","brand1":"HCM","day":"20210707","id":"8390209","type":"Nữ trang 99.9","code":"Nữ trang 99.9"},{"buy":"5,082.00","sell":"5,162.00","company":"DOJI","brand":"Nhẫn DOJI Hưng Thịnh Vượng","updated":"2021-07-07 16:39:00","brand1":"NDHTV","day":"20210707","id":"8390196","type":"Nữ trang 99.9","code":"Nữ trang 99.9"},{"buy":"5,012.00","sell":"5,127.00","company":"DOJI","brand":"Hà Nội","updated":"2021-07-07 16:39:00","brand1":"HN","day":"20210707","id":"8390186","type":"Nữ trang 99","code":"Nữ trang 99"},{"buy":"5,012.00","sell":"5,127.00","company":"DOJI","brand":"Hồ Chí Minh","updated":"2021-07-07 16:39:00","brand1":"HCM","day":"20210707","id":"8390210","type":"Nữ trang 99","code":"Nữ trang 99"},{"buy":"5,012.00","sell":"5,127.00","company":"DOJI","brand":"Nhẫn DOJI Hưng Thịnh Vượng","updated":"2021-07-07 16:39:00","brand1":"NDHTV","day":"20210707","id":"8390197","type":"Nữ trang 99","code":"Nữ trang 99"},{"buy":"3,779.00","sell":"3,979.00","company":"DOJI","brand":"Hà Nội","updated":"2021-07-07 16:39:00","brand1":"HN","day":"20210707","id":"8390187","type":"Nữ trang 18k","code":"Nữ trang 18k"},{"buy":"3,779.00","sell":"3,979.00","company":"DOJI","brand":"Hồ Chí Minh","updated":"2021-07-07 16:39:00","brand1":"HCM","day":"20210707","id":"8390211","type":"Nữ Trang 18k","code":"Nữ Trang 18k"},{"buy":"3,779.00","sell":"3,979.00","company":"DOJI","brand":"Nhẫn DOJI Hưng Thịnh Vượng","updated":"2021-07-07 16:39:00","brand1":"NDHTV","day":"20210707","id":"8390198","type":"Nữ trang 18k","code":"Nữ trang 18k"},{"buy":"3,385.00","sell":"3,685.00","company":"DOJI","brand":"Hà Nội","updated":"2021-07-07 16:39:00","brand1":"HN","day":"20210707","id":"8390188","type":"Nữ trang 16k","code":"Nữ trang 16k"},{"buy":"3,385.00","sell":"3,685.00","company":"DOJI","brand":"Nhẫn DOJI Hưng Thịnh Vượng","updated":"2021-07-07 16:39:00","brand1":"NDHTV","day":"20210707","id":"8390199","type":"Nữ trang 68","code":"Nữ trang 68"},{"buy":"2,837.00","sell":"3,037.00","company":"DOJI","brand":"Hà Nội","updated":"2021-07-07 16:39:00","brand1":"HN","day":"20210707","id":"8390189","type":"Nữ trang 14k","code":"Nữ trang 14k"},{"buy":"2,837.00","sell":"3,037.00","company":"DOJI","brand":"Hồ Chí Minh","updated":"2021-07-07 16:39:00","brand1":"HCM","day":"20210707","id":"8390212","type":"Nữ Trang 14k","code":"Nữ Trang 14k"},{"buy":"2,837.00","sell":"3,037.00","company":"DOJI","brand":"Nhẫn DOJI Hưng Thịnh Vượng","updated":"2021-07-07 16:39:00","brand1":"NDHTV","day":"20210707","id":"8390200","type":"Nữ trang 14k","code":"Nữ trang 14k"},{"buy":"2,718.00","sell":"2,788.00","company":"DOJI","brand":"Hồ Chí Minh","updated":"2021-07-07 16:39:00","brand1":"HCM","day":"20210707","id":"8390213","type":"Nữ trang 68","code":"Nữ trang 68"},{"buy":"1,426.00","sell":"1,576.00","company":"DOJI","brand":"Hà Nội","updated":"2021-07-07 16:39:00","brand1":"HN","day":"20210707","id":"8390190","type":"Nữ trang 10k","code":"Nữ trang 10k"},{"buy":"1,426.00","sell":"1,576.00","company":"DOJI","brand":"Nhẫn DOJI Hưng Thịnh Vượng","updated":"2021-07-07 16:39:00","brand1":"NDHTV","day":"20210707","id":"8390201","type":"Nữ trang 10k","code":"Nữ trang 10k"},{"buy":"56,850.00","sell":"57,350.00","company":"3BANKS","brand":"SCB","updated":"2021-07-07 14:39:25","brand1":"SCB","day":"20210707","id":"8389837","type":"SJC","code":"SJC"},{"buy":"56,850.00","sell":"57,470.00","company":"3BANKS","brand":"VIETINBANK GOLD","updated":"2021-07-07 14:13:59","brand1":"VG","day":"20210707","id":"8389691","type":"SJC","code":"SJC"},{"buy":"56,450.00","sell":"57,650.00","company":"3BANKS","brand":"MARITIME BANK","updated":"2021-07-07 14:13:59","brand1":"MB","day":"20210707","id":"8389671","type":"SJC","code":"SJC"},{"buy":"53,500.00","sell":"54,500.00","company":"3BANKS","brand":"SACOMBANK","updated":"2021-07-07 17:40:21","brand1":"S","day":"20210707","id":"8390342","type":"SJC","code":"JC"},{"buy":"56,900.00","sell":"57,200.00","company":"2GROUP","brand":"Mi Hồng SJC","updated":"2021-07-07 16:59:03","brand1":"MHS","day":"20210707","id":"8390261","type":"SJC","code":"SJC"},{"buy":"56,900.00","sell":"57,450.00","company":"2GROUP","brand":"PNJ SJC","updated":"2021-07-07 14:13:59","brand1":"PS","day":"20210707","id":"8389673","type":"SJC","code":"SJC"},{"buy":"56,850.00","sell":"57,300.00","company":"2GROUP","brand":"PHÚ QUÝ SJC","updated":"2021-07-07 14:13:59","brand1":"PQS","day":"20210707","id":"8389680","type":"SJC","code":"SJC"},{"buy":"56,500.00","sell":"57,500.00","company":"2GROUP","brand":"Ngọc Hải SJC HCM","updated":"2021-07-07 14:13:59","brand1":"NHSH","day":"20210707","id":"8389688","type":"SJC","code":"SJC"},{"buy":"56,500.00","sell":"57,500.00","company":"2GROUP","brand":"Ngọc Hải SJC Long An","updated":"2021-07-07 14:13:59","brand1":"NHSLA","day":"20210707","id":"8389685","type":"SJC","code":"SJC"},{"buy":"56,500.00","sell":"57,500.00","company":"2GROUP","brand":"Ngọc Hải SJC Tân Hiệp","updated":"2021-07-07 14:13:59","brand1":"NHSTH","day":"20210707","id":"8389682","type":"SJC","code":"SJC"},{"buy":"51,500.00","sell":"52,900.00","company":"2GROUP","brand":"PNJ 1L","updated":"2021-07-07 14:13:59","brand1":"P1","day":"20210707","id":"8389672","type":"SJC","code":"SJC"},{"buy":"1,801.70","sell":"1,802.70","company":"2GROUP","brand":"SPOT GOLD","updated":"2021-07-07 23:57:59","brand1":"SG","day":"20210707","id":"8398871","type":"SJC","code":"SJC"},{"buy":"72.17","sell":"72.17","company":"2GROUP","brand":"OIL","updated":"2021-07-07 23:57:59","brand1":"OIL","day":"20210707","id":"8398872","type":"SJC","code":"SJC"},{"buy":"51,400.00","sell":"52,000.00","company":"1OTHER","brand":"Nhẫn SJC 99,99","updated":"2021-07-07 13:34:56","brand1":"NS9","day":"20210707","id":"8389639","type":"SJC*","code":"SJC*"},{"buy":"51,300.00","sell":"51,900.00","company":"1OTHER","brand":"PNJ Nhẫn 24K","updated":"2021-07-07 14:13:59","brand1":"PN2","day":"20210707","id":"8389675","type":"SJC","code":"SJC"},{"buy":"51,250.00","sell":"51,950.00","company":"1OTHER","brand":"Nhẫn PHÚ QUÝ 24K","updated":"2021-07-07 14:13:59","brand1":"NPQ2","day":"20210707","id":"8389681","type":"SJC","code":"SJC"},{"buy":"51,200.00","sell":"51,600.00","company":"1OTHER","brand":"Mi Hồng 999","updated":"2021-07-07 15:41:26","brand1":"MH9","day":"20210707","id":"8390054","type":"SJC","code":"SJC"},{"buy":"50,800.00","sell":"51,600.00","company":"1OTHER","brand":"Ngọc Hải 24K HCM","updated":"2021-07-07 14:13:59","brand1":"NH2H","day":"20210707","id":"8389689","type":"SJC","code":"SJC"},{"buy":"50,800.00","sell":"51,600.00","company":"1OTHER","brand":"Ngọc Hải 24K Long An","updated":"2021-07-07 14:13:59","brand1":"NH2LA","day":"20210707","id":"8389686","type":"SJC","code":"SJC"},{"buy":"50,800.00","sell":"51,600.00","company":"1OTHER","brand":"Ngọc Hải 24K Tân Hiệp","updated":"2021-07-07 14:13:59","brand1":"NH2TH","day":"20210707","id":"8389683","type":"SJC","code":"SJC"},{"buy":"50,800.00","sell":"51,600.00","company":"1OTHER","brand":"PNJ NT 24K","updated":"2021-07-07 14:13:59","brand1":"PN2","day":"20210707","id":"8389674","type":"SJC","code":"SJC"},{"buy":"50,200.00","sell":"51,200.00","company":"1OTHER","brand":"Mi Hồng 985","updated":"2021-07-07 14:13:59","brand1":"MH9","day":"20210707","id":"8389664","type":"SJC","code":"SJC"},{"buy":"50,000.00","sell":"51,000.00","company":"1OTHER","brand":"Mi Hồng 980","updated":"2021-07-07 14:13:59","brand1":"MH9","day":"20210707","id":"8389665","type":"SJC","code":"SJC"},{"buy":"37,450.00","sell":"38,850.00","company":"1OTHER","brand":"PNJ NT 18K","updated":"2021-07-07 14:13:59","brand1":"PN1","day":"20210707","id":"8389676","type":"SJC","code":"SJC"},{"buy":"34,500.00","sell":"39,170.00","company":"1OTHER","brand":"Ngọc Hải 17K HCM","updated":"2021-07-07 14:13:59","brand1":"NH1H","day":"20210707","id":"8389690","type":"SJC","code":"SJC"},{"buy":"34,500.00","sell":"39,170.00","company":"1OTHER","brand":"Ngọc Hải 17K Long An","updated":"2021-07-07 14:13:59","brand1":"NH1LA","day":"20210707","id":"8389687","type":"SJC","code":"SJC"},{"buy":"34,500.00","sell":"39,170.00","company":"1OTHER","brand":"Ngọc Hải 17K Tân Hiệp","updated":"2021-07-07 14:13:59","brand1":"NH1TH","day":"20210707","id":"8389684","type":"SJC","code":"SJC"},{"buy":"33,700.00","sell":"35,700.00","company":"1OTHER","brand":"Mi Hồng 750","updated":"2021-07-07 14:13:59","brand1":"MH7","day":"20210707","id":"8389667","type":"SJC","code":"SJC"},{"buy":"31,000.00","sell":"32,700.00","company":"1OTHER","brand":"Mi Hồng 680","updated":"2021-07-07 14:13:59","brand1":"MH6","day":"20210707","id":"8389668","type":"SJC","code":"SJC"},{"buy":"30,000.00","sell":"31,700.00","company":"1OTHER","brand":"Mi Hồng 610","updated":"2021-07-07 14:13:59","brand1":"MH6","day":"20210707","id":"8389669","type":"SJC","code":"SJC"},{"buy":"28,940.00","sell":"30,340.00","company":"1OTHER","brand":"PNJ NT 14K","updated":"2021-07-07 14:13:59","brand1":"PN1","day":"20210707","id":"8389677","type":"SJC","code":"SJC"},{"buy":"20,220.00","sell":"21,620.00","company":"1OTHER","brand":"PNJ NT 10K","updated":"2021-07-07 14:13:59","brand1":"PN1","day":"20210707","id":"8389678","type":"SJC","code":"SJC"},{"buy":"0.00","sell":"48,300.00","company":"1OTHER","brand":"Mi Hồng 950","updated":"2021-07-07 14:13:59","brand1":"MH9","day":"20210707","id":"8389666","type":"SJC","code":"SJC"},{"buy":"36,697.19","sell":"36,697.19","company":"1Coin","brand":"yearn.finance","updated":"2021-07-07 22:04:02","brand1":"y","day":"20210707","id":"8397987","type":"YFI","code":"YFI"},{"buy":"34,762.11","sell":"34,762.11","company":"1Coin","brand":"Bitcoin BEP2","updated":"2021-07-07 22:03:59","brand1":"BB","day":"20210707","id":"8397956","type":"BTCB","code":"BTCB"},{"buy":"34,738.98","sell":"34,738.98","company":"1Coin","brand":"Huobi BTC","updated":"2021-07-07 22:04:19","brand1":"HB","day":"20210707","id":"8398124","type":"HBTC","code":"TC"},{"buy":"34,626.62","sell":"34,626.62","company":"1Coin","brand":"Bitcoin","updated":"2021-07-07 23:55:50","brand1":"B","day":"20210707","id":"8398855","type":"BTC","code":"TC"},{"buy":"34,605.37","sell":"34,605.37","company":"1Coin","brand":"Wrapped Bitcoin","updated":"2021-07-07 23:55:52","brand1":"WB","day":"20210707","id":"8398864","type":"WBTC","code":"TC"},{"buy":"34,600.92","sell":"34,600.92","company":"1Coin","brand":"renBTC","updated":"2021-07-07 22:04:07","brand1":"r","day":"20210707","id":"8398046","type":"RENBTC","code":"RENBTC"},{"buy":"6,890.38","sell":"6,890.38","company":"1Coin","brand":"cVault.finance","updated":"2021-07-07 00:00:00","brand1":"c","day":"20210707","id":"8499149","type":"CORE","code":"CORE"},{"buy":"2,865.63","sell":"2,865.63","company":"1Coin","brand":"Maker","updated":"2021-07-07 22:03:58","brand1":"M","day":"20210707","id":"8397947","type":"MKR","code":"KR"},{"buy":"2,358.43","sell":"2,358.43","company":"1Coin","brand":"Ethereum","updated":"2021-07-07 23:55:50","brand1":"E","day":"20210707","id":"8398856","type":"ETH","code":"TH"},{"buy":"2,358.43","sell":"2,358.43","company":"1Coin","brand":"Ethereum 2","updated":"2021-07-07 23:55:51","brand1":"E2","day":"20210707","id":"8398857","type":"ETH2","code":"ETH2"},{"buy":"2,354.94","sell":"2,354.94","company":"1Coin","brand":"stETH","updated":"2021-07-07 22:04:19","brand1":"s","day":"20210707","id":"8398122","type":"STETH","code":"STETH"},{"buy":"2,266.57","sell":"2,266.57","company":"1Coin","brand":"DFI.Money","updated":"2021-07-07 20:02:32","brand1":"D","day":"20210707","id":"8396856","type":"YFII","code":"YFII"},{"buy":"1,806.49","sell":"1,806.49","company":"1Coin","brand":"PAX Gold","updated":"2021-07-07 22:04:26","brand1":"PG","day":"20210707","id":"8398193","type":"PAXG","code":"PAXG"},{"buy":"697.88","sell":"697.88","company":"1Coin","brand":"Venus BTC","updated":"2021-07-07 22:04:23","brand1":"VB","day":"20210707","id":"8398163","type":"VBTC","code":"TC"},{"buy":"529.54","sell":"529.54","company":"1Coin","brand":"QuickSwap","updated":"2021-07-07 20:02:33","brand1":"Q","day":"20210707","id":"8396966","type":"QUICK","code":"UICK"},{"buy":"523.62","sell":"523.62","company":"1Coin","brand":"Bitcoin Cash","updated":"2021-07-07 23:55:51","brand1":"BC","day":"20210707","id":"8398862","type":"BCH","code":"H"},{"buy":"468.71","sell":"468.71","company":"1Coin","brand":"Compound","updated":"2021-07-07 22:03:59","brand1":"C","day":"20210707","id":"8397959","type":"COMP","code":"OMP"},{"buy":"402.80","sell":"402.80","company":"1Coin","brand":"Alchemix","updated":"2021-07-07 22:04:24","brand1":"A","day":"20210707","id":"8398188","type":"ALCX","code":"LCX"},{"buy":"342.10","sell":"342.10","company":"1Coin","brand":"Wrapped BNB","updated":"2021-07-07 22:04:17","brand1":"WB","day":"20210707","id":"8398116","type":"WBNB","code":"NB"},{"buy":"335.83","sell":"335.83","company":"1Coin","brand":"Binance Coin","updated":"2021-07-07 23:55:51","brand1":"BC","day":"20210707","id":"8398858","type":"BNB","code":"BNB"},{"buy":"323.03","sell":"323.03","company":"1Coin","brand":"Aave","updated":"2021-07-07 23:55:52","brand1":"Aave","day":"20210707","id":"8398869","type":"AAVE","code":"AAVE"},{"buy":"236.93","sell":"236.93","company":"1Coin","brand":"Kusama","updated":"2021-07-07 22:03:59","brand1":"K","day":"20210707","id":"8397970","type":"KSM","code":"SM"},{"buy":"222.92","sell":"222.92","company":"1Coin","brand":"Monero","updated":"2021-07-07 23:55:52","brand1":"M","day":"20210707","id":"8398870","type":"XMR","code":"XR"},{"buy":"187.57","sell":"187.57","company":"1Coin","brand":"Gnosis","updated":"2021-07-07 22:04:09","brand1":"G","day":"20210707","id":"8398063","type":"GNO","code":"NO"},{"buy":"166.50","sell":"166.50","company":"1Coin","brand":"Cream Finance","updated":"2021-07-07 22:04:27","brand1":"CF","day":"20210707","id":"8398209","type":"CREAM","code":"CREAM"},{"buy":"143.83","sell":"143.83","company":"1Coin","brand":"KeeperDAO","updated":"2021-07-07 00:00:00","brand1":"K","day":"20210707","id":"8494167","type":"ROOK","code":"ROO"},{"buy":"143.25","sell":"143.25","company":"1Coin","brand":"Bitcoin SV","updated":"2021-07-07 22:03:58","brand1":"BS","day":"20210707","id":"8397949","type":"BSV","code":"V"},{"buy":"140.95","sell":"140.95","company":"1Coin","brand":"Litecoin","updated":"2021-07-07 23:55:51","brand1":"L","day":"20210707","id":"8398863","type":"LTC","code":"TC"},{"buy":"138.95","sell":"138.95","company":"1Coin","brand":"Decred","updated":"2021-07-07 22:03:59","brand1":"D","day":"20210707","id":"8397973","type":"DCR","code":"CR"},{"buy":"136.54","sell":"136.54","company":"1Coin","brand":"Dash","updated":"2021-07-07 22:04:02","brand1":"Dash","day":"20210707","id":"8397984","type":"DASH","code":"DASH"},{"buy":"118.71","sell":"118.71","company":"1Coin","brand":"Zcash","updated":"2021-07-07 22:04:01","brand1":"Z","day":"20210707","id":"8397983","type":"ZEC","code":"EC"},{"buy":"102.31","sell":"102.31","company":"1Coin","brand":"Counos X","updated":"2021-07-07 22:04:18","brand1":"CX","day":"20210707","id":"8398120","type":"CCXX","code":"CX"},{"buy":"99.41","sell":"99.41","company":"1Coin","brand":"Enzyme","updated":"2021-07-07 22:04:13","brand1":"E","day":"20210707","id":"8398092","type":"MLN","code":"MLN"},{"buy":"95.61","sell":"95.61","company":"1Coin","brand":"Elrond","updated":"2021-07-07 22:04:00","brand1":"E","day":"20210707","id":"8397978","type":"EGLD","code":"GLD"},{"buy":"90.41","sell":"90.41","company":"1Coin","brand":"NXM","updated":"2021-07-07 22:04:19","brand1":"NXM","day":"20210707","id":"8398127","type":"NXM","code":""},{"buy":"80.75","sell":"80.75","company":"1Coin","brand":"Quant","updated":"2021-07-07 22:04:03","brand1":"Q","day":"20210707","id":"8398008","type":"QNT","code":"NT"},{"buy":"79.63","sell":"79.63","company":"1Coin","brand":"Illuvium","updated":"2021-07-07 00:00:00","brand1":"I","day":"20210707","id":"8457682","type":"ILV","code":"LV"},{"buy":"67.15","sell":"67.15","company":"1Coin","brand":"Horizen","updated":"2021-07-07 22:04:03","brand1":"H","day":"20210707","id":"8398016","type":"ZEN","code":"ZEN"},{"buy":"63.91","sell":"63.91","company":"1Coin","brand":"Wrapped NXM","updated":"2021-07-07 22:04:26","brand1":"WN","day":"20210707","id":"8398199","type":"WNXM","code":"XM"},{"buy":"57.36","sell":"57.36","company":"1Coin","brand":"Filecoin","updated":"2021-07-07 23:55:52","brand1":"F","day":"20210707","id":"8398868","type":"FIL","code":"IL"},{"buy":"53.78","sell":"53.78","company":"1Coin","brand":"Ethereum Classic","updated":"2021-07-07 23:55:52","brand1":"EC","day":"20210707","id":"8398867","type":"ETC","code":"ETC"},{"buy":"48.11","sell":"48.11","company":"1Coin","brand":"Bitcoin Gold","updated":"2021-07-07 22:04:03","brand1":"BG","day":"20210707","id":"8398010","type":"BTG","code":"BTG"},{"buy":"47.60","sell":"47.60","company":"1Coin","brand":"Venus ETH","updated":"2021-07-07 22:04:27","brand1":"VE","day":"20210707","id":"8398214","type":"VETH","code":"TH"},{"buy":"46.02","sell":"46.02","company":"1Coin","brand":"Internet Computer","updated":"2021-07-07 23:55:52","brand1":"IC","day":"20210707","id":"8398866","type":"ICP","code":"P"},{"buy":"44.41","sell":"44.41","company":"1Coin","brand":"Strike","updated":"2021-07-07 22:04:17","brand1":"S","day":"20210707","id":"8398113","type":"STRK","code":"TRK"},{"buy":"37.64","sell":"37.64","company":"1Coin","brand":"Neo","updated":"2021-07-07 22:03:58","brand1":"Neo","day":"20210707","id":"8397952","type":"NEO","code":"NEO"},{"buy":"36.74","sell":"36.74","company":"1Coin","brand":"Solana","updated":"2021-07-07 23:55:51","brand1":"S","day":"20210707","id":"8398861","type":"SOL","code":"OL"},{"buy":"33.82","sell":"33.82","company":"1Coin","brand":"BarnBridge","updated":"2021-07-07 22:04:23","brand1":"B","day":"20210707","id":"8398173","type":"BOND","code":"OND"},{"buy":"33.17","sell":"33.17","company":"1Coin","brand":"Numeraire","updated":"2021-07-07 22:04:14","brand1":"N","day":"20210707","id":"8398106","type":"NMR","code":"MR"},{"buy":"29.99","sell":"29.99","company":"1Coin","brand":"Bitcoin Cash ABC","updated":"2021-07-07 22:04:20","brand1":"BCA","day":"20210707","id":"8398129","type":"BCHA","code":"BCHA"},{"buy":"29.98","sell":"29.98","company":"1Coin","brand":"FTX Token","updated":"2021-07-07 22:03:58","brand1":"FT","day":"20210707","id":"8397948","type":"FTT","code":"T"},{"buy":"25.02","sell":"25.02","company":"1Coin","brand":"Balancer","updated":"2021-07-07 22:04:14","brand1":"B","day":"20210707","id":"8398099","type":"BAL","code":"AL"},{"buy":"22.91","sell":"22.91","company":"1Coin","brand":"Uniswap","updated":"2021-07-07 23:55:51","brand1":"U","day":"20210707","id":"8398860","type":"UNI","code":"NI"},{"buy":"21.53","sell":"21.53","company":"1Coin","brand":"Venus","updated":"2021-07-07 22:04:12","brand1":"V","day":"20210707","id":"8398077","type":"XVS","code":"XS"},{"buy":"21.12","sell":"21.12","company":"1Coin","brand":"Augur","updated":"2021-07-07 22:04:13","brand1":"A","day":"20210707","id":"8398087","type":"REP","code":"REP"},{"buy":"21.12","sell":"21.12","company":"1Coin","brand":"REPv2","updated":"2021-07-07 22:04:13","brand1":"R","day":"20210707","id":"8398089","type":"REPV2","code":"EPV2"},{"buy":"20.49","sell":"20.49","company":"1Coin","brand":"Chainlink","updated":"2021-07-07 23:45:41","brand1":"C","day":"20210707","id":"8398843","type":"LINK","code":"LINK"},{"buy":"20.15","sell":"20.15","company":"1Coin","brand":"Bitcoin Standard Hashrate Token","updated":"2021-07-07 22:04:11","brand1":"BSHT","day":"20210707","id":"8398076","type":"BTCST","code":"BTCST"},{"buy":"19.07","sell":"19.07","company":"1Coin","brand":"Uquid Coin","updated":"2021-07-07 22:04:13","brand1":"UC","day":"20210707","id":"8398082","type":"UQC","code":"UQC"},{"buy":"17.27","sell":"17.27","company":"1Coin","brand":"Ampleforth Governance Token","updated":"2021-07-07 22:04:23","brand1":"AGT","day":"20210707","id":"8398166","type":"FORTH","code":"FORTH"},{"buy":"17.27","sell":"17.27","company":"1Coin","brand":"Livepeer","updated":"2021-07-07 22:04:07","brand1":"L","day":"20210707","id":"8398050","type":"LPT","code":"PT"},{"buy":"16.93","sell":"16.93","company":"1Coin","brand":"Polkadot","updated":"2021-07-07 23:55:51","brand1":"P","day":"20210707","id":"8398859","type":"DOT","code":"DOT"},{"buy":"16.45","sell":"16.45","company":"1Coin","brand":"Axie Infinity Shards","updated":"2021-07-07 22:04:03","brand1":"AIS","day":"20210707","id":"8398007","type":"AXS","code":"AXS"},{"buy":"16.36","sell":"16.36","company":"1Coin","brand":"Waves","updated":"2021-07-07 22:04:00","brand1":"W","day":"20210707","id":"8397975","type":"WAVES","code":"AVES"},{"buy":"16.05","sell":"16.05","company":"1Coin","brand":"Flow","updated":"2021-07-07 22:04:06","brand1":"Flow","day":"20210707","id":"8398020","type":"FLOW","code":"FLOW"},{"buy":"15.63","sell":"15.63","company":"1Coin","brand":"PancakeSwap","updated":"2021-07-07 22:03:58","brand1":"P","day":"20210707","id":"8397945","type":"CAKE","code":"CAKE"},{"buy":"15.27","sell":"15.27","company":"1Coin","brand":"KLAYswap Protocol","updated":"2021-07-07 22:04:24","brand1":"KP","day":"20210707","id":"8398184","type":"KSP","code":"KSP"},{"buy":"13.65","sell":"13.65","company":"1Coin","brand":"Avalanche","updated":"2021-07-07 22:03:59","brand1":"A","day":"20210707","id":"8397964","type":"AVAX","code":"VX"},{"buy":"13.19","sell":"13.19","company":"1Coin","brand":"KuCoin Token","updated":"2021-07-07 22:04:02","brand1":"KT","day":"20210707","id":"8398004","type":"KCS","code":"KCS"},{"buy":"13.14","sell":"13.14","company":"1Coin","brand":"Prometeus","updated":"2021-07-07 22:04:12","brand1":"P","day":"20210707","id":"8398080","type":"PROM","code":"ROM"},{"buy":"13.13","sell":"13.13","company":"1Coin","brand":"Cosmos","updated":"2021-07-07 20:03:58","brand1":"C","day":"20210707","id":"8397946","type":"ATOM","code":"ATOM"},{"buy":"12.88","sell":"12.88","company":"1Coin","brand":"Helium","updated":"2021-07-07 22:04:02","brand1":"H","day":"20210707","id":"8397998","type":"HNT","code":"NT"},{"buy":"12.59","sell":"12.59","company":"1Coin","brand":"The Transfer Token","updated":"2021-07-07 22:04:19","brand1":"TTT","day":"20210707","id":"8398125","type":"TTT","code":""},{"buy":"12.02","sell":"12.02","company":"1Coin","brand":"NewYork Exchange","updated":"2021-07-07 20:02:33","brand1":"NE","day":"20210707","id":"8396924","type":"NYE","code":"NYE"},{"buy":"11.71","sell":"11.71","company":"1Coin","brand":"Arweave","updated":"2021-07-07 22:04:07","brand1":"A","day":"20210707","id":"8398043","type":"AR","code":"R"},{"buy":"11.22","sell":"11.22","company":"1Coin","brand":"Synthetix Network Token","updated":"2021-07-07 22:04:02","brand1":"SNT","day":"20210707","id":"8397990","type":"SNX","code":"SNX"},{"buy":"10.79","sell":"10.79","company":"1Coin","brand":"Perpetual Protocol","updated":"2021-07-07 22:04:21","brand1":"PP","day":"20210707","id":"8398154","type":"PERP","code":"PERP"},{"buy":"10.58","sell":"10.58","company":"1Coin","brand":"OKB","updated":"2021-07-07 22:04:06","brand1":"OKB","day":"20210707","id":"8398023","type":"OKB","code":""},{"buy":"10.49","sell":"10.49","company":"1Coin","brand":"Badger DAO","updated":"2021-07-07 21:04:27","brand1":"BD","day":"20210707","id":"8398210","type":"BADGER","code":"BADGER"},{"buy":"10.47","sell":"10.47","company":"1Coin","brand":"MCO","updated":"2021-07-07 22:04:16","brand1":"MCO","day":"20210707","id":"8398107","type":"MCO","code":""},{"buy":"10.46","sell":"10.46","company":"1Coin","brand":"Huobi Token","updated":"2021-07-07 22:04:00","brand1":"HT","day":"20210707","id":"8397974","type":"HT","code":""},{"buy":"10.13","sell":"10.13","company":"1Coin","brand":"Rocket Pool","updated":"2021-07-07 22:04:27","brand1":"RP","day":"20210707","id":"8398207","type":"RPL","code":"L"},{"buy":"10.11","sell":"10.11","company":"1Coin","brand":"UMA","updated":"2021-07-07 22:04:06","brand1":"UMA","day":"20210707","id":"8398032","type":"UMA","code":""},{"buy":"9.07","sell":"9.07","company":"1Coin","brand":"SushiSwap","updated":"2021-07-07 22:04:02","brand1":"S","day":"20210707","id":"8397997","type":"SUSHI","code":"UHI"},{"buy":"8.34","sell":"8.34","company":"1Coin","brand":"Persistence","updated":"2021-07-07 22:04:21","brand1":"P","day":"20210707","id":"8398152","type":"XPRT","code":"XRT"},{"buy":"7.89","sell":"7.89","company":"1Coin","brand":"Injective Protocol","updated":"2021-07-07 22:04:11","brand1":"IP","day":"20210707","id":"8398073","type":"INJ","code":"INJ"},{"buy":"7.53","sell":"7.53","company":"1Coin","brand":"Terra","updated":"2021-07-07 22:03:58","brand1":"T","day":"20210707","id":"8397943","type":"LUNA","code":"LUNA"},{"buy":"7.27","sell":"7.27","company":"1Coin","brand":"LUKSO","updated":"2021-07-07 21:04:26","brand1":"L","day":"20210707","id":"8398197","type":"LYXE","code":"YXE"},{"buy":"7.27","sell":"7.27","company":"1Coin","brand":"THORChain","updated":"2021-07-07 22:04:00","brand1":"T","day":"20210707","id":"8397981","type":"RUNE","code":"RUNE"},{"buy":"7.22","sell":"7.22","company":"1Coin","brand":"Gitcoin","updated":"2021-07-07 22:04:27","brand1":"G","day":"20210707","id":"8398208","type":"GTC","code":"TC"},{"buy":"7.22","sell":"7.22","company":"1Coin","brand":"Qtum","updated":"2021-07-07 22:04:04","brand1":"Qtum","day":"20210707","id":"8398017","type":"QTUM","code":"QTUM"},{"buy":"7.09","sell":"7.09","company":"1Coin","brand":"Zelwin","updated":"2021-07-07 20:02:16","brand1":"Z","day":"20210707","id":"8393838","type":"ZLW","code":"LW"},{"buy":"7.04","sell":"7.04","company":"1Coin","brand":"TitanSwap","updated":"2021-07-07 22:04:20","brand1":"T","day":"20210707","id":"8398134","type":"TITAN","code":"IAN"},{"buy":"6.94","sell":"6.94","company":"1Coin","brand":"Celsius","updated":"2021-07-07 22:04:00","brand1":"C","day":"20210707","id":"8397982","type":"CEL","code":"EL"},{"buy":"6.90","sell":"6.90","company":"1Coin","brand":"Band Protocol","updated":"2021-07-07 22:04:10","brand1":"BP","day":"20210707","id":"8398069","type":"BAND","code":"BAND"},{"buy":"6.83","sell":"6.83","company":"1Coin","brand":"Venus BNB","updated":"2021-07-07 20:04:20","brand1":"VB","day":"20210707","id":"8398128","type":"VBNB","code":"NB"},{"buy":"6.78","sell":"6.78","company":"1Coin","brand":"Ergo","updated":"2021-07-07 22:04:12","brand1":"Ergo","day":"20210707","id":"8398078","type":"ERG","code":"ERG"},{"buy":"6.57","sell":"6.57","company":"1Coin","brand":"Gas","updated":"2021-07-07 00:00:00","brand1":"Gas","day":"20210707","id":"8443382","type":"GAS","code":"GAS"},{"buy":"6.54","sell":"6.54","company":"1Coin","brand":"THETA","updated":"2021-07-07 23:55:52","brand1":"T","day":"20210707","id":"8398865","type":"THETA","code":"HEA"},{"buy":"6.15","sell":"6.15","company":"1Coin","brand":"MyNeighborAlice","updated":"2021-07-07 22:04:26","brand1":"M","day":"20210707","id":"8398205","type":"ALICE","code":"ALICE"},{"buy":"5.86","sell":"5.86","company":"1Coin","brand":"Orion Protocol","updated":"2021-07-07 22:04:22","brand1":"OP","day":"20210707","id":"8398162","type":"ORN","code":"ORN"},{"buy":"5.85","sell":"5.85","company":"1Coin","brand":"Ethernity Chain","updated":"2021-07-07 00:00:00","brand1":"EC","day":"20210707","id":"8454119","type":"ERN","code":"ERN"},{"buy":"5.65","sell":"5.65","company":"1Coin","brand":"Energy Web Token","updated":"2021-07-07 22:04:14","brand1":"EWT","day":"20210707","id":"8398101","type":"EWT","code":""},{"buy":"4.75","sell":"4.75","company":"1Coin","brand":"Nano","updated":"2021-07-07 22:04:06","brand1":"Nano","day":"20210707","id":"8398026","type":"NANO","code":"NANO"},{"buy":"4.70","sell":"4.70","company":"1Coin","brand":"Kava.io","updated":"2021-07-07 21:04:09","brand1":"K","day":"20210707","id":"8398057","type":"KAVA","code":"AVA"},{"buy":"4.57","sell":"4.57","company":"1Coin","brand":"OMG Network","updated":"2021-07-07 22:04:06","brand1":"ON","day":"20210707","id":"8398022","type":"OMG","code":"OMG"},{"buy":"4.43","sell":"4.43","company":"1Coin","brand":"INO COIN","updated":"2021-07-07 22:04:19","brand1":"IC","day":"20210707","id":"8398126","type":"INO","code":"INO"},{"buy":"4.05","sell":"4.05","company":"1Coin","brand":"Aragon","updated":"2021-07-07 20:04:16","brand1":"A","day":"20210707","id":"8398108","type":"ANT","code":"NT"},{"buy":"4.04","sell":"4.04","company":"1Coin","brand":"Mirror Protocol","updated":"2021-07-07 22:04:20","brand1":"MP","day":"20210707","id":"8398149","type":"MIR","code":"MIR"},{"buy":"3.92","sell":"3.92","company":"1Coin","brand":"EOS","updated":"2021-07-07 23:35:32","brand1":"EOS","day":"20210707","id":"8398829","type":"EOS","code":""},{"buy":"3.79","sell":"3.79","company":"1Coin","brand":"Serum","updated":"2021-07-07 22:04:13","brand1":"S","day":"20210707","id":"8398085","type":"SRM","code":"RM"},{"buy":"3.77","sell":"3.77","company":"1Coin","brand":"Hellenic Coin","updated":"2021-07-07 22:04:20","brand1":"HC","day":"20210707","id":"8398150","type":"HNC","code":"HNC"},{"buy":"3.71","sell":"3.71","company":"1Coin","brand":"Raydium","updated":"2021-07-07 22:04:22","brand1":"R","day":"20210707","id":"8398158","type":"RAY","code":"AY"},{"buy":"3.50","sell":"3.50","company":"1Coin","brand":"Bancor Network Token","updated":"2021-07-07 22:04:03","brand1":"BNT","day":"20210707","id":"8398012","type":"BNT","code":""},{"buy":"3.43","sell":"3.43","company":"1Coin","brand":"Akash Network","updated":"2021-07-07 20:02:17","brand1":"AN","day":"20210707","id":"8394067","type":"AKT","code":"AKT"},{"buy":"3.36","sell":"3.36","company":"1Coin","brand":"GateToken","updated":"2021-07-07 20:04:10","brand1":"G","day":"20210707","id":"8398064","type":"GT","code":"T"},{"buy":"3.35","sell":"3.35","company":"1Coin","brand":"Dawn Protocol","updated":"2021-07-07 22:04:21","brand1":"DP","day":"20210707","id":"8398157","type":"DAWN","code":"DAWN"},{"buy":"3.13","sell":"3.13","company":"1Coin","brand":"Elitium","updated":"2021-07-07 20:02:33","brand1":"E","day":"20210707","id":"8396880","type":"EUM","code":"UM"},{"buy":"3.11","sell":"3.11","company":"1Coin","brand":"Celo","updated":"2021-07-07 22:04:03","brand1":"Celo","day":"20210707","id":"8398011","type":"CGLD","code":"CGLD"},{"buy":"3.09","sell":"3.09","company":"1Coin","brand":"iExec RLC","updated":"2021-07-07 22:04:10","brand1":"iR","day":"20210707","id":"8398068","type":"RLC","code":"RLC"},{"buy":"2.96","sell":"2.96","company":"1Coin","brand":"CRYPTO20","updated":"2021-07-07 22:04:23","brand1":"C","day":"20210707","id":"8398172","type":"C20","code":"20"},{"buy":"2.89","sell":"2.89","company":"1Coin","brand":"Tezos","updated":"2021-07-07 22:03:59","brand1":"T","day":"20210707","id":"8397963","type":"XTZ","code":"XZ"},{"buy":"2.87","sell":"2.87","company":"1Coin","brand":"Tokenlon Network Token","updated":"2021-07-07 20:02:23","brand1":"TNT","day":"20210707","id":"8394581","type":"LON","code":"LON"},{"buy":"2.82","sell":"2.82","company":"1Coin","brand":"Litentry","updated":"2021-07-07 00:00:00","brand1":"L","day":"20210707","id":"8456878","type":"LIT","code":"IT"},{"buy":"2.80","sell":"2.80","company":"1Coin","brand":"Lisk","updated":"2021-07-07 22:04:07","brand1":"Lisk","day":"20210707","id":"8398053","type":"LSK","code":"LSK"},{"buy":"2.79","sell":"2.79","company":"1Coin","brand":"1inch","updated":"2021-07-07 22:04:07","brand1":"1","day":"20210707","id":"8398040","type":"1INCH","code":"INCH"},{"buy":"2.72","sell":"2.72","company":"1Coin","brand":"UNUS SED LEO","updated":"2021-07-07 22:03:59","brand1":"USL","day":"20210707","id":"8397953","type":"LEO","code":"LEO"},{"buy":"2.65","sell":"2.65","company":"1Coin","brand":"Creditcoin","updated":"2021-07-07 18:04:19","brand1":"C","day":"20210707","id":"8398121","type":"CTC","code":"T"},{"buy":"2.63","sell":"2.63","company":"1Coin","brand":"DerivaDAO","updated":"2021-07-07 00:00:00","brand1":"D","day":"20210707","id":"8504648","type":"DDX","code":"X"},{"buy":"2.37","sell":"2.37","company":"1Coin","brand":"BakeryToken","updated":"2021-07-07 22:04:06","brand1":"B","day":"20210707","id":"8398029","type":"BAKE","code":"AKE"},{"buy":"2.34","sell":"2.34","company":"1Coin","brand":"NEAR Protocol","updated":"2021-07-07 21:04:03","brand1":"NP","day":"20210707","id":"8398009","type":"NEAR","code":"NEAR"},{"buy":"2.32","sell":"2.32","company":"1Coin","brand":"Voyager Token","updated":"2021-07-07 22:04:07","brand1":"VT","day":"20210707","id":"8398037","type":"VGX","code":"VGX"},{"buy":"2.30","sell":"2.30","company":"1Coin","brand":"DeFiChain","updated":"2021-07-07 20:02:16","brand1":"D","day":"20210707","id":"8393773","type":"DFI","code":"FI"},{"buy":"2.26","sell":"2.26","company":"1Coin","brand":"Pirate Chain","updated":"2021-07-07 22:04:20","brand1":"PC","day":"20210707","id":"8398131","type":"ARRR","code":"ARRR"},{"buy":"2.25","sell":"2.25","company":"1Coin","brand":"Travala.com","updated":"2021-07-07 22:04:24","brand1":"T","day":"20210707","id":"8398192","type":"AVA","code":"AVA"},{"buy":"2.23","sell":"2.23","company":"1Coin","brand":"Anchor Protocol","updated":"2021-07-07 20:02:20","brand1":"AP","day":"20210707","id":"8394159","type":"ANC","code":"ANC"},{"buy":"2.14","sell":"2.14","company":"1Coin","brand":"Swipe","updated":"2021-07-07 22:04:13","brand1":"S","day":"20210707","id":"8398081","type":"SXP","code":"XP"},{"buy":"2.11","sell":"2.11","company":"1Coin","brand":"TomoChain","updated":"2021-07-07 22:04:14","brand1":"T","day":"20210707","id":"8398098","type":"TOMO","code":"OMO"},{"buy":"2.05","sell":"2.05","company":"1Coin","brand":"Curve DAO Token","updated":"2021-07-07 22:04:03","brand1":"CDT","day":"20210707","id":"8398015","type":"CRV","code":"CRV"},{"buy":"2.04","sell":"2.04","company":"1Coin","brand":"Bitcoin Diamond","updated":"2021-07-07 22:04:07","brand1":"BD","day":"20210707","id":"8398047","type":"BCD","code":"BCD"},{"buy":"2.04","sell":"2.04","company":"1Coin","brand":"Populous","updated":"2021-07-07 22:04:26","brand1":"P","day":"20210707","id":"8398196","type":"PPT","code":"T"},{"buy":"1.80","sell":"1.80","company":"1Coin","brand":"Metal","updated":"2021-07-07 17:04:24","brand1":"M","day":"20210707","id":"8398181","type":"MTL","code":"TL"},{"buy":"1.77","sell":"1.77","company":"1Coin","brand":"Stratis","updated":"2021-07-07 20:02:06","brand1":"S","day":"20210707","id":"8392602","type":"STRAX","code":"TRAX"},{"buy":"1.70","sell":"1.70","company":"1Coin","brand":"Kyber Network","updated":"2021-07-07 20:02:03","brand1":"KN","day":"20210707","id":"8392186","type":"KNC","code":"C"},{"buy":"1.70","sell":"1.70","company":"1Coin","brand":"Unibright","updated":"2021-07-07 22:04:10","brand1":"U","day":"20210707","id":"8398067","type":"UBT","code":"BT"},{"buy":"1.69","sell":"1.69","company":"1Coin","brand":"Mdex","updated":"2021-07-07 20:01:59","brand1":"Mdex","day":"20210707","id":"8391499","type":"MDX","code":"MDX"},{"buy":"1.68","sell":"1.68","company":"1Coin","brand":"Nexo","updated":"2021-07-07 20:01:59","brand1":"Nexo","day":"20210707","id":"8391478","type":"NEXO","code":"NEXO"},{"buy":"1.53","sell":"1.53","company":"1Coin","brand":"Tokocrypto","updated":"2021-07-07 20:02:20","brand1":"T","day":"20210707","id":"8394264","type":"TKO","code":"KO"},{"buy":"1.47","sell":"1.47","company":"1Coin","brand":"KOK","updated":"2021-07-07 17:02:20","brand1":"KOK","day":"20210707","id":"8394266","type":"KOK","code":""},{"buy":"1.47","sell":"1.47","company":"1Coin","brand":"Oxygen","updated":"2021-07-07 20:02:33","brand1":"O","day":"20210707","id":"8396922","type":"OXY","code":"XY"},{"buy":"1.42","sell":"1.42","company":"1Coin","brand":"Cardano","updated":"2021-07-07 21:44:38","brand1":"C","day":"20210707","id":"8398717","type":"ADA","code":"ADA"},{"buy":"1.42","sell":"1.42","company":"1Coin","brand":"Polkastarter","updated":"2021-07-07 22:04:27","brand1":"P","day":"20210707","id":"8398213","type":"POLS","code":"OLS"},{"buy":"1.40","sell":"1.40","company":"1Coin","brand":"MonaCoin","updated":"2021-07-07 13:02:32","brand1":"M","day":"20210707","id":"8396772","type":"MONA","code":"ONA"},{"buy":"1.38","sell":"1.38","company":"1Coin","brand":"Mina","updated":"2021-07-07 21:04:10","brand1":"Mina","day":"20210707","id":"8398070","type":"MINA","code":"MINA"},{"buy":"1.37","sell":"1.37","company":"1Coin","brand":"XeniosCoin","updated":"2021-07-07 20:02:26","brand1":"X","day":"20210707","id":"8394770","type":"XNC","code":"NC"},{"buy":"1.36","sell":"1.36","company":"1Coin","brand":"Enjin Coin","updated":"2021-07-07 22:04:02","brand1":"EC","day":"20210707","id":"8398001","type":"ENJ","code":"ENJ"},{"buy":"1.30","sell":"1.30","company":"1Coin","brand":"botXcoin","updated":"2021-07-07 22:04:17","brand1":"b","day":"20210707","id":"8398119","type":"BOTX","code":"BOTX"},{"buy":"1.23","sell":"1.23","company":"1Coin","brand":"Pundi X[new]","updated":"2021-07-07 20:02:17","brand1":"PX","day":"20210707","id":"8393962","type":"PUNDIX","code":"PUNDIX"},{"buy":"1.17","sell":"1.17","company":"1Coin","brand":"WazirX","updated":"2021-07-07 22:04:09","brand1":"W","day":"20210707","id":"8398056","type":"WRX","code":"RX"},{"buy":"1.14","sell":"1.14","company":"1Coin","brand":"Polygon","updated":"2021-07-07 22:34:29","brand1":"P","day":"20210707","id":"8398700","type":"MATIC","code":"MATIC"},{"buy":"1.10","sell":"1.10","company":"1Coin","brand":"HedgeTrade","updated":"2021-07-07 22:04:20","brand1":"H","day":"20210707","id":"8398146","type":"HEDG","code":"EDG"},{"buy":"1.09","sell":"1.09","company":"1Coin","brand":"DODO","updated":"2021-07-07 22:04:23","brand1":"DODO","day":"20210707","id":"8398171","type":"DODO","code":""},{"buy":"1.07","sell":"1.07","company":"1Coin","brand":"MATH","updated":"2021-07-07 20:04:23","brand1":"MATH","day":"20210707","id":"8398168","type":"MATH","code":""},{"buy":"1.06","sell":"1.06","company":"1Coin","brand":"Ark","updated":"2021-07-07 20:02:12","brand1":"Ark","day":"20210707","id":"8393412","type":"ARK","code":"ARK"},{"buy":"1.03","sell":"1.03","company":"1Coin","brand":"Klaytn","updated":"2021-07-07 20:03:59","brand1":"K","day":"20210707","id":"8397954","type":"KLAY","code":"LAY"},{"buy":"1.03","sell":"1.03","company":"1Coin","brand":"Storj","updated":"2021-07-07 22:04:09","brand1":"S","day":"20210707","id":"8398062","type":"STORJ","code":"TORJ"},{"buy":"1.02","sell":"1.02","company":"1Coin","brand":"Bitpanda Ecosystem Token","updated":"2021-07-07 20:02:16","brand1":"BET","day":"20210707","id":"8393864","type":"BEST","code":"BEST"},{"buy":"1.02","sell":"1.02","company":"1Coin","brand":"Stacks","updated":"2021-07-07 22:04:02","brand1":"S","day":"20210707","id":"8397996","type":"STX","code":"TX"},{"buy":"1.02","sell":"1.02","company":"1Coin","brand":"WhiteCoin","updated":"2021-07-07 20:02:15","brand1":"W","day":"20210707","id":"8393752","type":"XWC","code":"XC"},{"buy":"1.01","sell":"1.01","company":"1Coin","brand":"sUSD","updated":"2021-07-07 20:02:17","brand1":"sUSD","day":"20210707","id":"8394025","type":"SUSD","code":"SUSD"},{"buy":"1.00","sell":"1.00","company":"1Coin","brand":"Frax","updated":"2021-07-07 20:02:17","brand1":"Frax","day":"20210707","id":"8394109","type":"FRAX","code":"FRAX"},{"buy":"1.00","sell":"1.00","company":"1Coin","brand":"HUSD","updated":"2021-07-07 20:02:02","brand1":"HUSD","day":"20210707","id":"8391949","type":"HUSD","code":""},{"buy":"1.00","sell":"1.00","company":"1Coin","brand":"Neutrino USD","updated":"2021-07-07 20:02:02","brand1":"NU","day":"20210707","id":"8392041","type":"USDN","code":"USDN"},{"buy":"1.00","sell":"1.00","company":"1Coin","brand":"TrueUSD","updated":"2021-07-07 20:01:57","brand1":"T","day":"20210707","id":"8391179","type":"TUSD","code":"USD"},{"buy":"1.00","sell":"1.00","company":"1Coin","brand":"USDX [Kava]","updated":"2021-07-07 00:00:00","brand1":"U[","day":"20210707","id":"8491534","type":"USDX","code":"USDX"},{"buy":"0.98","sell":"0.98","company":"1Coin","brand":"Sologenic","updated":"2021-07-07 22:04:22","brand1":"S","day":"20210707","id":"8398161","type":"SOLO","code":"OLO"},{"buy":"0.96","sell":"0.96","company":"1Coin","brand":"Ampleforth","updated":"2021-07-07 22:04:17","brand1":"A","day":"20210707","id":"8398115","type":"AMPL","code":"MPL"},{"buy":"0.95","sell":"0.95","company":"1Coin","brand":"Audius","updated":"2021-07-07 22:04:24","brand1":"A","day":"20210707","id":"8398191","type":"AUDIO","code":"UDIO"},{"buy":"0.93","sell":"0.93","company":"1Coin","brand":"Algorand","updated":"2021-07-07 20:01:54","brand1":"A","day":"20210707","id":"8390706","type":"ALGO","code":"LGO"},{"buy":"0.93","sell":"0.93","company":"1Coin","brand":"ICON","updated":"2021-07-07 20:02:02","brand1":"ICON","day":"20210707","id":"8391907","type":"ICX","code":"ICX"},{"buy":"0.92","sell":"0.92","company":"1Coin","brand":"Komodo","updated":"2021-07-07 21:04:24","brand1":"K","day":"20210707","id":"8398185","type":"KMD","code":"MD"},{"buy":"0.92","sell":"0.92","company":"1Coin","brand":"MiL.k","updated":"2021-07-07 00:00:00","brand1":"M","day":"20210707","id":"8397332","type":"MLK","code":"LK"},{"buy":"0.90","sell":"0.90","company":"1Coin","brand":"IOTA","updated":"2021-07-07 22:03:59","brand1":"IOTA","day":"20210707","id":"8397962","type":"MIOTA","code":"M"},{"buy":"0.83","sell":"0.83","company":"1Coin","brand":"Ontology Gas","updated":"2021-07-07 20:02:06","brand1":"OG","day":"20210707","id":"8392596","type":"ONG","code":"ONG"},{"buy":"0.83","sell":"0.83","company":"1Coin","brand":"SafePal","updated":"2021-07-07 20:02:32","brand1":"S","day":"20210707","id":"8396793","type":"SFP","code":"FP"},{"buy":"0.80","sell":"0.80","company":"1Coin","brand":"ZKSwap","updated":"2021-07-07 22:04:16","brand1":"Z","day":"20210707","id":"8398111","type":"ZKS","code":"KS"},{"buy":"0.79","sell":"0.79","company":"1Coin","brand":"0x","updated":"2021-07-07 20:04:06","brand1":"0x","day":"20210707","id":"8398021","type":"ZRX","code":"ZRX"},{"buy":"0.79","sell":"0.79","company":"1Coin","brand":"Alpha Finance Lab","updated":"2021-07-07 20:02:07","brand1":"AFL","day":"20210707","id":"8392687","type":"ALPHA","code":"ALPHA"},{"buy":"0.79","sell":"0.79","company":"1Coin","brand":"Phala.Network","updated":"2021-07-07 22:04:16","brand1":"P","day":"20210707","id":"8398112","type":"PHA","code":"HA"},{"buy":"0.78","sell":"0.78","company":"1Coin","brand":"EFFORCE","updated":"2021-07-07 20:02:33","brand1":"E","day":"20210707","id":"8396945","type":"WOZX","code":"WOZX"},{"buy":"0.76","sell":"0.76","company":"1Coin","brand":"Ontology","updated":"2021-07-07 20:02:01","brand1":"O","day":"20210707","id":"8391772","type":"ONT","code":"NT"},{"buy":"0.76","sell":"0.76","company":"1Coin","brand":"Orbit Chain","updated":"2021-07-07 20:02:16","brand1":"OC","day":"20210707","id":"8393920","type":"ORC","code":"ORC"},{"buy":"0.74","sell":"0.74","company":"1Coin","brand":"Decentraland","updated":"2021-07-07 22:04:02","brand1":"D","day":"20210707","id":"8397993","type":"MANA","code":"MANA"},{"buy":"0.74","sell":"0.74","company":"1Coin","brand":"Doctors Coin","updated":"2021-07-07 20:02:20","brand1":"DC","day":"20210707","id":"8394222","type":"DRS","code":"DRS"},{"buy":"0.74","sell":"0.74","company":"1Coin","brand":"Origin Token","updated":"2021-07-07 20:02:06","brand1":"OT","day":"20210707","id":"8392644","type":"OGN","code":"OGN"},{"buy":"0.73","sell":"0.73","company":"1Coin","brand":"The Graph","updated":"2021-07-07 22:03:59","brand1":"TG","day":"20210707","id":"8397967","type":"GRT","code":"GRT"},{"buy":"0.71","sell":"0.71","company":"1Coin","brand":"MaidSafeCoin","updated":"2021-07-07 20:02:04","brand1":"M","day":"20210707","id":"8392291","type":"MAID","code":"AID"},{"buy":"0.71","sell":"0.71","company":"1Coin","brand":"Mobilian Coin","updated":"2021-07-07 20:02:28","brand1":"MC","day":"20210707","id":"8395477","type":"MBN","code":"MBN"},{"buy":"0.71","sell":"0.71","company":"1Coin","brand":"Wootrade","updated":"2021-07-07 20:02:05","brand1":"W","day":"20210707","id":"8392438","type":"WOO","code":"OO"},{"buy":"0.68","sell":"0.68","company":"1Coin","brand":"Newscrypto","updated":"2021-07-07 22:04:26","brand1":"N","day":"20210707","id":"8398202","type":"NWC","code":"WC"},{"buy":"0.67","sell":"0.67","company":"1Coin","brand":"SwissBorg","updated":"2021-07-07 20:02:01","brand1":"S","day":"20210707","id":"8391730","type":"CHSB","code":"CHB"},{"buy":"0.67","sell":"0.67","company":"1Coin","brand":"XRP","updated":"2021-07-07 14:06:18","brand1":"XRP","day":"20210707","id":"8388780","type":"XRP","code":""},{"buy":"0.64","sell":"0.64","company":"1Coin","brand":"Wanchain","updated":"2021-07-07 20:02:13","brand1":"W","day":"20210707","id":"8393559","type":"WAN","code":"AN"},{"buy":"0.63","sell":"0.63","company":"1Coin","brand":"Basic Attention Token","updated":"2021-07-07 20:01:59","brand1":"BAT","day":"20210707","id":"8391457","type":"BAT","code":""},{"buy":"0.60","sell":"0.60","company":"1Coin","brand":"Tribe","updated":"2021-07-07 20:02:20","brand1":"T","day":"20210707","id":"8394308","type":"TRIBE","code":"RIBE"},{"buy":"0.57","sell":"0.57","company":"1Coin","brand":"RNDR Token","updated":"2021-07-07 20:02:32","brand1":"RT","day":"20210707","id":"8396814","type":"RNDR","code":"RNDR"},{"buy":"0.55","sell":"0.55","company":"1Coin","brand":"Rally","updated":"2021-07-07 20:02:28","brand1":"R","day":"20210707","id":"8395498","type":"RLY","code":"LY"},{"buy":"0.54","sell":"0.54","company":"1Coin","brand":"Hxro","updated":"2021-07-07 20:02:21","brand1":"Hxro","day":"20210707","id":"8394415","type":"HXRO","code":"HXRO"},{"buy":"0.48","sell":"0.48","company":"1Coin","brand":"Ocean Protocol","updated":"2021-07-07 20:02:05","brand1":"OP","day":"20210707","id":"8392375","type":"OCEAN","code":"OCEAN"},{"buy":"0.48","sell":"0.48","company":"1Coin","brand":"Ultra","updated":"2021-07-07 20:02:12","brand1":"U","day":"20210707","id":"8393433","type":"UOS","code":"OS"},{"buy":"0.46","sell":"0.46","company":"1Coin","brand":"Ellipsis","updated":"2021-07-07 00:00:00","brand1":"E","day":"20210707","id":"8453502","type":"EPS","code":"PS"},{"buy":"0.45","sell":"0.45","company":"1Coin","brand":"AllianceBlock","updated":"2021-07-07 21:04:28","brand1":"A","day":"20210707","id":"8398216","type":"ALBT","code":"LBT"},{"buy":"0.45","sell":"0.45","company":"1Coin","brand":"Cartesi","updated":"2021-07-07 15:02:10","brand1":"C","day":"20210707","id":"8393203","type":"CTSI","code":"TSI"},{"buy":"0.45","sell":"0.45","company":"1Coin","brand":"GNY","updated":"2021-07-07 20:02:33","brand1":"GNY","day":"20210707","id":"8396901","type":"GNY","code":""},{"buy":"0.44","sell":"0.44","company":"1Coin","brand":"Steem","updated":"2021-07-07 20:02:10","brand1":"S","day":"20210707","id":"8393170","type":"STEEM","code":"TEEM"},{"buy":"0.43","sell":"0.43","company":"1Coin","brand":"SuperFarm","updated":"2021-07-07 00:00:00","brand1":"S","day":"20210707","id":"8457807","type":"SUPER","code":"UPER"},{"buy":"0.43","sell":"0.43","company":"1Coin","brand":"The Sandbox","updated":"2021-07-07 22:04:09","brand1":"TS","day":"20210707","id":"8398059","type":"SAND","code":"SAND"},{"buy":"0.43","sell":"0.43","company":"1Coin","brand":"Venus XVS","updated":"2021-07-07 20:02:29","brand1":"VX","day":"20210707","id":"8395568","type":"VXVS","code":"VS"},{"buy":"0.41","sell":"0.41","company":"1Coin","brand":"Ren","updated":"2021-07-07 20:02:02","brand1":"Ren","day":"20210707","id":"8392020","type":"REN","code":"REN"},{"buy":"0.40","sell":"0.40","company":"1Coin","brand":"BitMax Token","updated":"2021-07-07 20:02:05","brand1":"BT","day":"20210707","id":"8392354","type":"BTMX","code":"MX"},{"buy":"0.40","sell":"0.40","company":"1Coin","brand":"Rakon","updated":"2021-07-07 20:02:29","brand1":"R","day":"20210707","id":"8395589","type":"RKN","code":"KN"},{"buy":"0.36","sell":"0.36","company":"1Coin","brand":"Function X","updated":"2021-07-07 20:02:22","brand1":"FX","day":"20210707","id":"8394478","type":"FX","code":""},{"buy":"0.35","sell":"0.35","company":"1Coin","brand":"Hathor","updated":"2021-07-07 00:00:00","brand1":"H","day":"20210707","id":"8424018","type":"HTR","code":"TR"},{"buy":"0.35","sell":"0.35","company":"1Coin","brand":"Hive","updated":"2021-07-07 20:02:12","brand1":"Hive","day":"20210707","id":"8393307","type":"HIVE","code":"HIVE"},{"buy":"0.35","sell":"0.35","company":"1Coin","brand":"Trust Wallet Token","updated":"2021-07-07 20:02:32","brand1":"TWT","day":"20210707","id":"8396835","type":"TWT","code":""},{"buy":"0.34","sell":"0.34","company":"1Coin","brand":"Golem","updated":"2021-07-07 20:02:04","brand1":"G","day":"20210707","id":"8392228","type":"GNT","code":"NT"},{"buy":"0.34","sell":"0.34","company":"1Coin","brand":"Keep Network","updated":"2021-07-07 20:02:20","brand1":"KN","day":"20210707","id":"8394180","type":"KEEP","code":"KEEP"},{"buy":"0.30","sell":"0.30","company":"1Coin","brand":"Darma Cash","updated":"2021-07-07 00:00:00","brand1":"DC","day":"20210707","id":"8498722","type":"DMCH","code":"DMCH"},{"buy":"0.30","sell":"0.30","company":"1Coin","brand":"MarketPeak","updated":"2021-07-07 00:00:00","brand1":"M","day":"20210707","id":"8473513","type":"PEAK","code":"PEAK"},{"buy":"0.30","sell":"0.30","company":"1Coin","brand":"OriginTrail","updated":"2021-07-07 20:02:25","brand1":"O","day":"20210707","id":"8394665","type":"TRAC","code":"TRAC"},{"buy":"0.29","sell":"0.29","company":"1Coin","brand":"Fetch.ai","updated":"2021-07-07 20:02:08","brand1":"F","day":"20210707","id":"8392771","type":"FET","code":"ET"},{"buy":"0.28","sell":"0.28","company":"1Coin","brand":"Fantom","updated":"2021-07-07 20:02:01","brand1":"F","day":"20210707","id":"8391688","type":"FTM","code":"TM"},{"buy":"0.28","sell":"0.28","company":"1Coin","brand":"Orchid","updated":"2021-07-07 20:02:08","brand1":"O","day":"20210707","id":"8392876","type":"OXT","code":"XT"},{"buy":"0.27","sell":"0.27","company":"1Coin","brand":"Chiliz","updated":"2021-07-07 20:01:56","brand1":"C","day":"20210707","id":"8391158","type":"CHZ","code":"HZ"},{"buy":"0.27","sell":"0.27","company":"1Coin","brand":"Civic","updated":"2021-07-07 20:02:09","brand1":"C","day":"20210707","id":"8392981","type":"CVC","code":"V"},{"buy":"0.27","sell":"0.27","company":"1Coin","brand":"Conflux Network","updated":"2021-07-07 20:02:06","brand1":"CN","day":"20210707","id":"8392666","type":"CFX","code":"CFX"},{"buy":"0.27","sell":"0.27","company":"1Coin","brand":"GlitzKoin","updated":"2021-07-07 00:00:00","brand1":"G","day":"20210707","id":"8498184","type":"GTN","code":"TN"},{"buy":"0.27","sell":"0.27","company":"1Coin","brand":"Loopring","updated":"2021-07-07 20:02:04","brand1":"L","day":"20210707","id":"8392270","type":"LRC","code":"RC"},{"buy":"0.26","sell":"0.26","company":"1Coin","brand":"NuCypher","updated":"2021-07-07 22:04:14","brand1":"N","day":"20210707","id":"8398103","type":"NU","code":"U"},{"buy":"0.26","sell":"0.26","company":"1Coin","brand":"SKALE","updated":"2021-07-07 20:02:05","brand1":"S","day":"20210707","id":"8392491","type":"SKL","code":"KL"},{"buy":"0.25","sell":"0.25","company":"1Coin","brand":"Sapphire","updated":"2021-07-07 20:02:21","brand1":"S","day":"20210707","id":"8394348","type":"SAPP","code":"APP"},{"buy":"0.24","sell":"0.24","company":"1Coin","brand":"NKN","updated":"2021-07-07 20:02:10","brand1":"NKN","day":"20210707","id":"8393224","type":"NKN","code":""},{"buy":"0.24","sell":"0.24","company":"1Coin","brand":"Utrust","updated":"2021-07-07 20:02:26","brand1":"U","day":"20210707","id":"8394728","type":"UTK","code":"TK"},{"buy":"0.23","sell":"0.23","company":"1Coin","brand":"Dogecoin","updated":"2021-07-07 23:15:10","brand1":"D","day":"20210707","id":"8398778","type":"DOGE","code":"OGE"},{"buy":"0.23","sell":"0.23","company":"1Coin","brand":"SingularityNET","updated":"2021-07-07 20:02:08","brand1":"S","day":"20210707","id":"8392855","type":"AGIX","code":"AGIX"},{"buy":"0.22","sell":"0.22","company":"1Coin","brand":"aelf","updated":"2021-07-07 20:02:21","brand1":"aelf","day":"20210707","id":"8394436","type":"ELF","code":"ELF"},{"buy":"0.22","sell":"0.22","company":"1Coin","brand":"NOIA Network","updated":"2021-07-07 20:02:33","brand1":"NN","day":"20210707","id":"8396877","type":"NOIA","code":"NOIA"},{"buy":"0.22","sell":"0.22","company":"1Coin","brand":"Polymath","updated":"2021-07-07 20:02:12","brand1":"P","day":"20210707","id":"8393454","type":"POLY","code":"OLY"},{"buy":"0.21","sell":"0.21","company":"1Coin","brand":"Power Ledger","updated":"2021-07-07 20:02:31","brand1":"PL","day":"20210707","id":"8396134","type":"POWR","code":"POWR"},{"buy":"0.19","sell":"0.19","company":"1Coin","brand":"Small Love Potion","updated":"2021-07-07 00:00:00","brand1":"SLP","day":"20210707","id":"8396967","type":"SLP","code":""},{"buy":"0.17","sell":"0.17","company":"1Coin","brand":"ABBC Coin","updated":"2021-07-07 20:02:12","brand1":"AC","day":"20210707","id":"8393370","type":"ABBC","code":"ABBC"},{"buy":"0.17","sell":"0.17","company":"1Coin","brand":"RSK Infrastructure Framework","updated":"2021-07-07 20:02:13","brand1":"RIF","day":"20210707","id":"8393517","type":"RIF","code":""},{"buy":"0.15","sell":"0.15","company":"1Coin","brand":"Chromia","updated":"2021-07-07 00:00:00","brand1":"C","day":"20210707","id":"8420722","type":"CHR","code":"HR"},{"buy":"0.15","sell":"0.15","company":"1Coin","brand":"Qcash","updated":"2021-07-07 00:00:00","brand1":"Q","day":"20210707","id":"8468724","type":"QC","code":"C"},{"buy":"0.14","sell":"0.14","company":"1Coin","brand":"Sport and Leisure","updated":"2021-07-07 20:02:28","brand1":"SaL","day":"20210707","id":"8395547","type":"SNL","code":"SNL"},{"buy":"0.14","sell":"0.14","company":"1Coin","brand":"WAX","updated":"2021-07-07 20:02:06","brand1":"WAX","day":"20210707","id":"8392554","type":"WAXP","code":"P"},{"buy":"0.13","sell":"0.13","company":"1Coin","brand":"district0x","updated":"2021-07-07 00:00:00","brand1":"d","day":"20210707","id":"8468118","type":"DNT","code":"DNT"},{"buy":"0.12","sell":"0.12","company":"1Coin","brand":"Basid Coin","updated":"2021-07-07 00:00:00","brand1":"BC","day":"20210707","id":"8500055","type":"BASID","code":"BASID"},{"buy":"0.12","sell":"0.12","company":"1Coin","brand":"BORA","updated":"2021-07-07 20:02:27","brand1":"BORA","day":"20210707","id":"8395433","type":"BORA","code":""},{"buy":"0.12","sell":"0.12","company":"1Coin","brand":"Crypto.com Coin","updated":"2021-07-07 20:01:54","brand1":"CC","day":"20210707","id":"8390643","type":"CRO","code":"CRO"},{"buy":"0.11","sell":"0.11","company":"1Coin","brand":"Alien Worlds","updated":"2021-07-07 20:02:27","brand1":"AW","day":"20210707","id":"8395454","type":"TLM","code":"TLM"},{"buy":"0.11","sell":"0.11","company":"1Coin","brand":"Constellation","updated":"2021-07-07 20:02:12","brand1":"C","day":"20210707","id":"8393328","type":"DAG","code":"DAG"},{"buy":"0.11","sell":"0.11","company":"1Coin","brand":"dKargo","updated":"2021-07-07 20:02:21","brand1":"d","day":"20210707","id":"8394369","type":"DKA","code":"DKA"},{"buy":"0.11","sell":"0.11","company":"1Coin","brand":"Streamr","updated":"2021-07-07 20:02:28","brand1":"S","day":"20210707","id":"8395505","type":"DATA","code":"DATA"},{"buy":"0.10","sell":"0.10","company":"1Coin","brand":"XinFin Network","updated":"2021-07-07 20:01:58","brand1":"XN","day":"20210707","id":"8391284","type":"XDC","code":"XDC"},{"buy":"0.09","sell":"0.09","company":"1Coin","brand":"Centrality","updated":"2021-07-07 00:00:00","brand1":"C","day":"20210707","id":"8394834","type":"CENNZ","code":"ENNZ"},{"buy":"0.08","sell":"0.08","company":"1Coin","brand":"Harmony","updated":"2021-07-07 20:01:59","brand1":"H","day":"20210707","id":"8391520","type":"ONE","code":"ONE"},{"buy":"0.08","sell":"0.08","company":"1Coin","brand":"Orbs","updated":"2021-07-07 15:04:13","brand1":"Orbs","day":"20210707","id":"8398097","type":"ORBS","code":"ORBS"},{"buy":"0.07","sell":"0.07","company":"1Coin","brand":"Oasis Network","updated":"2021-07-07 00:00:00","brand1":"ON","day":"20210707","id":"8472512","type":"ROSE","code":"ROSE"},{"buy":"0.07","sell":"0.07","company":"1Coin","brand":"yOUcash","updated":"2021-07-07 20:02:16","brand1":"y","day":"20210707","id":"8393906","type":"YOUC","code":"YOUC"},{"buy":"0.06","sell":"0.06","company":"1Coin","brand":"Amp","updated":"2021-07-07 20:01:55","brand1":"Amp","day":"20210707","id":"8390951","type":"AMP","code":"AMP"},{"buy":"0.06","sell":"0.06","company":"1Coin","brand":"Bytom","updated":"2021-07-07 00:00:00","brand1":"B","day":"20210707","id":"8396135","type":"BTM","code":"TM"},{"buy":"0.06","sell":"0.06","company":"1Coin","brand":"TRON","updated":"2021-07-07 00:00:00","brand1":"TRON","day":"20210707","id":"8388921","type":"TRX","code":"TRX"},{"buy":"0.05","sell":"0.05","company":"1Coin","brand":"BitShares","updated":"2021-07-07 20:02:12","brand1":"B","day":"20210707","id":"8393391","type":"BTS","code":"TS"},{"buy":"0.05","sell":"0.05","company":"1Coin","brand":"DigiByte","updated":"2021-07-07 20:02:01","brand1":"D","day":"20210707","id":"8391751","type":"DGB","code":"GB"},{"buy":"0.05","sell":"0.05","company":"1Coin","brand":"Empty Set Dollar","updated":"2021-07-07 00:00:00","brand1":"ESD","day":"20210707","id":"8463359","type":"ESD","code":""},{"buy":"0.05","sell":"0.05","company":"1Coin","brand":"Klever","updated":"2021-07-07 20:02:20","brand1":"K","day":"20210707","id":"8394243","type":"KLV","code":"LV"},{"buy":"0.05","sell":"0.05","company":"1Coin","brand":"Ravencoin","updated":"2021-07-07 20:02:02","brand1":"R","day":"20210707","id":"8391978","type":"RVN","code":"VN"},{"buy":"0.04","sell":"0.04","company":"1Coin","brand":"Linear","updated":"2021-07-07 20:02:20","brand1":"L","day":"20210707","id":"8394287","type":"LINA","code":"INA"},{"buy":"0.04","sell":"0.04","company":"1Coin","brand":"Velas","updated":"2021-07-07 00:00:00","brand1":"V","day":"20210707","id":"8395611","type":"VLX","code":"LX"},{"buy":"0.03","sell":"0.03","company":"1Coin","brand":"Celer Network","updated":"2021-07-07 20:02:09","brand1":"CN","day":"20210707","id":"8393065","type":"CELR","code":"CELR"},{"buy":"0.03","sell":"0.03","company":"1Coin","brand":"Egoras","updated":"2021-07-07 20:02:13","brand1":"E","day":"20210707","id":"8393622","type":"EGR","code":"GR"},{"buy":"0.03","sell":"0.03","company":"1Coin","brand":"TokenPocket","updated":"2021-07-07 00:00:00","brand1":"T","day":"20210707","id":"8398217","type":"TPT","code":"P"},{"buy":"0.02","sell":"0.02","company":"1Coin","brand":"FunFair","updated":"2021-07-07 20:02:09","brand1":"F","day":"20210707","id":"8393107","type":"FUN","code":"UN"},{"buy":"0.02","sell":"0.02","company":"1Coin","brand":"IOST","updated":"2021-07-07 20:02:02","brand1":"IOST","day":"20210707","id":"8392062","type":"IOST","code":""},{"buy":"0.02","sell":"0.02","company":"1Coin","brand":"IoTeX","updated":"2021-07-07 20:02:09","brand1":"I","day":"20210707","id":"8392939","type":"IOTX","code":"OTX"},{"buy":"0.02","sell":"0.02","company":"1Coin","brand":"QuarkChain","updated":"2021-07-07 00:00:00","brand1":"Q","day":"20210707","id":"8471876","type":"QKC","code":"KC"},{"buy":"0.02","sell":"0.02","company":"1Coin","brand":"Reef","updated":"2021-07-07 20:02:08","brand1":"Reef","day":"20210707","id":"8392813","type":"REEF","code":"REEF"},{"buy":"0.02","sell":"0.02","company":"1Coin","brand":"StormX","updated":"2021-07-07 20:02:08","brand1":"S","day":"20210707","id":"8392792","type":"STMX","code":"TMX"},{"buy":"0.02","sell":"0.02","company":"1Coin","brand":"Sun (New)","updated":"2021-07-07 00:00:00","brand1":"S(","day":"20210707","id":"8423369","type":"SUN","code":"SUN"},{"buy":"0.02","sell":"0.02","company":"1Coin","brand":"Venus USDC","updated":"2021-07-07 00:00:00","brand1":"VU","day":"20210707","id":"8423153","type":"VUSDC","code":"SDC"},{"buy":"0.01","sell":"0.01","company":"1Coin","brand":"Everipedia","updated":"2021-07-07 20:02:12","brand1":"E","day":"20210707","id":"8393475","type":"IQ","code":"IQ"},{"buy":"0.01","sell":"0.01","company":"1Coin","brand":"Gala","updated":"2021-07-07 00:00:00","brand1":"Gala","day":"20210707","id":"8444658","type":"GALA","code":"GALA"},{"buy":"0.01","sell":"0.01","company":"1Coin","brand":"Mainframe","updated":"2021-07-07 00:00:00","brand1":"M","day":"20210707","id":"8460908","type":"MFT","code":"FT"},{"buy":"0.01","sell":"0.01","company":"1Coin","brand":"MVL","updated":"2021-07-07 20:02:09","brand1":"MVL","day":"20210707","id":"8392960","type":"MVL","code":""},{"buy":"0.01","sell":"0.01","company":"1Coin","brand":"Nervos Network","updated":"2021-07-07 20:02:04","brand1":"NN","day":"20210707","id":"8392312","type":"CKB","code":"CKB"},{"buy":"0.01","sell":"0.01","company":"1Coin","brand":"PAC Protocol","updated":"2021-07-07 00:00:00","brand1":"PP","day":"20210707","id":"8422780","type":"PAC","code":"PAC"},{"buy":"0.01","sell":"0.01","company":"1Coin","brand":"Siacoin","updated":"2021-07-07 20:02:01","brand1":"S","day":"20210707","id":"8391709","type":"SC","code":"C"},{"buy":"0.00","sell":"0.00","company":"1Coin","brand":"Bytecoin","updated":"2021-07-07 00:00:00","brand1":"B","day":"20210707","id":"8485314","type":"BCN","code":"CN"},{"buy":"0.00","sell":"0.00","company":"1Coin","brand":"inSure DeFi","updated":"2021-07-07 00:00:00","brand1":"iD","day":"20210707","id":"8423451","type":"SURE","code":"SURE"},{"buy":"0.00","sell":"0.00","company":"1Coin","brand":"Kin","updated":"2021-07-07 00:00:00","brand1":"Kin","day":"20210707","id":"8437061","type":"KIN","code":"KIN"},{"buy":"0.00","sell":"0.00","company":"1Coin","brand":"ZEON","updated":"2021-07-07 00:00:00","brand1":"ZEON","day":"20210707","id":"8436429","type":"ZEON","code":""}]},{"updated":"2021-07-06 00:00:00","date":"20210706","gold":[],"value":[{"buy":"6,375.83","sell":"6,375.83","company":"1Coin","brand":"cVault.finance","updated":"2021-07-06 00:00:00","brand1":"c","day":"20210706","id":"8499150","type":"CORE","code":"CORE"},{"buy":"130.58","sell":"130.58","company":"1Coin","brand":"KeeperDAO","updated":"2021-07-06 00:00:00","brand1":"K","day":"20210706","id":"8494168","type":"ROOK","code":"ROO"},{"buy":"76.42","sell":"76.42","company":"1Coin","brand":"Illuvium","updated":"2021-07-06 00:00:00","brand1":"I","day":"20210706","id":"8457683","type":"ILV","code":"LV"},{"buy":"6.45","sell":"6.45","company":"1Coin","brand":"Gas","updated":"2021-07-06 00:00:00","brand1":"Gas","day":"20210706","id":"8443383","type":"GAS","code":"GAS"},{"buy":"5.48","sell":"5.48","company":"1Coin","brand":"Ethernity Chain","updated":"2021-07-06 00:00:00","brand1":"EC","day":"20210706","id":"8454120","type":"ERN","code":"ERN"},{"buy":"2.60","sell":"2.60","company":"1Coin","brand":"Litentry","updated":"2021-07-06 00:00:00","brand1":"L","day":"20210706","id":"8456879","type":"LIT","code":"IT"},{"buy":"2.56","sell":"2.56","company":"1Coin","brand":"DerivaDAO","updated":"2021-07-06 00:00:00","brand1":"D","day":"20210706","id":"8504649","type":"DDX","code":"X"},{"buy":"1.00","sell":"1.00","company":"1Coin","brand":"USDX [Kava]","updated":"2021-07-06 00:00:00","brand1":"U[","day":"20210706","id":"8491535","type":"USDX","code":"USDX"},{"buy":"0.91","sell":"0.91","company":"1Coin","brand":"MiL.k","updated":"2021-07-06 00:00:00","brand1":"M","day":"20210706","id":"8397333","type":"MLK","code":"LK"},{"buy":"0.41","sell":"0.41","company":"1Coin","brand":"Ellipsis","updated":"2021-07-06 00:00:00","brand1":"E","day":"20210706","id":"8453503","type":"EPS","code":"PS"},{"buy":"0.40","sell":"0.40","company":"1Coin","brand":"SuperFarm","updated":"2021-07-06 00:00:00","brand1":"S","day":"20210706","id":"8457808","type":"SUPER","code":"UPER"},{"buy":"0.33","sell":"0.33","company":"1Coin","brand":"Hathor","updated":"2021-07-06 00:00:00","brand1":"H","day":"20210706","id":"8424019","type":"HTR","code":"TR"},{"buy":"0.30","sell":"0.30","company":"1Coin","brand":"Darma Cash","updated":"2021-07-06 00:00:00","brand1":"DC","day":"20210706","id":"8498723","type":"DMCH","code":"DMCH"},{"buy":"0.29","sell":"0.29","company":"1Coin","brand":"MarketPeak","updated":"2021-07-06 00:00:00","brand1":"M","day":"20210706","id":"8473514","type":"PEAK","code":"PEAK"},{"buy":"0.24","sell":"0.24","company":"1Coin","brand":"GlitzKoin","updated":"2021-07-06 00:00:00","brand1":"G","day":"20210706","id":"8498185","type":"GTN","code":"TN"},{"buy":"0.16","sell":"0.16","company":"1Coin","brand":"Small Love Potion","updated":"2021-07-06 00:00:00","brand1":"SLP","day":"20210706","id":"8396968","type":"SLP","code":""},{"buy":"0.15","sell":"0.15","company":"1Coin","brand":"Qcash","updated":"2021-07-06 00:00:00","brand1":"Q","day":"20210706","id":"8468725","type":"QC","code":"C"},{"buy":"0.14","sell":"0.14","company":"1Coin","brand":"Chromia","updated":"2021-07-06 00:00:00","brand1":"C","day":"20210706","id":"8420701","type":"CHR","code":"HR"},{"buy":"0.13","sell":"0.13","company":"1Coin","brand":"district0x","updated":"2021-07-06 00:00:00","brand1":"d","day":"20210706","id":"8468119","type":"DNT","code":"DNT"},{"buy":"0.11","sell":"0.11","company":"1Coin","brand":"Basid Coin","updated":"2021-07-06 00:00:00","brand1":"BC","day":"20210706","id":"8500056","type":"BASID","code":"BASID"},{"buy":"0.09","sell":"0.09","company":"1Coin","brand":"Centrality","updated":"2021-07-06 00:00:00","brand1":"C","day":"20210706","id":"8394978","type":"CENNZ","code":"ENNZ"},{"buy":"0.06","sell":"0.06","company":"1Coin","brand":"Bytom","updated":"2021-07-06 00:00:00","brand1":"B","day":"20210706","id":"8396401","type":"BTM","code":"TM"},{"buy":"0.06","sell":"0.06","company":"1Coin","brand":"Oasis Network","updated":"2021-07-06 00:00:00","brand1":"ON","day":"20210706","id":"8472513","type":"ROSE","code":"ROSE"},{"buy":"0.06","sell":"0.06","company":"1Coin","brand":"TRON","updated":"2021-07-06 00:00:00","brand1":"TRON","day":"20210706","id":"8389232","type":"TRX","code":"TRX"},{"buy":"0.04","sell":"0.04","company":"1Coin","brand":"Empty Set Dollar","updated":"2021-07-06 00:00:00","brand1":"ESD","day":"20210706","id":"8463360","type":"ESD","code":""},{"buy":"0.04","sell":"0.04","company":"1Coin","brand":"Velas","updated":"2021-07-06 00:00:00","brand1":"V","day":"20210706","id":"8395630","type":"VLX","code":"LX"},{"buy":"0.03","sell":"0.03","company":"1Coin","brand":"TokenPocket","updated":"2021-07-06 00:00:00","brand1":"T","day":"20210706","id":"8398218","type":"TPT","code":"P"},{"buy":"0.02","sell":"0.02","company":"1Coin","brand":"QuarkChain","updated":"2021-07-06 00:00:00","brand1":"Q","day":"20210706","id":"8471886","type":"QKC","code":"KC"},{"buy":"0.02","sell":"0.02","company":"1Coin","brand":"Sun (New)","updated":"2021-07-06 00:00:00","brand1":"S(","day":"20210706","id":"8423370","type":"SUN","code":"SUN"},{"buy":"0.02","sell":"0.02","company":"1Coin","brand":"Venus USDC","updated":"2021-07-06 00:00:00","brand1":"VU","day":"20210706","id":"8423154","type":"VUSDC","code":"SDC"},{"buy":"0.01","sell":"0.01","company":"1Coin","brand":"Gala","updated":"2021-07-06 00:00:00","brand1":"Gala","day":"20210706","id":"8444659","type":"GALA","code":"GALA"},{"buy":"0.01","sell":"0.01","company":"1Coin","brand":"Mainframe","updated":"2021-07-06 00:00:00","brand1":"M","day":"20210706","id":"8460901","type":"MFT","code":"FT"},{"buy":"0.01","sell":"0.01","company":"1Coin","brand":"PAC Protocol","updated":"2021-07-06 00:00:00","brand1":"PP","day":"20210706","id":"8422781","type":"PAC","code":"PAC"},{"buy":"0.00","sell":"0.00","company":"1Coin","brand":"Bytecoin","updated":"2021-07-06 00:00:00","brand1":"B","day":"20210706","id":"8485315","type":"BCN","code":"CN"},{"buy":"0.00","sell":"0.00","company":"1Coin","brand":"inSure DeFi","updated":"2021-07-06 00:00:00","brand1":"iD","day":"20210706","id":"8423452","type":"SURE","code":"SURE"},{"buy":"0.00","sell":"0.00","company":"1Coin","brand":"Kin","updated":"2021-07-06 00:00:00","brand1":"Kin","day":"20210706","id":"8437062","type":"KIN","code":"KIN"},{"buy":"0.00","sell":"0.00","company":"1Coin","brand":"ZEON","updated":"2021-07-06 00:00:00","brand1":"ZEON","day":"20210706","id":"8436250","type":"ZEON","code":""}]},{"updated":"2021-07-05 00:00:00","date":"20210705","gold":[],"value":[{"buy":"6,629.98","sell":"6,629.98","company":"1Coin","brand":"cVault.finance","updated":"2021-07-05 00:00:00","brand1":"c","day":"20210705","id":"8499151","type":"CORE","code":"CORE"},{"buy":"136.30","sell":"136.30","company":"1Coin","brand":"KeeperDAO","updated":"2021-07-05 00:00:00","brand1":"K","day":"20210705","id":"8494169","type":"ROOK","code":"ROO"},{"buy":"82.97","sell":"82.97","company":"1Coin","brand":"Illuvium","updated":"2021-07-05 00:00:00","brand1":"I","day":"20210705","id":"8457684","type":"ILV","code":"LV"},{"buy":"6.17","sell":"6.17","company":"1Coin","brand":"Gas","updated":"2021-07-05 00:00:00","brand1":"Gas","day":"20210705","id":"8443370","type":"GAS","code":"GAS"},{"buy":"5.90","sell":"5.90","company":"1Coin","brand":"Ethernity Chain","updated":"2021-07-05 00:00:00","brand1":"EC","day":"20210705","id":"8454121","type":"ERN","code":"ERN"},{"buy":"2.89","sell":"2.89","company":"1Coin","brand":"DerivaDAO","updated":"2021-07-05 00:00:00","brand1":"D","day":"20210705","id":"8504650","type":"DDX","code":"X"},{"buy":"2.39","sell":"2.39","company":"1Coin","brand":"Litentry","updated":"2021-07-05 00:00:00","brand1":"L","day":"20210705","id":"8456880","type":"LIT","code":"IT"},{"buy":"1.00","sell":"1.00","company":"1Coin","brand":"USDX [Kava]","updated":"2021-07-05 00:00:00","brand1":"U[","day":"20210705","id":"8491536","type":"USDX","code":"USDX"},{"buy":"0.88","sell":"0.88","company":"1Coin","brand":"MiL.k","updated":"2021-07-05 00:00:00","brand1":"M","day":"20210705","id":"8397334","type":"MLK","code":"LK"},{"buy":"0.43","sell":"0.43","company":"1Coin","brand":"Ellipsis","updated":"2021-07-05 00:00:00","brand1":"E","day":"20210705","id":"8453504","type":"EPS","code":"PS"},{"buy":"0.43","sell":"0.43","company":"1Coin","brand":"SuperFarm","updated":"2021-07-05 00:00:00","brand1":"S","day":"20210705","id":"8457809","type":"SUPER","code":"UPER"},{"buy":"0.36","sell":"0.36","company":"1Coin","brand":"Hathor","updated":"2021-07-05 00:00:00","brand1":"H","day":"20210705","id":"8424020","type":"HTR","code":"TR"},{"buy":"0.30","sell":"0.30","company":"1Coin","brand":"Darma Cash","updated":"2021-07-05 00:00:00","brand1":"DC","day":"20210705","id":"8498724","type":"DMCH","code":"DMCH"},{"buy":"0.30","sell":"0.30","company":"1Coin","brand":"MarketPeak","updated":"2021-07-05 00:00:00","brand1":"M","day":"20210705","id":"8473515","type":"PEAK","code":"PEAK"},{"buy":"0.23","sell":"0.23","company":"1Coin","brand":"GlitzKoin","updated":"2021-07-05 00:00:00","brand1":"G","day":"20210705","id":"8498186","type":"GTN","code":"TN"},{"buy":"0.17","sell":"0.17","company":"1Coin","brand":"Small Love Potion","updated":"2021-07-05 00:00:00","brand1":"SLP","day":"20210705","id":"8396969","type":"SLP","code":""},{"buy":"0.15","sell":"0.15","company":"1Coin","brand":"Chromia","updated":"2021-07-05 00:00:00","brand1":"C","day":"20210705","id":"8420723","type":"CHR","code":"HR"},{"buy":"0.15","sell":"0.15","company":"1Coin","brand":"Qcash","updated":"2021-07-05 00:00:00","brand1":"Q","day":"20210705","id":"8468726","type":"QC","code":"C"},{"buy":"0.13","sell":"0.13","company":"1Coin","brand":"district0x","updated":"2021-07-05 00:00:00","brand1":"d","day":"20210705","id":"8468120","type":"DNT","code":"DNT"},{"buy":"0.11","sell":"0.11","company":"1Coin","brand":"Basid Coin","updated":"2021-07-05 00:00:00","brand1":"BC","day":"20210705","id":"8500057","type":"BASID","code":"BASID"},{"buy":"0.08","sell":"0.08","company":"1Coin","brand":"Centrality","updated":"2021-07-05 00:00:00","brand1":"C","day":"20210705","id":"8394979","type":"CENNZ","code":"ENNZ"},{"buy":"0.07","sell":"0.07","company":"1Coin","brand":"Oasis Network","updated":"2021-07-05 00:00:00","brand1":"ON","day":"20210705","id":"8472514","type":"ROSE","code":"ROSE"},{"buy":"0.07","sell":"0.07","company":"1Coin","brand":"TRON","updated":"2021-07-05 00:00:00","brand1":"TRON","day":"20210705","id":"8389233","type":"TRX","code":"TRX"},{"buy":"0.06","sell":"0.06","company":"1Coin","brand":"Bytom","updated":"2021-07-05 00:00:00","brand1":"B","day":"20210705","id":"8396402","type":"BTM","code":"TM"},{"buy":"0.05","sell":"0.05","company":"1Coin","brand":"Empty Set Dollar","updated":"2021-07-05 00:00:00","brand1":"ESD","day":"20210705","id":"8463361","type":"ESD","code":""},{"buy":"0.05","sell":"0.05","company":"1Coin","brand":"Velas","updated":"2021-07-05 00:00:00","brand1":"V","day":"20210705","id":"8395612","type":"VLX","code":"LX"},{"buy":"0.03","sell":"0.03","company":"1Coin","brand":"TokenPocket","updated":"2021-07-05 00:00:00","brand1":"T","day":"20210705","id":"8398219","type":"TPT","code":"P"},{"buy":"0.02","sell":"0.02","company":"1Coin","brand":"QuarkChain","updated":"2021-07-05 00:00:00","brand1":"Q","day":"20210705","id":"8471887","type":"QKC","code":"KC"},{"buy":"0.02","sell":"0.02","company":"1Coin","brand":"Sun (New)","updated":"2021-07-05 00:00:00","brand1":"S(","day":"20210705","id":"8423371","type":"SUN","code":"SUN"},{"buy":"0.02","sell":"0.02","company":"1Coin","brand":"Venus USDC","updated":"2021-07-05 00:00:00","brand1":"VU","day":"20210705","id":"8423155","type":"VUSDC","code":"SDC"},{"buy":"0.01","sell":"0.01","company":"1Coin","brand":"Gala","updated":"2021-07-05 00:00:00","brand1":"Gala","day":"20210705","id":"8444660","type":"GALA","code":"GALA"},{"buy":"0.01","sell":"0.01","company":"1Coin","brand":"Mainframe","updated":"2021-07-05 00:00:00","brand1":"M","day":"20210705","id":"8460909","type":"MFT","code":"FT"},{"buy":"0.01","sell":"0.01","company":"1Coin","brand":"PAC Protocol","updated":"2021-07-05 00:00:00","brand1":"PP","day":"20210705","id":"8422782","type":"PAC","code":"PAC"},{"buy":"0.00","sell":"0.00","company":"1Coin","brand":"Bytecoin","updated":"2021-07-05 00:00:00","brand1":"B","day":"20210705","id":"8485316","type":"BCN","code":"CN"},{"buy":"0.00","sell":"0.00","company":"1Coin","brand":"inSure DeFi","updated":"2021-07-05 00:00:00","brand1":"iD","day":"20210705","id":"8423453","type":"SURE","code":"SURE"},{"buy":"0.00","sell":"0.00","company":"1Coin","brand":"Kin","updated":"2021-07-05 00:00:00","brand1":"Kin","day":"20210705","id":"8437063","type":"KIN","code":"KIN"},{"buy":"0.00","sell":"0.00","company":"1Coin","brand":"ZEON","updated":"2021-07-05 00:00:00","brand1":"ZEON","day":"20210705","id":"8436430","type":"ZEON","code":""}]},{"updated":"2021-07-04 00:00:00","date":"20210704","gold":[],"value":[{"buy":"6,649.95","sell":"6,649.95","company":"1Coin","brand":"cVault.finance","updated":"2021-07-04 00:00:00","brand1":"c","day":"20210704","id":"8499152","type":"CORE","code":"CORE"},{"buy":"129.63","sell":"129.63","company":"1Coin","brand":"KeeperDAO","updated":"2021-07-04 00:00:00","brand1":"K","day":"20210704","id":"8494170","type":"ROOK","code":"ROO"},{"buy":"75.75","sell":"75.75","company":"1Coin","brand":"Illuvium","updated":"2021-07-04 00:00:00","brand1":"I","day":"20210704","id":"8457685","type":"ILV","code":"LV"},{"buy":"6.28","sell":"6.28","company":"1Coin","brand":"Gas","updated":"2021-07-04 00:00:00","brand1":"Gas","day":"20210704","id":"8443384","type":"GAS","code":"GAS"},{"buy":"5.74","sell":"5.74","company":"1Coin","brand":"Ethernity Chain","updated":"2021-07-04 00:00:00","brand1":"EC","day":"20210704","id":"8454122","type":"ERN","code":"ERN"},{"buy":"2.90","sell":"2.90","company":"1Coin","brand":"DerivaDAO","updated":"2021-07-04 00:00:00","brand1":"D","day":"20210704","id":"8504651","type":"DDX","code":"X"},{"buy":"2.29","sell":"2.29","company":"1Coin","brand":"Litentry","updated":"2021-07-04 00:00:00","brand1":"L","day":"20210704","id":"8456881","type":"LIT","code":"IT"},{"buy":"1.00","sell":"1.00","company":"1Coin","brand":"USDX [Kava]","updated":"2021-07-04 00:00:00","brand1":"U[","day":"20210704","id":"8491537","type":"USDX","code":"USDX"},{"buy":"0.85","sell":"0.85","company":"1Coin","brand":"MiL.k","updated":"2021-07-04 00:00:00","brand1":"M","day":"20210704","id":"8397335","type":"MLK","code":"LK"},{"buy":"0.42","sell":"0.42","company":"1Coin","brand":"SuperFarm","updated":"2021-07-04 00:00:00","brand1":"S","day":"20210704","id":"8457810","type":"SUPER","code":"UPER"},{"buy":"0.40","sell":"0.40","company":"1Coin","brand":"Ellipsis","updated":"2021-07-04 00:00:00","brand1":"E","day":"20210704","id":"8453505","type":"EPS","code":"PS"},{"buy":"0.34","sell":"0.34","company":"1Coin","brand":"Hathor","updated":"2021-07-04 00:00:00","brand1":"H","day":"20210704","id":"8424021","type":"HTR","code":"TR"},{"buy":"0.30","sell":"0.30","company":"1Coin","brand":"Darma Cash","updated":"2021-07-04 00:00:00","brand1":"DC","day":"20210704","id":"8498725","type":"DMCH","code":"DMCH"},{"buy":"0.30","sell":"0.30","company":"1Coin","brand":"MarketPeak","updated":"2021-07-04 00:00:00","brand1":"M","day":"20210704","id":"8473516","type":"PEAK","code":"PEAK"},{"buy":"0.23","sell":"0.23","company":"1Coin","brand":"GlitzKoin","updated":"2021-07-04 00:00:00","brand1":"G","day":"20210704","id":"8498187","type":"GTN","code":"TN"},{"buy":"0.16","sell":"0.16","company":"1Coin","brand":"Small Love Potion","updated":"2021-07-04 00:00:00","brand1":"SLP","day":"20210704","id":"8396970","type":"SLP","code":""},{"buy":"0.15","sell":"0.15","company":"1Coin","brand":"Qcash","updated":"2021-07-04 00:00:00","brand1":"Q","day":"20210704","id":"8468727","type":"QC","code":"C"},{"buy":"0.14","sell":"0.14","company":"1Coin","brand":"Chromia","updated":"2021-07-04 00:00:00","brand1":"C","day":"20210704","id":"8420702","type":"CHR","code":"HR"},{"buy":"0.13","sell":"0.13","company":"1Coin","brand":"district0x","updated":"2021-07-04 00:00:00","brand1":"d","day":"20210704","id":"8467849","type":"DNT","code":"DNT"},{"buy":"0.11","sell":"0.11","company":"1Coin","brand":"Basid Coin","updated":"2021-07-04 00:00:00","brand1":"BC","day":"20210704","id":"8500058","type":"BASID","code":"BASID"},{"buy":"0.08","sell":"0.08","company":"1Coin","brand":"Centrality","updated":"2021-07-04 00:00:00","brand1":"C","day":"20210704","id":"8394980","type":"CENNZ","code":"ENNZ"},{"buy":"0.07","sell":"0.07","company":"1Coin","brand":"Oasis Network","updated":"2021-07-04 00:00:00","brand1":"ON","day":"20210704","id":"8472515","type":"ROSE","code":"ROSE"},{"buy":"0.07","sell":"0.07","company":"1Coin","brand":"TRON","updated":"2021-07-04 00:00:00","brand1":"TRON","day":"20210704","id":"8389234","type":"TRX","code":"TRX"},{"buy":"0.06","sell":"0.06","company":"1Coin","brand":"Bytom","updated":"2021-07-04 00:00:00","brand1":"B","day":"20210704","id":"8396403","type":"BTM","code":"TM"},{"buy":"0.04","sell":"0.04","company":"1Coin","brand":"Empty Set Dollar","updated":"2021-07-04 00:00:00","brand1":"ESD","day":"20210704","id":"8463362","type":"ESD","code":""},{"buy":"0.04","sell":"0.04","company":"1Coin","brand":"Velas","updated":"2021-07-04 00:00:00","brand1":"V","day":"20210704","id":"8395631","type":"VLX","code":"LX"},{"buy":"0.02","sell":"0.02","company":"1Coin","brand":"QuarkChain","updated":"2021-07-04 00:00:00","brand1":"Q","day":"20210704","id":"8471877","type":"QKC","code":"KC"},{"buy":"0.02","sell":"0.02","company":"1Coin","brand":"Sun (New)","updated":"2021-07-04 00:00:00","brand1":"S(","day":"20210704","id":"8423372","type":"SUN","code":"SUN"},{"buy":"0.02","sell":"0.02","company":"1Coin","brand":"TokenPocket","updated":"2021-07-04 00:00:00","brand1":"T","day":"20210704","id":"8398220","type":"TPT","code":"P"},{"buy":"0.02","sell":"0.02","company":"1Coin","brand":"Venus USDC","updated":"2021-07-04 00:00:00","brand1":"VU","day":"20210704","id":"8423156","type":"VUSDC","code":"SDC"},{"buy":"0.01","sell":"0.01","company":"1Coin","brand":"Gala","updated":"2021-07-04 00:00:00","brand1":"Gala","day":"20210704","id":"8444661","type":"GALA","code":"GALA"},{"buy":"0.01","sell":"0.01","company":"1Coin","brand":"Mainframe","updated":"2021-07-04 00:00:00","brand1":"M","day":"20210704","id":"8460910","type":"MFT","code":"FT"},{"buy":"0.01","sell":"0.01","company":"1Coin","brand":"PAC Protocol","updated":"2021-07-04 00:00:00","brand1":"PP","day":"20210704","id":"8422500","type":"PAC","code":"PAC"},{"buy":"0.00","sell":"0.00","company":"1Coin","brand":"Bytecoin","updated":"2021-07-04 00:00:00","brand1":"B","day":"20210704","id":"8485317","type":"BCN","code":"CN"},{"buy":"0.00","sell":"0.00","company":"1Coin","brand":"inSure DeFi","updated":"2021-07-04 00:00:00","brand1":"iD","day":"20210704","id":"8423454","type":"SURE","code":"SURE"},{"buy":"0.00","sell":"0.00","company":"1Coin","brand":"Kin","updated":"2021-07-04 00:00:00","brand1":"Kin","day":"20210704","id":"8436812","type":"KIN","code":"KIN"},{"buy":"0.00","sell":"0.00","company":"1Coin","brand":"ZEON","updated":"2021-07-04 00:00:00","brand1":"ZEON","day":"20210704","id":"8436251","type":"ZEON","code":""}]}],"time":8,"excute1_time":0,"excute2_time":7,"excute3_time":0,"count1":0,"count2":516}