
{"golds":[{"updated":"2018-03-08 16:13:32","date":"20180308","gold":[],"value":[{"buy":"36,660.00","sell":"36,870.00","company":"SJC","brand":"Đà Lạt","updated":"2018-03-08 16:13:32","brand1":"ĐL","day":"20180308","id":"3691657","type":"Vàng SJC","code":""},{"buy":"36,640.00","sell":"36,820.00","company":"SJC","brand":"Hồ Chí Minh","updated":"2018-03-08 16:13:32","brand1":"HCM","day":"20180308","id":"3691639","type":"Vàng SJC 1L","code":""},{"buy":"36,640.00","sell":"36,840.00","company":"SJC","brand":"Hà Nội","updated":"2018-03-08 16:13:32","brand1":"HN","day":"20180308","id":"3691647","type":"Vàng SJC","code":""},{"buy":"36,640.00","sell":"36,840.00","company":"SJC","brand":"Đà  Nẵng","updated":"2018-03-08 16:13:32","brand1":"ĐN","day":"20180308","id":"3691648","type":"Vàng SJC","code":""},{"buy":"36,640.00","sell":"36,840.00","company":"SJC","brand":"Cà Mau","updated":"2018-03-08 16:13:32","brand1":"CM","day":"20180308","id":"3691650","type":"Vàng SJC","code":""},{"buy":"36,640.00","sell":"36,840.00","company":"SJC","brand":"Huế","updated":"2018-03-08 16:13:32","brand1":"Huế","day":"20180308","id":"3691653","type":"Vàng SJC","code":""},{"buy":"36,640.00","sell":"36,820.00","company":"SJC","brand":"Biên Hòa","updated":"2018-03-08 16:13:32","brand1":"BH","day":"20180308","id":"3691654","type":"Vàng SJC","code":""},{"buy":"36,640.00","sell":"36,820.00","company":"SJC","brand":"Miền Tây","updated":"2018-03-08 16:13:32","brand1":"MT","day":"20180308","id":"3691655","type":"Vàng SJC","code":""},{"buy":"36,640.00","sell":"36,820.00","company":"SJC","brand":"Quãng Ngãi","updated":"2018-03-08 16:13:32","brand1":"QN","day":"20180308","id":"3691656","type":"Vàng SJC","code":""},{"buy":"36,640.00","sell":"36,820.00","company":"SJC","brand":"Long Xuyên","updated":"2018-03-08 16:13:32","brand1":"LX","day":"20180308","id":"3691658","type":"Vàng SJC","code":""},{"buy":"36,630.00","sell":"36,840.00","company":"SJC","brand":"Nha Trang","updated":"2018-03-08 16:13:32","brand1":"NT","day":"20180308","id":"3691649","type":"Vàng SJC","code":""},{"buy":"36,630.00","sell":"36,840.00","company":"SJC","brand":"Buôn Ma Thuột","updated":"2018-03-08 16:13:32","brand1":"BMT","day":"20180308","id":"3691651","type":"Vàng SJC","code":""},{"buy":"36,610.00","sell":"37,010.00","company":"SJC","brand":"Hồ Chí Minh","updated":"2018-03-08 16:13:32","brand1":"HCM","day":"20180308","id":"3691640","type":"Vàng nhẫn SJC 99,99 5p,1c,2c,5c","code":"nhẫn  99,99 5p,1c,2c,5c"},{"buy":"36,610.00","sell":"36,850.00","company":"SJC","brand":"Bình Phước","updated":"2018-03-08 16:13:32","brand1":"BP","day":"20180308","id":"3691652","type":"Vàng SJC","code":""},{"buy":"36,220.00","sell":"36,820.00","company":"SJC","brand":"Hồ Chí Minh","updated":"2018-03-08 16:13:32","brand1":"HCM","day":"20180308","id":"3691642","type":"Vàng nữ trang 99,99%","code":"nữ trang 99,99%"},{"buy":"35,755.00","sell":"36,455.00","company":"SJC","brand":"Hồ Chí Minh","updated":"2018-03-08 16:13:32","brand1":"HCM","day":"20180308","id":"3691643","type":"Vàng nữ trang 99%","code":"nữ trang 99%"},{"buy":"26,510.00","sell":"27,910.00","company":"SJC","brand":"Hồ Chí Minh","updated":"2018-03-08 16:13:32","brand1":"HCM","day":"20180308","id":"3691644","type":"Vàng nữ trang 75%","code":"nữ trang 75%"},{"buy":"20,329.00","sell":"21,729.00","company":"SJC","brand":"Hồ Chí Minh","updated":"2018-03-08 16:13:32","brand1":"HCM","day":"20180308","id":"3691645","type":"Vàng nữ trang 58,3%","code":"nữ trang 58,3%"},{"buy":"14,105.00","sell":"15,505.00","company":"SJC","brand":"Hồ Chí Minh","updated":"2018-03-08 16:13:32","brand1":"HCM","day":"20180308","id":"3691646","type":"Vàng nữ trang 41,7%","code":"nữ trang 41,7%"},{"buy":"36,700.00","sell":"36,760.00","company":"DOJI","brand":"Hà Nội","updated":"2018-03-08 16:52:00","brand1":"HN","day":"20180308","id":"3691916","type":"DOJI HN buôn","code":"buôn"},{"buy":"36,700.00","sell":"36,830.00","company":"DOJI","brand":"","updated":"2018-03-08 16:52:00","brand1":"","day":"20180308","id":"3691920","type":"DOJI ĐN buôn","code":"ĐN buôn"},{"buy":"36,700.00","sell":"36,800.00","company":"DOJI","brand":"","updated":"2018-03-08 16:52:00","brand1":"","day":"20180308","id":"3691923","type":"DOJI HP lẻ","code":"HP"},{"buy":"36,700.00","sell":"36,790.00","company":"DOJI","brand":"","updated":"2018-03-08 16:52:00","brand1":"","day":"20180308","id":"3691924","type":"DOJI HP buôn","code":"HP buôn"},{"buy":"36,690.00","sell":"36,770.00","company":"DOJI","brand":"Hà Nội","updated":"2018-03-08 16:52:00","brand1":"HN","day":"20180308","id":"3691915","type":"DOJI HN lẻ","code":""},{"buy":"36,690.00","sell":"36,770.00","company":"DOJI","brand":"Hồ Chí Minh","updated":"2018-03-08 16:52:00","brand1":"HCM","day":"20180308","id":"3691918","type":"DOJI HCM buôn","code":"buôn"},{"buy":"36,680.00","sell":"36,780.00","company":"DOJI","brand":"Hồ Chí Minh","updated":"2018-03-08 16:52:00","brand1":"HCM","day":"20180308","id":"3691917","type":"DOJI HCM lẻ","code":""},{"buy":"36,680.00","sell":"36,850.00","company":"DOJI","brand":"","updated":"2018-03-08 16:52:00","brand1":"","day":"20180308","id":"3691919","type":"DOJI ĐN lẻ","code":"ĐN"},{"buy":"36,490.00","sell":"36,570.00","company":"DOJI","brand":"Hà Nội","updated":"2018-03-08 16:52:00","brand1":"HN","day":"20180308","id":"3691921","type":"Nguyên liêu 9999 - HN","code":"Nguyên liêu 9999 -"},{"buy":"36,440.00","sell":"36,520.00","company":"DOJI","brand":"Hà Nội","updated":"2018-03-08 16:52:00","brand1":"HN","day":"20180308","id":"3691922","type":"Nguyên liêu 999 - HN","code":"Nguyên liêu 999 -"},{"buy":"32,442.40","sell":"32,565.30","company":"DOJI","brand":"Hà Nội","updated":"2018-03-08 16:52:00","brand1":"HN","day":"20180308","id":"3691884","type":"Quy đổi (nghìn\/lượng)","code":"Quy đổi (nghìn\/lượng)"},{"buy":"32,442.40","sell":"32,565.30","company":"DOJI","brand":"","updated":"2018-03-08 16:52:00","brand1":"","day":"20180308","id":"3691887","type":"Quy đổi (nghìn\/lượng)","code":"Quy đổi (nghìn\/lượng)"},{"buy":"32,442.40","sell":"32,565.30","company":"DOJI","brand":"Hồ Chí Minh","updated":"2018-03-08 16:52:00","brand1":"HCM","day":"20180308","id":"3691913","type":"Quy đổi (nghìn\/lượng)","code":"Quy đổi (nghìn\/lượng)"},{"buy":"22,517.00","sell":"22,611.00","company":"DOJI","brand":"Hà Nội","updated":"2018-03-08 16:52:00","brand1":"HN","day":"20180308","id":"3691885","type":"USD\/VND (Liên NH)","code":"USD\/VND (Liên NH)"},{"buy":"22,517.00","sell":"22,611.00","company":"DOJI","brand":"","updated":"2018-03-08 16:52:00","brand1":"","day":"20180308","id":"3691888","type":"USD\/VND (Liên NH)","code":"USD\/VND (Liên NH)"},{"buy":"22,517.00","sell":"22,611.00","company":"DOJI","brand":"Hồ Chí Minh","updated":"2018-03-08 16:52:00","brand1":"HCM","day":"20180308","id":"3691914","type":"USD\/VND (Liên NH)","code":"USD\/VND (Liên NH)"},{"buy":"3,669.00","sell":"3,677.00","company":"DOJI","brand":"Hà Nội","updated":"2018-03-08 16:52:00","brand1":"HN","day":"20180308","id":"3691869","type":"Kim Tuất","code":"Kim Tuất"},{"buy":"3,669.00","sell":"3,677.00","company":"DOJI","brand":"Hà Nội","updated":"2018-03-08 16:52:00","brand1":"HN","day":"20180308","id":"3691870","type":"Kim Thần Tài","code":"Kim Thần Tài"},{"buy":"3,669.00","sell":"3,677.00","company":"DOJI","brand":"Hà Nội","updated":"2018-03-08 16:52:00","brand1":"HN","day":"20180308","id":"3691871","type":"Lộc Phát Tài","code":"Lộc Phát Tài"},{"buy":"3,669.00","sell":"3,677.00","company":"DOJI","brand":"Hà Nội","updated":"2018-03-08 16:52:00","brand1":"HN","day":"20180308","id":"3691872","type":"Kim Ngân Tài","code":"Kim Ngân Tài"},{"buy":"3,668.00","sell":"3,685.00","company":"DOJI","brand":"","updated":"2018-03-08 16:52:00","brand1":"","day":"20180308","id":"3691891","type":"Lộc Phát Tài","code":"Lộc Phát Tài"},{"buy":"3,668.00","sell":"3,685.00","company":"DOJI","brand":"","updated":"2018-03-08 16:52:00","brand1":"","day":"20180308","id":"3691892","type":"Kim Thần Tài","code":"Kim Thần Tài"},{"buy":"3,668.00","sell":"3,678.00","company":"DOJI","brand":"Hồ Chí Minh","updated":"2018-03-08 16:52:00","brand1":"HCM","day":"20180308","id":"3691900","type":"Kim Tuất","code":"Kim Tuất"},{"buy":"3,668.00","sell":"3,678.00","company":"DOJI","brand":"Hồ Chí Minh","updated":"2018-03-08 16:52:00","brand1":"HCM","day":"20180308","id":"3691901","type":"Kim Thần Tài","code":"Kim Thần Tài"},{"buy":"3,668.00","sell":"3,678.00","company":"DOJI","brand":"Hồ Chí Minh","updated":"2018-03-08 16:52:00","brand1":"HCM","day":"20180308","id":"3691902","type":"Lộc Phát Tài","code":"Lộc Phát Tài"},{"buy":"3,657.00","sell":"3,687.00","company":"DOJI","brand":"Hà Nội","updated":"2018-03-08 16:52:00","brand1":"HN","day":"20180308","id":"3691873","type":"Hưng Thịnh Vượng","code":"Hưng Thịnh Vượng"},{"buy":"3,657.00","sell":"3,687.00","company":"DOJI","brand":"Hồ Chí Minh","updated":"2018-03-08 16:52:00","brand1":"HCM","day":"20180308","id":"3691903","type":"Nhẫn H.T.V","code":"Nhẫn H.T.V"},{"buy":"3,649.00","sell":"3,657.00","company":"DOJI","brand":"Hà Nội","updated":"2018-03-08 16:52:00","brand1":"HN","day":"20180308","id":"3691874","type":"Nguyên liệu 99.99","code":"Nguyên liệu 99.99"},{"buy":"3,649.00","sell":"3,659.00","company":"DOJI","brand":"Hồ Chí Minh","updated":"2018-03-08 16:52:00","brand1":"HCM","day":"20180308","id":"3691904","type":"Nguyên liệu 9999","code":"Nguyên liệu 9999"},{"buy":"3,647.00","sell":"3,659.00","company":"DOJI","brand":"","updated":"2018-03-08 16:52:00","brand1":"","day":"20180308","id":"3691889","type":"Nguyên liệu 9999","code":"Nguyên liệu 9999"},{"buy":"3,644.00","sell":"3,652.00","company":"DOJI","brand":"Hà Nội","updated":"2018-03-08 16:52:00","brand1":"HN","day":"20180308","id":"3691875","type":"Nguyên liệu 99.9","code":"Nguyên liệu 99.9"},{"buy":"3,644.00","sell":"3,654.00","company":"DOJI","brand":"Hồ Chí Minh","updated":"2018-03-08 16:52:00","brand1":"HCM","day":"20180308","id":"3691905","type":"Nguyên liệu 999","code":"Nguyên liệu 999"},{"buy":"3,642.00","sell":"3,653.00","company":"DOJI","brand":"","updated":"2018-03-08 16:52:00","brand1":"","day":"20180308","id":"3691890","type":"Nguyên liệu 999","code":"Nguyên liệu 999"},{"buy":"3,627.00","sell":"3,697.00","company":"DOJI","brand":"Hà Nội","updated":"2018-03-08 16:52:00","brand1":"HN","day":"20180308","id":"3691876","type":"Nữ trang 99.99","code":"Nữ trang 99.99"},{"buy":"3,627.00","sell":"3,697.00","company":"DOJI","brand":"Nhẫn DOJI Hưng Thịnh Vượng","updated":"2018-03-08 16:52:00","brand1":"NDHTV","day":"20180308","id":"3691893","type":"Nữ trang 99.99","code":"Nữ trang 99.99"},{"buy":"3,619.00","sell":"3,689.00","company":"DOJI","brand":"Hồ Chí Minh","updated":"2018-03-08 16:52:00","brand1":"HCM","day":"20180308","id":"3691906","type":"Nữ trang 99.99","code":"Nữ trang 99.99"},{"buy":"3,617.00","sell":"3,687.00","company":"DOJI","brand":"Hà Nội","updated":"2018-03-08 16:52:00","brand1":"HN","day":"20180308","id":"3691877","type":"Nữ trang 99.9","code":"Nữ trang 99.9"},{"buy":"3,617.00","sell":"3,687.00","company":"DOJI","brand":"Nhẫn DOJI Hưng Thịnh Vượng","updated":"2018-03-08 16:52:00","brand1":"NDHTV","day":"20180308","id":"3691894","type":"Nữ trang 99.9","code":"Nữ trang 99.9"},{"buy":"3,609.00","sell":"3,679.00","company":"DOJI","brand":"Hồ Chí Minh","updated":"2018-03-08 16:52:00","brand1":"HCM","day":"20180308","id":"3691907","type":"Nữ trang 99.9","code":"Nữ trang 99.9"},{"buy":"3,589.00","sell":"3,659.00","company":"DOJI","brand":"Hồ Chí Minh","updated":"2018-03-08 16:52:00","brand1":"HCM","day":"20180308","id":"3691908","type":"Nữ trang 99","code":"Nữ trang 99"},{"buy":"3,581.00","sell":"3,651.00","company":"DOJI","brand":"Hà Nội","updated":"2018-03-08 16:52:00","brand1":"HN","day":"20180308","id":"3691878","type":"Nữ trang 99","code":"Nữ trang 99"},{"buy":"3,581.00","sell":"3,651.00","company":"DOJI","brand":"Nhẫn DOJI Hưng Thịnh Vượng","updated":"2018-03-08 16:52:00","brand1":"NDHTV","day":"20180308","id":"3691895","type":"Nữ trang 99","code":"Nữ trang 99"},{"buy":"2,663.00","sell":"2,793.00","company":"DOJI","brand":"Hà Nội","updated":"2018-03-08 16:52:00","brand1":"HN","day":"20180308","id":"3691879","type":"Nữ trang 18k","code":"Nữ trang 18k"},{"buy":"2,663.00","sell":"2,793.00","company":"DOJI","brand":"Nhẫn DOJI Hưng Thịnh Vượng","updated":"2018-03-08 16:52:00","brand1":"NDHTV","day":"20180308","id":"3691896","type":"Nữ trang 18k","code":"Nữ trang 18k"},{"buy":"2,652.00","sell":"2,782.00","company":"DOJI","brand":"Hồ Chí Minh","updated":"2018-03-08 16:52:00","brand1":"HCM","day":"20180308","id":"3691909","type":"Nữ Trang 18k","code":"Nữ Trang 18k"},{"buy":"2,514.00","sell":"2,644.00","company":"DOJI","brand":"Hà Nội","updated":"2018-03-08 16:52:00","brand1":"HN","day":"20180308","id":"3691880","type":"Nữ trang 16k","code":"Nữ trang 16k"},{"buy":"2,514.00","sell":"2,644.00","company":"DOJI","brand":"Nhẫn DOJI Hưng Thịnh Vượng","updated":"2018-03-08 16:52:00","brand1":"NDHTV","day":"20180308","id":"3691897","type":"Nữ trang 68","code":"Nữ trang 68"},{"buy":"2,389.00","sell":"2,459.00","company":"DOJI","brand":"Hồ Chí Minh","updated":"2018-03-08 16:52:00","brand1":"HCM","day":"20180308","id":"3691911","type":"Nữ trang 68","code":"Nữ trang 68"},{"buy":"2,047.00","sell":"2,177.00","company":"DOJI","brand":"Hà Nội","updated":"2018-03-08 16:52:00","brand1":"HN","day":"20180308","id":"3691881","type":"Nữ trang 14k","code":"Nữ trang 14k"},{"buy":"2,047.00","sell":"2,177.00","company":"DOJI","brand":"Nhẫn DOJI Hưng Thịnh Vượng","updated":"2018-03-08 16:52:00","brand1":"NDHTV","day":"20180308","id":"3691898","type":"Nữ trang 14k","code":"Nữ trang 14k"},{"buy":"2,037.00","sell":"2,167.00","company":"DOJI","brand":"Hồ Chí Minh","updated":"2018-03-08 16:52:00","brand1":"HCM","day":"20180308","id":"3691910","type":"Nữ Trang 14k","code":"Nữ Trang 14k"},{"buy":"1,435.00","sell":"1,565.00","company":"DOJI","brand":"Hà Nội","updated":"2018-03-08 16:52:00","brand1":"HN","day":"20180308","id":"3691882","type":"Nữ trang 10k","code":"Nữ trang 10k"},{"buy":"1,435.00","sell":"1,565.00","company":"DOJI","brand":"Nhẫn DOJI Hưng Thịnh Vượng","updated":"2018-03-08 16:52:00","brand1":"NDHTV","day":"20180308","id":"3691899","type":"Nữ trang 10k","code":"Nữ trang 10k"},{"buy":"1,195.03","sell":"1,194.57","company":"DOJI","brand":"Hà Nội","updated":"2018-03-08 16:52:00","brand1":"HN","day":"20180308","id":"3691883","type":"Gold (usd\/oz)","code":"Gold (usd\/oz)"},{"buy":"1,195.03","sell":"1,194.57","company":"DOJI","brand":"","updated":"2018-03-08 16:52:00","brand1":"","day":"20180308","id":"3691886","type":"Gold (usd\/oz)","code":"Gold (usd\/oz)"},{"buy":"1,195.03","sell":"1,194.57","company":"DOJI","brand":"Hồ Chí Minh","updated":"2018-03-08 16:52:00","brand1":"HCM","day":"20180308","id":"3691912","type":"Gold (usd\/oz)","code":"Gold (usd\/oz)"},{"buy":"36,720.00","sell":"36,820.00","company":"3BANKS","brand":"MARITIME BANK","updated":"2018-03-08 00:08:58","brand1":"MB","day":"20180308","id":"3688451","type":"SJC","code":"SJC"},{"buy":"36,710.00","sell":"36,770.00","company":"3BANKS","brand":"EXIMBANK","updated":"2018-03-08 16:11:50","brand1":"E","day":"20180308","id":"3691716","type":"SJC","code":"SJC"},{"buy":"36,700.00","sell":"36,800.00","company":"3BANKS","brand":"SCB","updated":"2018-03-08 15:27:25","brand1":"SCB","day":"20180308","id":"3691354","type":"SJC","code":"SJC"},{"buy":"36,680.00","sell":"36,800.00","company":"3BANKS","brand":"SACOMBANK","updated":"2018-03-08 14:03:57","brand1":"S","day":"20180308","id":"3690856","type":"SJC","code":"JC"},{"buy":"36,640.00","sell":"36,830.00","company":"3BANKS","brand":"VIETINBANK GOLD","updated":"2018-03-08 09:12:17","brand1":"VG","day":"20180308","id":"3689425","type":"SJC","code":"SJC"},{"buy":"36,640.00","sell":"36,870.00","company":"3BANKS","brand":"TPBANK GOLD","updated":"2018-03-08 18:13:00","brand1":"TG","day":"20180308","id":"3691996","type":"SJC","code":"SJC"},{"buy":"36,700.00","sell":"36,760.00","company":"2GROUP","brand":"BẢO TÍN MINH CHÂU","updated":"2018-03-08 16:26:50","brand1":"BTMC","day":"20180308","id":"3691845","type":"SJC","code":"SJC"},{"buy":"36,700.00","sell":"36,780.00","company":"2GROUP","brand":"PHÚ QUÝ SJC","updated":"2018-03-08 16:33:17","brand1":"PQS","day":"20180308","id":"3691855","type":"SJC","code":"SJC"},{"buy":"36,700.00","sell":"36,780.00","company":"2GROUP","brand":"VIETNAMGOLD","updated":"2018-03-08 16:40:20","brand1":"V","day":"20180308","id":"3691861","type":"SJC","code":"SJC"},{"buy":"36,620.00","sell":"36,810.00","company":"2GROUP","brand":"Ngọc Hải (NHJ) TP.HCM","updated":"2018-03-08 17:10:06","brand1":"NH(T","day":"20180308","id":"3691940","type":"SJC","code":"SJC"},{"buy":"36,620.00","sell":"36,810.00","company":"2GROUP","brand":"Ngọc Hải (NHJ) Tiền Giang","updated":"2018-03-08 17:10:06","brand1":"NH(TG","day":"20180308","id":"3691941","type":"SJC","code":"SJC"},{"buy":"1,320.20","sell":"1,321.20","company":"2GROUP","brand":"SPOT GOLD","updated":"2018-03-08 23:58:36","brand1":"SG","day":"20180308","id":"3692300","type":"SJC","code":"SJC"},{"buy":"60.26","sell":"60.26","company":"2GROUP","brand":"OIL","updated":"2018-03-08 23:58:36","brand1":"OIL","day":"20180308","id":"3692299","type":"SJC","code":"SJC"},{"buy":"36,670.00","sell":"37,120.00","company":"1OTHER","brand":"Vàng Nhẫn tròn trơn BTMC","updated":"2018-03-08 16:26:50","brand1":"VNttB","day":"20180308","id":"3691846","type":"SJC","code":"SJC"},{"buy":"36,610.00","sell":"37,010.00","company":"1OTHER","brand":"Nhẫn SJC 99,99","updated":"2018-03-08 16:13:32","brand1":"NS9","day":"20180308","id":"3691641","type":"SJC*","code":"SJC*"},{"buy":"36,600.00","sell":"36,950.00","company":"1OTHER","brand":"Nhẫn PHÚ QUÝ 24K","updated":"2018-03-08 08:12:48","brand1":"NPQ2","day":"20180308","id":"3688912","type":"SJC","code":"SJC"},{"buy":"36,600.00","sell":"36,950.00","company":"1OTHER","brand":"Nhẫn Vàng Việt Nam 99,99%","updated":"2018-03-08 08:31:39","brand1":"NVVN9","day":"20180308","id":"3689084","type":"SJC","code":"SJC"},{"buy":"1,094.64","sell":"1,094.64","company":"1Coin","brand":"Bitcoin Cash","updated":"2018-03-08 00:00:00","brand1":"BC","day":"20180308","id":"7415147","type":"BCH","code":"H"},{"buy":"528.20","sell":"528.20","company":"1Coin","brand":"Mixin","updated":"2018-03-08 00:00:00","brand1":"M","day":"20180308","id":"7522028","type":"XIN","code":"XIN"},{"buy":"14.47","sell":"14.47","company":"1Coin","brand":"OMG Network","updated":"2018-03-08 00:00:00","brand1":"ON","day":"20180308","id":"7457778","type":"OMG","code":"OMG"},{"buy":"14.17","sell":"14.17","company":"1Coin","brand":"Filecoin","updated":"2018-03-08 00:00:00","brand1":"F","day":"20180308","id":"7421497","type":"FIL","code":"IL"},{"buy":"10.60","sell":"10.60","company":"1Coin","brand":"Ergo","updated":"2018-03-08 00:00:00","brand1":"Ergo","day":"20180308","id":"7476269","type":"ERG","code":"ERG"},{"buy":"1.52","sell":"1.52","company":"1Coin","brand":"Kyber Network","updated":"2018-03-08 00:00:00","brand1":"KN","day":"20180308","id":"7471991","type":"KNC","code":"C"},{"buy":"0.01","sell":"0.01","company":"1Coin","brand":"Hellenic Coin","updated":"2018-03-08 00:00:00","brand1":"HC","day":"20180308","id":"7521315","type":"HNC","code":"HNC"},{"buy":"0.00","sell":"0.00","company":"1Coin","brand":"ERC20","updated":"2018-03-08 00:00:00","brand1":"E","day":"20180308","id":"7552012","type":"ERC20","code":"RC20"},{"buy":"0.00","sell":"0.00","company":"1Coin","brand":"Kin","updated":"2018-03-08 00:00:00","brand1":"Kin","day":"20180308","id":"8280816","type":"KIN","code":"KIN"}]},{"updated":"2018-03-07 15:16:39","date":"20180307","gold":[],"value":[{"buy":"36,680.00","sell":"36,890.00","company":"SJC","brand":"Đà Lạt","updated":"2018-03-07 15:16:39","brand1":"ĐL","day":"20180307","id":"3687495","type":"Vàng SJC","code":""},{"buy":"36,660.00","sell":"36,840.00","company":"SJC","brand":"Hồ Chí Minh","updated":"2018-03-07 15:16:39","brand1":"HCM","day":"20180307","id":"3687476","type":"Vàng SJC 1L","code":""},{"buy":"36,660.00","sell":"36,860.00","company":"SJC","brand":"Hà Nội","updated":"2018-03-07 15:16:39","brand1":"HN","day":"20180307","id":"3687485","type":"Vàng SJC","code":""},{"buy":"36,660.00","sell":"36,860.00","company":"SJC","brand":"Đà  Nẵng","updated":"2018-03-07 15:16:39","brand1":"ĐN","day":"20180307","id":"3687486","type":"Vàng SJC","code":""},{"buy":"36,660.00","sell":"36,860.00","company":"SJC","brand":"Cà Mau","updated":"2018-03-07 15:16:39","brand1":"CM","day":"20180307","id":"3687488","type":"Vàng SJC","code":""},{"buy":"36,660.00","sell":"36,860.00","company":"SJC","brand":"Huế","updated":"2018-03-07 15:16:39","brand1":"Huế","day":"20180307","id":"3687491","type":"Vàng SJC","code":""},{"buy":"36,660.00","sell":"36,840.00","company":"SJC","brand":"Biên Hòa","updated":"2018-03-07 15:16:39","brand1":"BH","day":"20180307","id":"3687492","type":"Vàng SJC","code":""},{"buy":"36,660.00","sell":"36,840.00","company":"SJC","brand":"Miền Tây","updated":"2018-03-07 15:16:39","brand1":"MT","day":"20180307","id":"3687493","type":"Vàng SJC","code":""},{"buy":"36,660.00","sell":"36,840.00","company":"SJC","brand":"Quãng Ngãi","updated":"2018-03-07 15:16:39","brand1":"QN","day":"20180307","id":"3687494","type":"Vàng SJC","code":""},{"buy":"36,660.00","sell":"36,840.00","company":"SJC","brand":"Long Xuyên","updated":"2018-03-07 15:16:39","brand1":"LX","day":"20180307","id":"3687496","type":"Vàng SJC","code":""},{"buy":"36,650.00","sell":"36,860.00","company":"SJC","brand":"Nha Trang","updated":"2018-03-07 15:16:39","brand1":"NT","day":"20180307","id":"3687487","type":"Vàng SJC","code":""},{"buy":"36,650.00","sell":"36,860.00","company":"SJC","brand":"Buôn Ma Thuột","updated":"2018-03-07 15:16:39","brand1":"BMT","day":"20180307","id":"3687489","type":"Vàng SJC","code":""},{"buy":"36,640.00","sell":"37,140.00","company":"SJC","brand":"Hồ Chí Minh","updated":"2018-03-07 15:16:39","brand1":"HCM","day":"20180307","id":"3687477","type":"Vàng nhẫn SJC 99,99 5 phân","code":"nhẫn  99,99 5 phân"},{"buy":"36,640.00","sell":"37,040.00","company":"SJC","brand":"Hồ Chí Minh","updated":"2018-03-07 15:16:39","brand1":"HCM","day":"20180307","id":"3687479","type":"Vàng nhẫn SJC 99,99 1c,2c,5c","code":"nhẫn  99,99 1c,2c,5c"},{"buy":"36,630.00","sell":"36,870.00","company":"SJC","brand":"Bình Phước","updated":"2018-03-07 15:16:39","brand1":"BP","day":"20180307","id":"3687490","type":"Vàng SJC","code":""},{"buy":"36,240.00","sell":"36,840.00","company":"SJC","brand":"Hồ Chí Minh","updated":"2018-03-07 15:16:39","brand1":"HCM","day":"20180307","id":"3687480","type":"Vàng nữ trang 99,99%","code":"nữ trang 99,99%"},{"buy":"35,775.00","sell":"36,475.00","company":"SJC","brand":"Hồ Chí Minh","updated":"2018-03-07 15:16:39","brand1":"HCM","day":"20180307","id":"3687481","type":"Vàng nữ trang 99%","code":"nữ trang 99%"},{"buy":"26,533.00","sell":"27,933.00","company":"SJC","brand":"Hồ Chí Minh","updated":"2018-03-07 15:16:39","brand1":"HCM","day":"20180307","id":"3687482","type":"Vàng nữ trang 75%","code":"nữ trang 75%"},{"buy":"20,346.00","sell":"21,746.00","company":"SJC","brand":"Hồ Chí Minh","updated":"2018-03-07 15:16:39","brand1":"HCM","day":"20180307","id":"3687483","type":"Vàng nữ trang 58,3%","code":"nữ trang 58,3%"},{"buy":"14,114.00","sell":"15,514.00","company":"SJC","brand":"Hồ Chí Minh","updated":"2018-03-07 15:16:39","brand1":"HCM","day":"20180307","id":"3687484","type":"Vàng nữ trang 41,7%","code":"nữ trang 41,7%"},{"buy":"36,720.00","sell":"36,780.00","company":"DOJI","brand":"Hà Nội","updated":"2018-03-07 17:21:00","brand1":"HN","day":"20180307","id":"3688001","type":"DOJI HN buôn","code":"buôn"},{"buy":"36,720.00","sell":"36,780.00","company":"DOJI","brand":"Hồ Chí Minh","updated":"2018-03-07 17:21:00","brand1":"HCM","day":"20180307","id":"3688003","type":"DOJI HCM buôn","code":"buôn"},{"buy":"36,720.00","sell":"36,790.00","company":"DOJI","brand":"","updated":"2018-03-07 17:21:00","brand1":"","day":"20180307","id":"3688009","type":"DOJI HP buôn","code":"HP buôn"},{"buy":"36,710.00","sell":"36,790.00","company":"DOJI","brand":"Hà Nội","updated":"2018-03-07 17:21:00","brand1":"HN","day":"20180307","id":"3688000","type":"DOJI HN lẻ","code":""},{"buy":"36,710.00","sell":"36,790.00","company":"DOJI","brand":"Hồ Chí Minh","updated":"2018-03-07 17:21:00","brand1":"HCM","day":"20180307","id":"3688002","type":"DOJI HCM lẻ","code":""},{"buy":"36,710.00","sell":"36,830.00","company":"DOJI","brand":"","updated":"2018-03-07 17:21:00","brand1":"","day":"20180307","id":"3688005","type":"DOJI ĐN buôn","code":"ĐN buôn"},{"buy":"36,710.00","sell":"36,800.00","company":"DOJI","brand":"","updated":"2018-03-07 17:21:00","brand1":"","day":"20180307","id":"3688008","type":"DOJI HP lẻ","code":"HP"},{"buy":"36,690.00","sell":"36,850.00","company":"DOJI","brand":"","updated":"2018-03-07 17:21:00","brand1":"","day":"20180307","id":"3688004","type":"DOJI ĐN lẻ","code":"ĐN"},{"buy":"36,580.00","sell":"36,680.00","company":"DOJI","brand":"Hà Nội","updated":"2018-03-07 17:21:00","brand1":"HN","day":"20180307","id":"3688006","type":"Nguyên liêu 9999 - HN","code":"Nguyên liêu 9999 -"},{"buy":"36,530.00","sell":"36,630.00","company":"DOJI","brand":"Hà Nội","updated":"2018-03-07 17:21:00","brand1":"HN","day":"20180307","id":"3688007","type":"Nguyên liêu 999 - HN","code":"Nguyên liêu 999 -"},{"buy":"32,442.40","sell":"32,565.30","company":"DOJI","brand":"Hà Nội","updated":"2018-03-07 17:21:00","brand1":"HN","day":"20180307","id":"3687969","type":"Quy đổi (nghìn\/lượng)","code":"Quy đổi (nghìn\/lượng)"},{"buy":"32,442.40","sell":"32,565.30","company":"DOJI","brand":"","updated":"2018-03-07 17:21:00","brand1":"","day":"20180307","id":"3687972","type":"Quy đổi (nghìn\/lượng)","code":"Quy đổi (nghìn\/lượng)"},{"buy":"32,442.40","sell":"32,565.30","company":"DOJI","brand":"Hồ Chí Minh","updated":"2018-03-07 17:21:00","brand1":"HCM","day":"20180307","id":"3687998","type":"Quy đổi (nghìn\/lượng)","code":"Quy đổi (nghìn\/lượng)"},{"buy":"22,517.00","sell":"22,611.00","company":"DOJI","brand":"Hà Nội","updated":"2018-03-07 17:21:00","brand1":"HN","day":"20180307","id":"3687970","type":"USD\/VND (Liên NH)","code":"USD\/VND (Liên NH)"},{"buy":"22,517.00","sell":"22,611.00","company":"DOJI","brand":"","updated":"2018-03-07 17:21:00","brand1":"","day":"20180307","id":"3687973","type":"USD\/VND (Liên NH)","code":"USD\/VND (Liên NH)"},{"buy":"22,517.00","sell":"22,611.00","company":"DOJI","brand":"Hồ Chí Minh","updated":"2018-03-07 17:21:00","brand1":"HCM","day":"20180307","id":"3687999","type":"USD\/VND (Liên NH)","code":"USD\/VND (Liên NH)"},{"buy":"3,671.00","sell":"3,679.00","company":"DOJI","brand":"Hà Nội","updated":"2018-03-07 17:21:00","brand1":"HN","day":"20180307","id":"3687954","type":"Kim Tuất","code":"Kim Tuất"},{"buy":"3,671.00","sell":"3,679.00","company":"DOJI","brand":"Hà Nội","updated":"2018-03-07 17:21:00","brand1":"HN","day":"20180307","id":"3687955","type":"Kim Thần Tài","code":"Kim Thần Tài"},{"buy":"3,671.00","sell":"3,679.00","company":"DOJI","brand":"Hà Nội","updated":"2018-03-07 17:21:00","brand1":"HN","day":"20180307","id":"3687956","type":"Lộc Phát Tài","code":"Lộc Phát Tài"},{"buy":"3,671.00","sell":"3,679.00","company":"DOJI","brand":"Hà Nội","updated":"2018-03-07 17:21:00","brand1":"HN","day":"20180307","id":"3687957","type":"Kim Ngân Tài","code":"Kim Ngân Tài"},{"buy":"3,671.00","sell":"3,679.00","company":"DOJI","brand":"Hồ Chí Minh","updated":"2018-03-07 17:21:00","brand1":"HCM","day":"20180307","id":"3687985","type":"Kim Tuất","code":"Kim Tuất"},{"buy":"3,671.00","sell":"3,679.00","company":"DOJI","brand":"Hồ Chí Minh","updated":"2018-03-07 17:21:00","brand1":"HCM","day":"20180307","id":"3687986","type":"Kim Thần Tài","code":"Kim Thần Tài"},{"buy":"3,671.00","sell":"3,679.00","company":"DOJI","brand":"Hồ Chí Minh","updated":"2018-03-07 17:21:00","brand1":"HCM","day":"20180307","id":"3687987","type":"Lộc Phát Tài","code":"Lộc Phát Tài"},{"buy":"3,669.00","sell":"3,685.00","company":"DOJI","brand":"","updated":"2018-03-07 17:21:00","brand1":"","day":"20180307","id":"3687976","type":"Lộc Phát Tài","code":"Lộc Phát Tài"},{"buy":"3,669.00","sell":"3,685.00","company":"DOJI","brand":"","updated":"2018-03-07 17:21:00","brand1":"","day":"20180307","id":"3687977","type":"Kim Thần Tài","code":"Kim Thần Tài"},{"buy":"3,668.00","sell":"3,698.00","company":"DOJI","brand":"Hà Nội","updated":"2018-03-07 17:21:00","brand1":"HN","day":"20180307","id":"3687958","type":"Hưng Thịnh Vượng","code":"Hưng Thịnh Vượng"},{"buy":"3,668.00","sell":"3,698.00","company":"DOJI","brand":"Hồ Chí Minh","updated":"2018-03-07 17:21:00","brand1":"HCM","day":"20180307","id":"3687988","type":"Nhẫn H.T.V","code":"Nhẫn H.T.V"},{"buy":"3,658.00","sell":"3,668.00","company":"DOJI","brand":"Hà Nội","updated":"2018-03-07 17:21:00","brand1":"HN","day":"20180307","id":"3687959","type":"Nguyên liệu 99.99","code":"Nguyên liệu 99.99"},{"buy":"3,656.00","sell":"3,666.00","company":"DOJI","brand":"Hồ Chí Minh","updated":"2018-03-07 17:21:00","brand1":"HCM","day":"20180307","id":"3687989","type":"Nguyên liệu 9999","code":"Nguyên liệu 9999"},{"buy":"3,655.00","sell":"3,667.00","company":"DOJI","brand":"","updated":"2018-03-07 17:21:00","brand1":"","day":"20180307","id":"3687974","type":"Nguyên liệu 9999","code":"Nguyên liệu 9999"},{"buy":"3,653.00","sell":"3,663.00","company":"DOJI","brand":"Hà Nội","updated":"2018-03-07 17:21:00","brand1":"HN","day":"20180307","id":"3687960","type":"Nguyên liệu 99.9","code":"Nguyên liệu 99.9"},{"buy":"3,651.00","sell":"3,661.00","company":"DOJI","brand":"Hồ Chí Minh","updated":"2018-03-07 17:21:00","brand1":"HCM","day":"20180307","id":"3687990","type":"Nguyên liệu 999","code":"Nguyên liệu 999"},{"buy":"3,650.00","sell":"3,662.00","company":"DOJI","brand":"","updated":"2018-03-07 17:21:00","brand1":"","day":"20180307","id":"3687975","type":"Nguyên liệu 999","code":"Nguyên liệu 999"},{"buy":"3,638.00","sell":"3,708.00","company":"DOJI","brand":"Hà Nội","updated":"2018-03-07 17:21:00","brand1":"HN","day":"20180307","id":"3687961","type":"Nữ trang 99.99","code":"Nữ trang 99.99"},{"buy":"3,638.00","sell":"3,708.00","company":"DOJI","brand":"Nhẫn DOJI Hưng Thịnh Vượng","updated":"2018-03-07 17:21:00","brand1":"NDHTV","day":"20180307","id":"3687978","type":"Nữ trang 99.99","code":"Nữ trang 99.99"},{"buy":"3,628.00","sell":"3,698.00","company":"DOJI","brand":"Hà Nội","updated":"2018-03-07 17:21:00","brand1":"HN","day":"20180307","id":"3687962","type":"Nữ trang 99.9","code":"Nữ trang 99.9"},{"buy":"3,628.00","sell":"3,698.00","company":"DOJI","brand":"Nhẫn DOJI Hưng Thịnh Vượng","updated":"2018-03-07 17:21:00","brand1":"NDHTV","day":"20180307","id":"3687979","type":"Nữ trang 99.9","code":"Nữ trang 99.9"},{"buy":"3,626.00","sell":"3,696.00","company":"DOJI","brand":"Hồ Chí Minh","updated":"2018-03-07 17:21:00","brand1":"HCM","day":"20180307","id":"3687991","type":"Nữ trang 99.99","code":"Nữ trang 99.99"},{"buy":"3,616.00","sell":"3,686.00","company":"DOJI","brand":"Hồ Chí Minh","updated":"2018-03-07 17:21:00","brand1":"HCM","day":"20180307","id":"3687992","type":"Nữ trang 99.9","code":"Nữ trang 99.9"},{"buy":"3,596.00","sell":"3,666.00","company":"DOJI","brand":"Hồ Chí Minh","updated":"2018-03-07 17:21:00","brand1":"HCM","day":"20180307","id":"3687993","type":"Nữ trang 99","code":"Nữ trang 99"},{"buy":"3,592.00","sell":"3,662.00","company":"DOJI","brand":"Hà Nội","updated":"2018-03-07 17:21:00","brand1":"HN","day":"20180307","id":"3687963","type":"Nữ trang 99","code":"Nữ trang 99"},{"buy":"3,592.00","sell":"3,662.00","company":"DOJI","brand":"Nhẫn DOJI Hưng Thịnh Vượng","updated":"2018-03-07 17:21:00","brand1":"NDHTV","day":"20180307","id":"3687980","type":"Nữ trang 99","code":"Nữ trang 99"},{"buy":"2,671.00","sell":"2,801.00","company":"DOJI","brand":"Hà Nội","updated":"2018-03-07 17:21:00","brand1":"HN","day":"20180307","id":"3687964","type":"Nữ trang 18k","code":"Nữ trang 18k"},{"buy":"2,671.00","sell":"2,801.00","company":"DOJI","brand":"Nhẫn DOJI Hưng Thịnh Vượng","updated":"2018-03-07 17:21:00","brand1":"NDHTV","day":"20180307","id":"3687981","type":"Nữ trang 18k","code":"Nữ trang 18k"},{"buy":"2,657.00","sell":"2,787.00","company":"DOJI","brand":"Hồ Chí Minh","updated":"2018-03-07 17:21:00","brand1":"HCM","day":"20180307","id":"3687994","type":"Nữ Trang 18k","code":"Nữ Trang 18k"},{"buy":"2,522.00","sell":"2,652.00","company":"DOJI","brand":"Hà Nội","updated":"2018-03-07 17:21:00","brand1":"HN","day":"20180307","id":"3687965","type":"Nữ trang 16k","code":"Nữ trang 16k"},{"buy":"2,522.00","sell":"2,652.00","company":"DOJI","brand":"Nhẫn DOJI Hưng Thịnh Vượng","updated":"2018-03-07 17:21:00","brand1":"NDHTV","day":"20180307","id":"3687982","type":"Nữ trang 68","code":"Nữ trang 68"},{"buy":"2,394.00","sell":"2,464.00","company":"DOJI","brand":"Hồ Chí Minh","updated":"2018-03-07 17:21:00","brand1":"HCM","day":"20180307","id":"3687996","type":"Nữ trang 68","code":"Nữ trang 68"},{"buy":"2,053.00","sell":"2,183.00","company":"DOJI","brand":"Hà Nội","updated":"2018-03-07 17:21:00","brand1":"HN","day":"20180307","id":"3687966","type":"Nữ trang 14k","code":"Nữ trang 14k"},{"buy":"2,053.00","sell":"2,183.00","company":"DOJI","brand":"Nhẫn DOJI Hưng Thịnh Vượng","updated":"2018-03-07 17:21:00","brand1":"NDHTV","day":"20180307","id":"3687983","type":"Nữ trang 14k","code":"Nữ trang 14k"},{"buy":"2,041.00","sell":"2,171.00","company":"DOJI","brand":"Hồ Chí Minh","updated":"2018-03-07 17:21:00","brand1":"HCM","day":"20180307","id":"3687995","type":"Nữ Trang 14k","code":"Nữ Trang 14k"},{"buy":"1,440.00","sell":"1,570.00","company":"DOJI","brand":"Hà Nội","updated":"2018-03-07 17:21:00","brand1":"HN","day":"20180307","id":"3687967","type":"Nữ trang 10k","code":"Nữ trang 10k"},{"buy":"1,440.00","sell":"1,570.00","company":"DOJI","brand":"Nhẫn DOJI Hưng Thịnh Vượng","updated":"2018-03-07 17:21:00","brand1":"NDHTV","day":"20180307","id":"3687984","type":"Nữ trang 10k","code":"Nữ trang 10k"},{"buy":"1,195.03","sell":"1,194.57","company":"DOJI","brand":"Hà Nội","updated":"2018-03-07 17:21:00","brand1":"HN","day":"20180307","id":"3687968","type":"Gold (usd\/oz)","code":"Gold (usd\/oz)"},{"buy":"1,195.03","sell":"1,194.57","company":"DOJI","brand":"","updated":"2018-03-07 17:21:00","brand1":"","day":"20180307","id":"3687971","type":"Gold (usd\/oz)","code":"Gold (usd\/oz)"},{"buy":"1,195.03","sell":"1,194.57","company":"DOJI","brand":"Hồ Chí Minh","updated":"2018-03-07 17:21:00","brand1":"HCM","day":"20180307","id":"3687997","type":"Gold (usd\/oz)","code":"Gold (usd\/oz)"},{"buy":"36,740.00","sell":"36,840.00","company":"3BANKS","brand":"SCB","updated":"2018-03-07 10:59:25","brand1":"SCB","day":"20180307","id":"3686052","type":"SJC","code":"SJC"},{"buy":"36,720.00","sell":"36,800.00","company":"3BANKS","brand":"SACOMBANK","updated":"2018-03-07 14:50:41","brand1":"S","day":"20180307","id":"3687148","type":"SJC","code":"JC"},{"buy":"36,720.00","sell":"36,820.00","company":"3BANKS","brand":"MARITIME BANK","updated":"2018-03-07 15:52:33","brand1":"MB","day":"20180307","id":"3687700","type":"SJC","code":"SJC"},{"buy":"36,720.00","sell":"36,790.00","company":"3BANKS","brand":"EXIMBANK","updated":"2018-03-07 16:05:14","brand1":"E","day":"20180307","id":"3687712","type":"SJC","code":"SJC"},{"buy":"36,660.00","sell":"36,850.00","company":"3BANKS","brand":"VIETINBANK GOLD","updated":"2018-03-07 16:26:25","brand1":"VG","day":"20180307","id":"3687792","type":"SJC","code":"SJC"},{"buy":"36,660.00","sell":"36,840.00","company":"3BANKS","brand":"TPBANK GOLD","updated":"2018-03-07 18:08:37","brand1":"TG","day":"20180307","id":"3688050","type":"SJC","code":"SJC"},{"buy":"36,730.00","sell":"36,800.00","company":"2GROUP","brand":"VIETNAMGOLD","updated":"2018-03-07 15:09:02","brand1":"V","day":"20180307","id":"3687451","type":"SJC","code":"SJC"},{"buy":"36,720.00","sell":"36,790.00","company":"2GROUP","brand":"BẢO TÍN MINH CHÂU","updated":"2018-03-07 15:00:06","brand1":"BTMC","day":"20180307","id":"3687329","type":"SJC","code":"SJC"},{"buy":"36,720.00","sell":"36,800.00","company":"2GROUP","brand":"PHÚ QUÝ SJC","updated":"2018-03-07 15:06:04","brand1":"PQS","day":"20180307","id":"3687390","type":"SJC","code":"SJC"},{"buy":"36,640.00","sell":"36,840.00","company":"2GROUP","brand":"Ngọc Hải (NHJ) TP.HCM","updated":"2018-03-07 16:14:17","brand1":"NH(T","day":"20180307","id":"3687778","type":"SJC","code":"SJC"},{"buy":"36,640.00","sell":"36,840.00","company":"2GROUP","brand":"Ngọc Hải (NHJ) Tiền Giang","updated":"2018-03-07 16:14:17","brand1":"NH(TG","day":"20180307","id":"3687779","type":"SJC","code":"SJC"},{"buy":"1,323.30","sell":"1,324.30","company":"2GROUP","brand":"SPOT GOLD","updated":"2018-03-07 23:59:24","brand1":"SG","day":"20180307","id":"3688354","type":"SJC","code":"SJC"},{"buy":"61.91","sell":"61.91","company":"2GROUP","brand":"OIL","updated":"2018-03-07 23:59:24","brand1":"OIL","day":"20180307","id":"3688353","type":"SJC","code":"SJC"},{"buy":"36,690.00","sell":"37,140.00","company":"1OTHER","brand":"Vàng Nhẫn tròn trơn BTMC","updated":"2018-03-07 13:11:04","brand1":"VNttB","day":"20180307","id":"3686618","type":"SJC","code":"SJC"},{"buy":"36,650.00","sell":"37,000.00","company":"1OTHER","brand":"Nhẫn PHÚ QUÝ 24K","updated":"2018-03-07 08:53:30","brand1":"NPQ2","day":"20180307","id":"3685140","type":"SJC","code":"SJC"},{"buy":"36,650.00","sell":"37,000.00","company":"1OTHER","brand":"Nhẫn Vàng Việt Nam 99,99%","updated":"2018-03-07 14:22:21","brand1":"NVVN9","day":"20180307","id":"3686971","type":"SJC","code":"SJC"},{"buy":"36,640.00","sell":"37,140.00","company":"1OTHER","brand":"Nhẫn SJC 99,99","updated":"2018-03-07 15:16:39","brand1":"NS9","day":"20180307","id":"3687478","type":"SJC*","code":"SJC*"},{"buy":"578.14","sell":"578.14","company":"1Coin","brand":"Dash","updated":"2018-03-07 00:00:00","brand1":"Dash","day":"20180307","id":"7435397","type":"DASH","code":"DASH"},{"buy":"130.83","sell":"130.83","company":"1Coin","brand":"Gnosis","updated":"2018-03-07 00:00:00","brand1":"G","day":"20180307","id":"7483770","type":"GNO","code":"NO"},{"buy":"103.09","sell":"103.09","company":"1Coin","brand":"Bitcoin Gold","updated":"2018-03-07 00:00:00","brand1":"BG","day":"20180307","id":"7447232","type":"BTG","code":"BTG"},{"buy":"33.13","sell":"33.13","company":"1Coin","brand":"Horizen","updated":"2018-03-07 00:00:00","brand1":"H","day":"20180307","id":"7445959","type":"ZEN","code":"ZEN"},{"buy":"31.07","sell":"31.07","company":"1Coin","brand":"Gas","updated":"2018-03-07 00:00:00","brand1":"Gas","day":"20180307","id":"7801914","type":"GAS","code":"GAS"},{"buy":"25.10","sell":"25.10","company":"1Coin","brand":"Qtum","updated":"2018-03-07 00:00:00","brand1":"Qtum","day":"20180307","id":"7451401","type":"QTUM","code":"QTUM"},{"buy":"19.86","sell":"19.86","company":"1Coin","brand":"Populous","updated":"2018-03-07 00:00:00","brand1":"P","day":"20180307","id":"7505532","type":"PPT","code":"T"},{"buy":"9.40","sell":"9.40","company":"1Coin","brand":"Binance Coin","updated":"2018-03-07 00:00:00","brand1":"BC","day":"20180307","id":"7412054","type":"BNB","code":"BNB"},{"buy":"8.24","sell":"8.24","company":"1Coin","brand":"MCO","updated":"2018-03-07 00:00:00","brand1":"MCO","day":"20180307","id":"7487597","type":"MCO","code":""},{"buy":"5.69","sell":"5.69","company":"1Coin","brand":"Bitcoin Diamond","updated":"2018-03-07 00:00:00","brand1":"BD","day":"20180307","id":"7461268","type":"BCD","code":"BCD"},{"buy":"5.36","sell":"5.36","company":"1Coin","brand":"Metal","updated":"2018-03-07 00:00:00","brand1":"M","day":"20180307","id":"7501812","type":"MTL","code":"TL"},{"buy":"4.82","sell":"4.82","company":"1Coin","brand":"Aragon","updated":"2018-03-07 00:00:00","brand1":"A","day":"20180307","id":"7506734","type":"ANT","code":"NT"},{"buy":"4.70","sell":"4.70","company":"1Coin","brand":"Bancor Network Token","updated":"2018-03-07 00:00:00","brand1":"BNT","day":"20180307","id":"7454191","type":"BNT","code":""},{"buy":"4.29","sell":"4.29","company":"1Coin","brand":"Voyager Token","updated":"2018-03-07 00:00:00","brand1":"VT","day":"20180307","id":"7461862","type":"VGX","code":"VGX"},{"buy":"3.58","sell":"3.58","company":"1Coin","brand":"Tezos","updated":"2018-03-07 00:00:00","brand1":"T","day":"20180307","id":"7425725","type":"XTZ","code":"XZ"},{"buy":"3.41","sell":"3.41","company":"1Coin","brand":"ICON","updated":"2018-03-07 00:00:00","brand1":"ICON","day":"20180307","id":"7458406","type":"ICX","code":"ICX"},{"buy":"3.26","sell":"3.26","company":"1Coin","brand":"KuCoin Token","updated":"2018-03-07 00:00:00","brand1":"KT","day":"20180307","id":"7463070","type":"KCS","code":"KCS"},{"buy":"2.91","sell":"2.91","company":"1Coin","brand":"Aion","updated":"2018-03-07 00:00:00","brand1":"Aion","day":"20180307","id":"7552590","type":"AION","code":"AION"},{"buy":"2.48","sell":"2.48","company":"1Coin","brand":"Uquid Coin","updated":"2018-03-07 00:00:00","brand1":"UC","day":"20180307","id":"7497518","type":"UQC","code":"UQC"},{"buy":"2.10","sell":"2.10","company":"1Coin","brand":"Huobi Token","updated":"2018-03-07 00:00:00","brand1":"HT","day":"20180307","id":"7430653","type":"HT","code":""},{"buy":"1.84","sell":"1.84","company":"1Coin","brand":"CRYPTO20","updated":"2018-03-07 00:00:00","brand1":"C","day":"20180307","id":"7533827","type":"C20","code":"20"},{"buy":"1.70","sell":"1.70","company":"1Coin","brand":"IOTA","updated":"2018-03-07 00:00:00","brand1":"IOTA","day":"20180307","id":"7427772","type":"MIOTA","code":"M"},{"buy":"1.29","sell":"1.29","company":"1Coin","brand":"LockTrip","updated":"2018-03-07 00:00:00","brand1":"L","day":"20180307","id":"7549304","type":"LOC","code":"OC"},{"buy":"1.28","sell":"1.28","company":"1Coin","brand":"Revain","updated":"2018-03-07 00:00:00","brand1":"R","day":"20180307","id":"7442143","type":"REV","code":"EV"},{"buy":"1.22","sell":"1.22","company":"1Coin","brand":"iExec RLC","updated":"2018-03-07 00:00:00","brand1":"iR","day":"20180307","id":"7464855","type":"RLC","code":"RLC"},{"buy":"1.12","sell":"1.12","company":"1Coin","brand":"AdEx Network","updated":"2018-03-07 00:00:00","brand1":"AN","day":"20180307","id":"7546150","type":"ADX","code":"ADX"},{"buy":"1.10","sell":"1.10","company":"1Coin","brand":"aelf","updated":"2018-03-07 00:00:00","brand1":"aelf","day":"20180307","id":"7504398","type":"ELF","code":"ELF"},{"buy":"1.08","sell":"1.08","company":"1Coin","brand":"Storj","updated":"2018-03-07 00:00:00","brand1":"S","day":"20180307","id":"7475469","type":"STORJ","code":"TORJ"},{"buy":"0.77","sell":"0.77","company":"1Coin","brand":"Polymath","updated":"2018-03-07 00:00:00","brand1":"P","day":"20180307","id":"7501236","type":"POLY","code":"OLY"},{"buy":"0.53","sell":"0.53","company":"1Coin","brand":"Chainlink","updated":"2018-03-07 00:00:00","brand1":"C","day":"20180307","id":"7416665","type":"LINK","code":"LINK"},{"buy":"0.52","sell":"0.52","company":"1Coin","brand":"Power Ledger","updated":"2018-03-07 00:00:00","brand1":"PL","day":"20180307","id":"7537154","type":"POWR","code":"POWR"},{"buy":"0.45","sell":"0.45","company":"1Coin","brand":"WaykiChain","updated":"2018-03-07 00:00:00","brand1":"W","day":"20180307","id":"7994506","type":"WICC","code":"ICC"},{"buy":"0.41","sell":"0.41","company":"1Coin","brand":"Bytom","updated":"2018-03-07 00:00:00","brand1":"B","day":"20180307","id":"7536446","type":"BTM","code":"TM"},{"buy":"0.34","sell":"0.34","company":"1Coin","brand":"Basic Attention Token","updated":"2018-03-07 00:00:00","brand1":"BAT","day":"20180307","id":"7446596","type":"BAT","code":""},{"buy":"0.34","sell":"0.34","company":"1Coin","brand":"SingularityNET","updated":"2018-03-07 00:00:00","brand1":"S","day":"20180307","id":"7496383","type":"AGI","code":"AGI"},{"buy":"0.33","sell":"0.33","company":"1Coin","brand":"Civic","updated":"2018-03-07 00:00:00","brand1":"C","day":"20180307","id":"7488789","type":"CVC","code":"V"},{"buy":"0.28","sell":"0.28","company":"1Coin","brand":"Cardano","updated":"2018-03-07 00:00:00","brand1":"C","day":"20180307","id":"7412679","type":"ADA","code":"ADA"},{"buy":"0.27","sell":"0.27","company":"1Coin","brand":"WAX","updated":"2018-03-07 00:00:00","brand1":"WAX","day":"20180307","id":"7478578","type":"WAXP","code":"P"},{"buy":"0.21","sell":"0.21","company":"1Coin","brand":"OriginTrail","updated":"2018-03-07 00:00:00","brand1":"O","day":"20180307","id":"7551242","type":"TRAC","code":"TRAC"},{"buy":"0.20","sell":"0.20","company":"1Coin","brand":"THETA","updated":"2018-03-07 00:00:00","brand1":"T","day":"20180307","id":"7418873","type":"THETA","code":"HEA"},{"buy":"0.20","sell":"0.20","company":"1Coin","brand":"Utrust","updated":"2018-03-07 00:00:00","brand1":"U","day":"20180307","id":"7531887","type":"UTK","code":"TK"},{"buy":"0.18","sell":"0.18","company":"1Coin","brand":"Status","updated":"2018-03-07 00:00:00","brand1":"S","day":"20180307","id":"7470840","type":"SNT","code":"NT"},{"buy":"0.18","sell":"0.18","company":"1Coin","brand":"SONM","updated":"2018-03-07 00:00:00","brand1":"SONM","day":"20180307","id":"7625261","type":"SNM","code":"SNM"},{"buy":"0.16","sell":"0.16","company":"1Coin","brand":"Enjin Coin","updated":"2018-03-07 00:00:00","brand1":"EC","day":"20180307","id":"7450802","type":"ENJ","code":"ENJ"},{"buy":"0.10","sell":"0.10","company":"1Coin","brand":"Decentraland","updated":"2018-03-07 00:00:00","brand1":"D","day":"20180307","id":"7444159","type":"MANA","code":"MANA"},{"buy":"0.08","sell":"0.08","company":"1Coin","brand":"district0x","updated":"2018-03-07 00:00:00","brand1":"d","day":"20180307","id":"7542043","type":"DNT","code":"DNT"},{"buy":"0.06","sell":"0.06","company":"1Coin","brand":"FunFair","updated":"2018-03-07 00:00:00","brand1":"F","day":"20180307","id":"7485206","type":"FUN","code":"UN"},{"buy":"0.06","sell":"0.06","company":"1Coin","brand":"Electroneum","updated":"2018-03-07 00:00:00","brand1":"E","day":"20180307","id":"7526705","type":"ETN","code":"TN"},{"buy":"0.05","sell":"0.05","company":"1Coin","brand":"Zilliqa","updated":"2018-03-07 00:00:00","brand1":"Z","day":"20180307","id":"7443580","type":"ZIL","code":"IL"},{"buy":"0.04","sell":"0.04","company":"1Coin","brand":"TRON","updated":"2018-03-07 00:00:00","brand1":"TRON","day":"20180307","id":"7421071","type":"TRX","code":"TRX"},{"buy":"0.04","sell":"0.04","company":"1Coin","brand":"SwissBorg","updated":"2018-03-07 00:00:00","brand1":"S","day":"20180307","id":"7457087","type":"CHSB","code":"CHB"},{"buy":"0.03","sell":"0.03","company":"1Coin","brand":"IOST","updated":"2018-03-07 00:00:00","brand1":"IOST","day":"20180307","id":"7462489","type":"IOST","code":""},{"buy":"0.03","sell":"0.03","company":"1Coin","brand":"MediBloc","updated":"2018-03-07 00:00:00","brand1":"M","day":"20180307","id":"7481097","type":"MED","code":"ED"},{"buy":"0.03","sell":"0.03","company":"1Coin","brand":"StormX","updated":"2018-03-07 00:00:00","brand1":"S","day":"20180307","id":"7485838","type":"STMX","code":"TMX"},{"buy":"0.02","sell":"0.02","company":"1Coin","brand":"Dent","updated":"2018-03-07 00:00:00","brand1":"Dent","day":"20180307","id":"7473350","type":"DENT","code":"DENT"},{"buy":"0.00","sell":"0.00","company":"1Coin","brand":"Telcoin","updated":"2018-03-07 00:00:00","brand1":"T","day":"20180307","id":"7441565","type":"TEL","code":"EL"},{"buy":"0.00","sell":"0.00","company":"1Coin","brand":"Kin","updated":"2018-03-07 00:00:00","brand1":"Kin","day":"20180307","id":"7624626","type":"KIN","code":"KIN"}]},{"updated":"2018-03-06 16:09:25","date":"20180306","gold":[],"value":[{"buy":"36,660.00","sell":"36,870.00","company":"SJC","brand":"Đà Lạt","updated":"2018-03-06 16:09:25","brand1":"ĐL","day":"20180306","id":"3683272","type":"Vàng SJC","code":""},{"buy":"36,640.00","sell":"36,820.00","company":"SJC","brand":"Hồ Chí Minh","updated":"2018-03-06 16:09:25","brand1":"HCM","day":"20180306","id":"3683253","type":"Vàng SJC 1L","code":""},{"buy":"36,640.00","sell":"36,840.00","company":"SJC","brand":"Hà Nội","updated":"2018-03-06 16:09:25","brand1":"HN","day":"20180306","id":"3683262","type":"Vàng SJC","code":""},{"buy":"36,640.00","sell":"36,840.00","company":"SJC","brand":"Đà  Nẵng","updated":"2018-03-06 16:09:25","brand1":"ĐN","day":"20180306","id":"3683263","type":"Vàng SJC","code":""},{"buy":"36,640.00","sell":"36,840.00","company":"SJC","brand":"Cà Mau","updated":"2018-03-06 16:09:25","brand1":"CM","day":"20180306","id":"3683265","type":"Vàng SJC","code":""},{"buy":"36,640.00","sell":"36,840.00","company":"SJC","brand":"Huế","updated":"2018-03-06 16:09:25","brand1":"Huế","day":"20180306","id":"3683268","type":"Vàng SJC","code":""},{"buy":"36,640.00","sell":"36,820.00","company":"SJC","brand":"Biên Hòa","updated":"2018-03-06 16:09:25","brand1":"BH","day":"20180306","id":"3683269","type":"Vàng SJC","code":""},{"buy":"36,640.00","sell":"36,820.00","company":"SJC","brand":"Miền Tây","updated":"2018-03-06 16:09:25","brand1":"MT","day":"20180306","id":"3683270","type":"Vàng SJC","code":""},{"buy":"36,640.00","sell":"36,820.00","company":"SJC","brand":"Quãng Ngãi","updated":"2018-03-06 16:09:25","brand1":"QN","day":"20180306","id":"3683271","type":"Vàng SJC","code":""},{"buy":"36,640.00","sell":"36,820.00","company":"SJC","brand":"Long Xuyên","updated":"2018-03-06 16:09:25","brand1":"LX","day":"20180306","id":"3683273","type":"Vàng SJC","code":""},{"buy":"36,630.00","sell":"36,840.00","company":"SJC","brand":"Nha Trang","updated":"2018-03-06 16:09:25","brand1":"NT","day":"20180306","id":"3683264","type":"Vàng SJC","code":""},{"buy":"36,630.00","sell":"36,840.00","company":"SJC","brand":"Buôn Ma Thuột","updated":"2018-03-06 16:09:25","brand1":"BMT","day":"20180306","id":"3683266","type":"Vàng SJC","code":""},{"buy":"36,610.00","sell":"36,850.00","company":"SJC","brand":"Bình Phước","updated":"2018-03-06 16:09:25","brand1":"BP","day":"20180306","id":"3683267","type":"Vàng SJC","code":""},{"buy":"36,570.00","sell":"37,070.00","company":"SJC","brand":"Hồ Chí Minh","updated":"2018-03-06 16:09:25","brand1":"HCM","day":"20180306","id":"3683254","type":"Vàng nhẫn SJC 99,99 5 phân","code":"nhẫn  99,99 5 phân"},{"buy":"36,570.00","sell":"36,970.00","company":"SJC","brand":"Hồ Chí Minh","updated":"2018-03-06 16:09:25","brand1":"HCM","day":"20180306","id":"3683256","type":"Vàng nhẫn SJC 99,99 1c,2c,5c","code":"nhẫn  99,99 1c,2c,5c"},{"buy":"36,220.00","sell":"36,820.00","company":"SJC","brand":"Hồ Chí Minh","updated":"2018-03-06 16:09:25","brand1":"HCM","day":"20180306","id":"3683257","type":"Vàng nữ trang 99,99%","code":"nữ trang 99,99%"},{"buy":"35,755.00","sell":"36,455.00","company":"SJC","brand":"Hồ Chí Minh","updated":"2018-03-06 16:09:25","brand1":"HCM","day":"20180306","id":"3683258","type":"Vàng nữ trang 99%","code":"nữ trang 99%"},{"buy":"26,480.00","sell":"27,880.00","company":"SJC","brand":"Hồ Chí Minh","updated":"2018-03-06 16:09:25","brand1":"HCM","day":"20180306","id":"3683259","type":"Vàng nữ trang 75%","code":"nữ trang 75%"},{"buy":"20,306.00","sell":"21,706.00","company":"SJC","brand":"Hồ Chí Minh","updated":"2018-03-06 16:09:25","brand1":"HCM","day":"20180306","id":"3683260","type":"Vàng nữ trang 58,3%","code":"nữ trang 58,3%"},{"buy":"14,105.00","sell":"15,505.00","company":"SJC","brand":"Hồ Chí Minh","updated":"2018-03-06 16:09:25","brand1":"HCM","day":"20180306","id":"3683261","type":"Vàng nữ trang 41,7%","code":"nữ trang 41,7%"},{"buy":"36,730.00","sell":"36,780.00","company":"DOJI","brand":"Hà Nội","updated":"2018-03-06 17:07:00","brand1":"HN","day":"20180306","id":"3683659","type":"DOJI HN buôn","code":"buôn"},{"buy":"36,720.00","sell":"36,790.00","company":"DOJI","brand":"Hà Nội","updated":"2018-03-06 17:07:00","brand1":"HN","day":"20180306","id":"3683658","type":"DOJI HN lẻ","code":""},{"buy":"36,720.00","sell":"36,770.00","company":"DOJI","brand":"","updated":"2018-03-06 17:07:00","brand1":"","day":"20180306","id":"3683667","type":"DOJI HP buôn","code":"HP buôn"},{"buy":"36,710.00","sell":"36,760.00","company":"DOJI","brand":"Hồ Chí Minh","updated":"2018-03-06 17:07:00","brand1":"HCM","day":"20180306","id":"3683661","type":"DOJI HCM buôn","code":"buôn"},{"buy":"36,710.00","sell":"36,780.00","company":"DOJI","brand":"","updated":"2018-03-06 17:07:00","brand1":"","day":"20180306","id":"3683666","type":"DOJI HP lẻ","code":"HP"},{"buy":"36,700.00","sell":"36,770.00","company":"DOJI","brand":"Hồ Chí Minh","updated":"2018-03-06 17:07:00","brand1":"HCM","day":"20180306","id":"3683660","type":"DOJI HCM lẻ","code":""},{"buy":"36,700.00","sell":"36,800.00","company":"DOJI","brand":"","updated":"2018-03-06 17:07:00","brand1":"","day":"20180306","id":"3683663","type":"DOJI ĐN buôn","code":"ĐN buôn"},{"buy":"36,680.00","sell":"36,820.00","company":"DOJI","brand":"","updated":"2018-03-06 17:07:00","brand1":"","day":"20180306","id":"3683662","type":"DOJI ĐN lẻ","code":"ĐN"},{"buy":"36,420.00","sell":"36,520.00","company":"DOJI","brand":"Hà Nội","updated":"2018-03-06 17:07:00","brand1":"HN","day":"20180306","id":"3683664","type":"Nguyên liêu 9999 - HN","code":"Nguyên liêu 9999 -"},{"buy":"36,370.00","sell":"36,470.00","company":"DOJI","brand":"Hà Nội","updated":"2018-03-06 17:07:00","brand1":"HN","day":"20180306","id":"3683665","type":"Nguyên liêu 999 - HN","code":"Nguyên liêu 999 -"},{"buy":"32,442.40","sell":"32,565.30","company":"DOJI","brand":"Hà Nội","updated":"2018-03-06 17:07:00","brand1":"HN","day":"20180306","id":"3683627","type":"Quy đổi (nghìn\/lượng)","code":"Quy đổi (nghìn\/lượng)"},{"buy":"32,442.40","sell":"32,565.30","company":"DOJI","brand":"","updated":"2018-03-06 17:07:00","brand1":"","day":"20180306","id":"3683630","type":"Quy đổi (nghìn\/lượng)","code":"Quy đổi (nghìn\/lượng)"},{"buy":"32,442.40","sell":"32,565.30","company":"DOJI","brand":"Hồ Chí Minh","updated":"2018-03-06 17:07:00","brand1":"HCM","day":"20180306","id":"3683656","type":"Quy đổi (nghìn\/lượng)","code":"Quy đổi (nghìn\/lượng)"},{"buy":"22,517.00","sell":"22,611.00","company":"DOJI","brand":"Hà Nội","updated":"2018-03-06 17:07:00","brand1":"HN","day":"20180306","id":"3683628","type":"USD\/VND (Liên NH)","code":"USD\/VND (Liên NH)"},{"buy":"22,517.00","sell":"22,611.00","company":"DOJI","brand":"","updated":"2018-03-06 17:07:00","brand1":"","day":"20180306","id":"3683631","type":"USD\/VND (Liên NH)","code":"USD\/VND (Liên NH)"},{"buy":"22,517.00","sell":"22,611.00","company":"DOJI","brand":"Hồ Chí Minh","updated":"2018-03-06 17:07:00","brand1":"HCM","day":"20180306","id":"3683657","type":"USD\/VND (Liên NH)","code":"USD\/VND (Liên NH)"},{"buy":"3,672.00","sell":"3,679.00","company":"DOJI","brand":"Hà Nội","updated":"2018-03-06 17:07:00","brand1":"HN","day":"20180306","id":"3683612","type":"Kim Tuất","code":"Kim Tuất"},{"buy":"3,672.00","sell":"3,679.00","company":"DOJI","brand":"Hà Nội","updated":"2018-03-06 17:07:00","brand1":"HN","day":"20180306","id":"3683613","type":"Kim Thần Tài","code":"Kim Thần Tài"},{"buy":"3,672.00","sell":"3,679.00","company":"DOJI","brand":"Hà Nội","updated":"2018-03-06 17:07:00","brand1":"HN","day":"20180306","id":"3683614","type":"Lộc Phát Tài","code":"Lộc Phát Tài"},{"buy":"3,672.00","sell":"3,679.00","company":"DOJI","brand":"Hà Nội","updated":"2018-03-06 17:07:00","brand1":"HN","day":"20180306","id":"3683615","type":"Kim Ngân Tài","code":"Kim Ngân Tài"},{"buy":"3,670.00","sell":"3,677.00","company":"DOJI","brand":"Hồ Chí Minh","updated":"2018-03-06 17:07:00","brand1":"HCM","day":"20180306","id":"3683643","type":"Kim Tuất","code":"Kim Tuất"},{"buy":"3,670.00","sell":"3,677.00","company":"DOJI","brand":"Hồ Chí Minh","updated":"2018-03-06 17:07:00","brand1":"HCM","day":"20180306","id":"3683644","type":"Kim Thần Tài","code":"Kim Thần Tài"},{"buy":"3,670.00","sell":"3,677.00","company":"DOJI","brand":"Hồ Chí Minh","updated":"2018-03-06 17:07:00","brand1":"HCM","day":"20180306","id":"3683645","type":"Lộc Phát Tài","code":"Lộc Phát Tài"},{"buy":"3,668.00","sell":"3,682.00","company":"DOJI","brand":"","updated":"2018-03-06 17:07:00","brand1":"","day":"20180306","id":"3683634","type":"Lộc Phát Tài","code":"Lộc Phát Tài"},{"buy":"3,668.00","sell":"3,682.00","company":"DOJI","brand":"","updated":"2018-03-06 17:07:00","brand1":"","day":"20180306","id":"3683635","type":"Kim Thần Tài","code":"Kim Thần Tài"},{"buy":"3,652.00","sell":"3,682.00","company":"DOJI","brand":"Hà Nội","updated":"2018-03-06 17:07:00","brand1":"HN","day":"20180306","id":"3683616","type":"Hưng Thịnh Vượng","code":"Hưng Thịnh Vượng"},{"buy":"3,652.00","sell":"3,682.00","company":"DOJI","brand":"Hồ Chí Minh","updated":"2018-03-06 17:07:00","brand1":"HCM","day":"20180306","id":"3683646","type":"Nhẫn H.T.V","code":"Nhẫn H.T.V"},{"buy":"3,642.00","sell":"3,652.00","company":"DOJI","brand":"Hà Nội","updated":"2018-03-06 17:07:00","brand1":"HN","day":"20180306","id":"3683617","type":"Nguyên liệu 99.99","code":"Nguyên liệu 99.99"},{"buy":"3,641.00","sell":"3,654.00","company":"DOJI","brand":"","updated":"2018-03-06 17:07:00","brand1":"","day":"20180306","id":"3683632","type":"Nguyên liệu 9999","code":"Nguyên liệu 9999"},{"buy":"3,641.00","sell":"3,651.00","company":"DOJI","brand":"Hồ Chí Minh","updated":"2018-03-06 17:07:00","brand1":"HCM","day":"20180306","id":"3683647","type":"Nguyên liệu 9999","code":"Nguyên liệu 9999"},{"buy":"3,637.00","sell":"3,647.00","company":"DOJI","brand":"Hà Nội","updated":"2018-03-06 17:07:00","brand1":"HN","day":"20180306","id":"3683618","type":"Nguyên liệu 99.9","code":"Nguyên liệu 99.9"},{"buy":"3,636.00","sell":"3,649.00","company":"DOJI","brand":"","updated":"2018-03-06 17:07:00","brand1":"","day":"20180306","id":"3683633","type":"Nguyên liệu 999","code":"Nguyên liệu 999"},{"buy":"3,636.00","sell":"3,646.00","company":"DOJI","brand":"Hồ Chí Minh","updated":"2018-03-06 17:07:00","brand1":"HCM","day":"20180306","id":"3683648","type":"Nguyên liệu 999","code":"Nguyên liệu 999"},{"buy":"3,622.00","sell":"3,692.00","company":"DOJI","brand":"Hà Nội","updated":"2018-03-06 17:07:00","brand1":"HN","day":"20180306","id":"3683619","type":"Nữ trang 99.99","code":"Nữ trang 99.99"},{"buy":"3,622.00","sell":"3,692.00","company":"DOJI","brand":"Nhẫn DOJI Hưng Thịnh Vượng","updated":"2018-03-06 17:07:00","brand1":"NDHTV","day":"20180306","id":"3683636","type":"Nữ trang 99.99","code":"Nữ trang 99.99"},{"buy":"3,612.00","sell":"3,682.00","company":"DOJI","brand":"Hà Nội","updated":"2018-03-06 17:07:00","brand1":"HN","day":"20180306","id":"3683620","type":"Nữ trang 99.9","code":"Nữ trang 99.9"},{"buy":"3,612.00","sell":"3,682.00","company":"DOJI","brand":"Nhẫn DOJI Hưng Thịnh Vượng","updated":"2018-03-06 17:07:00","brand1":"NDHTV","day":"20180306","id":"3683637","type":"Nữ trang 99.9","code":"Nữ trang 99.9"},{"buy":"3,611.00","sell":"3,681.00","company":"DOJI","brand":"Hồ Chí Minh","updated":"2018-03-06 17:07:00","brand1":"HCM","day":"20180306","id":"3683649","type":"Nữ trang 99.99","code":"Nữ trang 99.99"},{"buy":"3,601.00","sell":"3,671.00","company":"DOJI","brand":"Hồ Chí Minh","updated":"2018-03-06 17:07:00","brand1":"HCM","day":"20180306","id":"3683650","type":"Nữ trang 99.9","code":"Nữ trang 99.9"},{"buy":"3,581.00","sell":"3,651.00","company":"DOJI","brand":"Hồ Chí Minh","updated":"2018-03-06 17:07:00","brand1":"HCM","day":"20180306","id":"3683651","type":"Nữ trang 99","code":"Nữ trang 99"},{"buy":"3,576.00","sell":"3,646.00","company":"DOJI","brand":"Hà Nội","updated":"2018-03-06 17:07:00","brand1":"HN","day":"20180306","id":"3683621","type":"Nữ trang 99","code":"Nữ trang 99"},{"buy":"3,576.00","sell":"3,646.00","company":"DOJI","brand":"Nhẫn DOJI Hưng Thịnh Vượng","updated":"2018-03-06 17:07:00","brand1":"NDHTV","day":"20180306","id":"3683638","type":"Nữ trang 99","code":"Nữ trang 99"},{"buy":"2,659.00","sell":"2,789.00","company":"DOJI","brand":"Hà Nội","updated":"2018-03-06 17:07:00","brand1":"HN","day":"20180306","id":"3683622","type":"Nữ trang 18k","code":"Nữ trang 18k"},{"buy":"2,659.00","sell":"2,789.00","company":"DOJI","brand":"Nhẫn DOJI Hưng Thịnh Vượng","updated":"2018-03-06 17:07:00","brand1":"NDHTV","day":"20180306","id":"3683639","type":"Nữ trang 18k","code":"Nữ trang 18k"},{"buy":"2,646.00","sell":"2,776.00","company":"DOJI","brand":"Hồ Chí Minh","updated":"2018-03-06 17:07:00","brand1":"HCM","day":"20180306","id":"3683652","type":"Nữ Trang 18k","code":"Nữ Trang 18k"},{"buy":"2,510.00","sell":"2,640.00","company":"DOJI","brand":"Hà Nội","updated":"2018-03-06 17:07:00","brand1":"HN","day":"20180306","id":"3683623","type":"Nữ trang 16k","code":"Nữ trang 16k"},{"buy":"2,510.00","sell":"2,640.00","company":"DOJI","brand":"Nhẫn DOJI Hưng Thịnh Vượng","updated":"2018-03-06 17:07:00","brand1":"NDHTV","day":"20180306","id":"3683640","type":"Nữ trang 68","code":"Nữ trang 68"},{"buy":"2,384.00","sell":"2,454.00","company":"DOJI","brand":"Hồ Chí Minh","updated":"2018-03-06 17:07:00","brand1":"HCM","day":"20180306","id":"3683654","type":"Nữ trang 68","code":"Nữ trang 68"},{"buy":"2,044.00","sell":"2,174.00","company":"DOJI","brand":"Hà Nội","updated":"2018-03-06 17:07:00","brand1":"HN","day":"20180306","id":"3683624","type":"Nữ trang 14k","code":"Nữ trang 14k"},{"buy":"2,044.00","sell":"2,174.00","company":"DOJI","brand":"Nhẫn DOJI Hưng Thịnh Vượng","updated":"2018-03-06 17:07:00","brand1":"NDHTV","day":"20180306","id":"3683641","type":"Nữ trang 14k","code":"Nữ trang 14k"},{"buy":"2,032.00","sell":"2,162.00","company":"DOJI","brand":"Hồ Chí Minh","updated":"2018-03-06 17:07:00","brand1":"HCM","day":"20180306","id":"3683653","type":"Nữ Trang 14k","code":"Nữ Trang 14k"},{"buy":"1,433.00","sell":"1,563.00","company":"DOJI","brand":"Hà Nội","updated":"2018-03-06 17:07:00","brand1":"HN","day":"20180306","id":"3683625","type":"Nữ trang 10k","code":"Nữ trang 10k"},{"buy":"1,433.00","sell":"1,563.00","company":"DOJI","brand":"Nhẫn DOJI Hưng Thịnh Vượng","updated":"2018-03-06 17:07:00","brand1":"NDHTV","day":"20180306","id":"3683642","type":"Nữ trang 10k","code":"Nữ trang 10k"},{"buy":"1,195.03","sell":"1,194.57","company":"DOJI","brand":"Hà Nội","updated":"2018-03-06 17:07:00","brand1":"HN","day":"20180306","id":"3683626","type":"Gold (usd\/oz)","code":"Gold (usd\/oz)"},{"buy":"1,195.03","sell":"1,194.57","company":"DOJI","brand":"","updated":"2018-03-06 17:07:00","brand1":"","day":"20180306","id":"3683629","type":"Gold (usd\/oz)","code":"Gold (usd\/oz)"},{"buy":"1,195.03","sell":"1,194.57","company":"DOJI","brand":"Hồ Chí Minh","updated":"2018-03-06 17:07:00","brand1":"HCM","day":"20180306","id":"3683655","type":"Gold (usd\/oz)","code":"Gold (usd\/oz)"},{"buy":"36,710.00","sell":"36,780.00","company":"3BANKS","brand":"EXIMBANK","updated":"2018-03-06 16:19:41","brand1":"E","day":"20180306","id":"3683460","type":"SJC","code":"SJC"},{"buy":"36,700.00","sell":"36,790.00","company":"3BANKS","brand":"MARITIME BANK","updated":"2018-03-06 09:07:27","brand1":"MB","day":"20180306","id":"3681208","type":"SJC","code":"SJC"},{"buy":"36,700.00","sell":"36,790.00","company":"3BANKS","brand":"TPBANK GOLD","updated":"2018-03-06 16:38:16","brand1":"TG","day":"20180306","id":"3683533","type":"SJC","code":"SJC"},{"buy":"36,680.00","sell":"36,800.00","company":"3BANKS","brand":"SCB","updated":"2018-03-06 08:01:14","brand1":"SCB","day":"20180306","id":"3680640","type":"SJC","code":"SJC"},{"buy":"36,680.00","sell":"36,760.00","company":"3BANKS","brand":"SACOMBANK","updated":"2018-03-06 14:03:30","brand1":"S","day":"20180306","id":"3682619","type":"SJC","code":"JC"},{"buy":"36,620.00","sell":"36,810.00","company":"3BANKS","brand":"VIETINBANK GOLD","updated":"2018-03-06 15:16:53","brand1":"VG","day":"20180306","id":"3683048","type":"SJC","code":"SJC"},{"buy":"36,730.00","sell":"36,790.00","company":"2GROUP","brand":"BẢO TÍN MINH CHÂU","updated":"2018-03-06 16:38:16","brand1":"BTMC","day":"20180306","id":"3683534","type":"SJC","code":"SJC"},{"buy":"36,720.00","sell":"36,790.00","company":"2GROUP","brand":"VIETNAMGOLD","updated":"2018-03-06 16:16:15","brand1":"V","day":"20180306","id":"3683454","type":"SJC","code":"SJC"},{"buy":"36,720.00","sell":"36,790.00","company":"2GROUP","brand":"PHÚ QUÝ SJC","updated":"2018-03-06 16:22:38","brand1":"PQS","day":"20180306","id":"3683464","type":"SJC","code":"SJC"},{"buy":"36,640.00","sell":"36,840.00","company":"2GROUP","brand":"Ngọc Hải (NHJ) TP.HCM","updated":"2018-03-06 17:38:16","brand1":"NH(T","day":"20180306","id":"3683694","type":"SJC","code":"SJC"},{"buy":"36,640.00","sell":"36,840.00","company":"2GROUP","brand":"Ngọc Hải (NHJ) Tiền Giang","updated":"2018-03-06 17:38:16","brand1":"NH(TG","day":"20180306","id":"3683695","type":"SJC","code":"SJC"},{"buy":"1,337.10","sell":"1,338.10","company":"2GROUP","brand":"SPOT GOLD","updated":"2018-03-06 23:59:01","brand1":"SG","day":"20180306","id":"3684011","type":"SJC","code":"SJC"},{"buy":"62.39","sell":"62.39","company":"2GROUP","brand":"OIL","updated":"2018-03-06 23:59:01","brand1":"OIL","day":"20180306","id":"3684010","type":"SJC","code":"SJC"},{"buy":"36,680.00","sell":"37,130.00","company":"1OTHER","brand":"Vàng Nhẫn tròn trơn BTMC","updated":"2018-03-06 09:33:52","brand1":"VNttB","day":"20180306","id":"3681302","type":"SJC","code":"SJC"},{"buy":"36,570.00","sell":"37,070.00","company":"1OTHER","brand":"Nhẫn SJC 99,99","updated":"2018-03-06 16:09:25","brand1":"NS9","day":"20180306","id":"3683255","type":"SJC*","code":"SJC*"},{"buy":"36,500.00","sell":"36,900.00","company":"1OTHER","brand":"Nhẫn Vàng Việt Nam 99,99%","updated":"2018-03-06 00:01:09","brand1":"NVVN9","day":"20180306","id":"3680237","type":"SJC","code":"SJC"},{"buy":"36,500.00","sell":"36,850.00","company":"1OTHER","brand":"Nhẫn PHÚ QUÝ 24K","updated":"2018-03-06 08:07:45","brand1":"NPQ2","day":"20180306","id":"3680649","type":"SJC","code":"SJC"},{"buy":"50.97","sell":"50.97","company":"1Coin","brand":"Firo","updated":"2018-03-06 00:00:00","brand1":"Firo","day":"20180306","id":"7811503","type":"FIRO","code":"FIRO"},{"buy":"46.15","sell":"46.15","company":"1Coin","brand":"Augur","updated":"2018-03-06 00:00:00","brand1":"A","day":"20180306","id":"7477222","type":"REP","code":"REP"},{"buy":"46.15","sell":"46.15","company":"1Coin","brand":"REPv2","updated":"2018-03-06 00:00:00","brand1":"R","day":"20180306","id":"7477851","type":"REPV2","code":"EPV2"},{"buy":"26.83","sell":"26.83","company":"1Coin","brand":"Ethereum Classic","updated":"2018-03-06 00:00:00","brand1":"EC","day":"20180306","id":"7419228","type":"ETC","code":"ETC"},{"buy":"8.00","sell":"8.00","company":"1Coin","brand":"EOS","updated":"2018-03-06 00:00:00","brand1":"EOS","day":"20180306","id":"7422064","type":"EOS","code":""},{"buy":"1.00","sell":"1.00","company":"1Coin","brand":"TrueUSD","updated":"2018-03-06 00:00:00","brand1":"T","day":"20180306","id":"7444867","type":"TUSD","code":"USD"},{"buy":"0.57","sell":"0.57","company":"1Coin","brand":"Power Ledger","updated":"2018-03-06 00:00:00","brand1":"PL","day":"20180306","id":"8322737","type":"POWR","code":"POWR"},{"buy":"0.35","sell":"0.35","company":"1Coin","brand":"Stellar Lumens","updated":"2018-03-06 00:00:00","brand1":"SL","day":"20180306","id":"7417129","type":"XLM","code":"XLM"},{"buy":"0.09","sell":"0.09","company":"1Coin","brand":"district0x","updated":"2018-03-06 00:00:00","brand1":"d","day":"20180306","id":"8468058","type":"DNT","code":"DNT"},{"buy":"0.08","sell":"0.08","company":"1Coin","brand":"Ren","updated":"2018-03-06 00:00:00","brand1":"Ren","day":"20180306","id":"7467436","type":"REN","code":"REN"},{"buy":"0.00","sell":"0.00","company":"1Coin","brand":"CasinoCoin","updated":"2018-03-06 00:00:00","brand1":"C","day":"20180306","id":"7539373","type":"CSC","code":"S"},{"buy":"0.00","sell":"0.00","company":"1Coin","brand":"Kin","updated":"2018-03-06 00:00:00","brand1":"Kin","day":"20180306","id":"8437017","type":"KIN","code":"KIN"}]},{"updated":"2018-03-05 16:23:50","date":"20180305","gold":[],"value":[{"buy":"36,700.00","sell":"36,910.00","company":"SJC","brand":"Đà Lạt","updated":"2018-03-05 16:23:50","brand1":"ĐL","day":"20180305","id":"3679691","type":"Vàng SJC","code":""},{"buy":"36,680.00","sell":"36,860.00","company":"SJC","brand":"Hồ Chí Minh","updated":"2018-03-05 16:23:50","brand1":"HCM","day":"20180305","id":"3679673","type":"Vàng SJC 1L","code":""},{"buy":"36,680.00","sell":"36,880.00","company":"SJC","brand":"Hà Nội","updated":"2018-03-05 16:23:50","brand1":"HN","day":"20180305","id":"3679681","type":"Vàng SJC","code":""},{"buy":"36,680.00","sell":"36,880.00","company":"SJC","brand":"Đà  Nẵng","updated":"2018-03-05 16:23:50","brand1":"ĐN","day":"20180305","id":"3679682","type":"Vàng SJC","code":""},{"buy":"36,680.00","sell":"36,880.00","company":"SJC","brand":"Cà Mau","updated":"2018-03-05 16:23:50","brand1":"CM","day":"20180305","id":"3679684","type":"Vàng SJC","code":""},{"buy":"36,680.00","sell":"36,880.00","company":"SJC","brand":"Huế","updated":"2018-03-05 16:23:50","brand1":"Huế","day":"20180305","id":"3679687","type":"Vàng SJC","code":""},{"buy":"36,680.00","sell":"36,860.00","company":"SJC","brand":"Biên Hòa","updated":"2018-03-05 16:23:50","brand1":"BH","day":"20180305","id":"3679688","type":"Vàng SJC","code":""},{"buy":"36,680.00","sell":"36,860.00","company":"SJC","brand":"Miền Tây","updated":"2018-03-05 16:23:50","brand1":"MT","day":"20180305","id":"3679689","type":"Vàng SJC","code":""},{"buy":"36,680.00","sell":"36,860.00","company":"SJC","brand":"Quãng Ngãi","updated":"2018-03-05 16:23:50","brand1":"QN","day":"20180305","id":"3679690","type":"Vàng SJC","code":""},{"buy":"36,680.00","sell":"36,860.00","company":"SJC","brand":"Long Xuyên","updated":"2018-03-05 16:23:50","brand1":"LX","day":"20180305","id":"3679692","type":"Vàng SJC","code":""},{"buy":"36,670.00","sell":"36,880.00","company":"SJC","brand":"Nha Trang","updated":"2018-03-05 16:23:50","brand1":"NT","day":"20180305","id":"3679683","type":"Vàng SJC","code":""},{"buy":"36,670.00","sell":"36,880.00","company":"SJC","brand":"Buôn Ma Thuột","updated":"2018-03-05 16:23:50","brand1":"BMT","day":"20180305","id":"3679685","type":"Vàng SJC","code":""},{"buy":"36,650.00","sell":"36,890.00","company":"SJC","brand":"Bình Phước","updated":"2018-03-05 16:23:50","brand1":"BP","day":"20180305","id":"3679686","type":"Vàng SJC","code":""},{"buy":"36,560.00","sell":"36,960.00","company":"SJC","brand":"Hồ Chí Minh","updated":"2018-03-05 16:23:50","brand1":"HCM","day":"20180305","id":"3679674","type":"Vàng nhẫn SJC 99,99 5p,1c,2c,5c","code":"nhẫn  99,99 5p,1c,2c,5c"},{"buy":"36,260.00","sell":"36,860.00","company":"SJC","brand":"Hồ Chí Minh","updated":"2018-03-05 16:23:50","brand1":"HCM","day":"20180305","id":"3679676","type":"Vàng nữ trang 99,99%","code":"nữ trang 99,99%"},{"buy":"35,795.00","sell":"36,495.00","company":"SJC","brand":"Hồ Chí Minh","updated":"2018-03-05 16:23:50","brand1":"HCM","day":"20180305","id":"3679677","type":"Vàng nữ trang 99%","code":"nữ trang 99%"},{"buy":"26,473.00","sell":"27,873.00","company":"SJC","brand":"Hồ Chí Minh","updated":"2018-03-05 16:23:50","brand1":"HCM","day":"20180305","id":"3679678","type":"Vàng nữ trang 75%","code":"nữ trang 75%"},{"buy":"20,300.00","sell":"21,700.00","company":"SJC","brand":"Hồ Chí Minh","updated":"2018-03-05 16:23:50","brand1":"HCM","day":"20180305","id":"3679679","type":"Vàng nữ trang 58,3%","code":"nữ trang 58,3%"},{"buy":"14,122.00","sell":"15,522.00","company":"SJC","brand":"Hồ Chí Minh","updated":"2018-03-05 16:23:50","brand1":"HCM","day":"20180305","id":"3679680","type":"Vàng nữ trang 41,7%","code":"nữ trang 41,7%"},{"buy":"36,760.00","sell":"36,850.00","company":"DOJI","brand":"","updated":"2018-03-05 17:57:00","brand1":"","day":"20180305","id":"3679883","type":"DOJI ĐN buôn","code":"ĐN buôn"},{"buy":"36,750.00","sell":"36,810.00","company":"DOJI","brand":"Hồ Chí Minh","updated":"2018-03-05 17:57:00","brand1":"HCM","day":"20180305","id":"3679881","type":"DOJI HCM buôn","code":"buôn"},{"buy":"36,750.00","sell":"36,810.00","company":"DOJI","brand":"","updated":"2018-03-05 17:57:00","brand1":"","day":"20180305","id":"3679887","type":"DOJI HP buôn","code":"HP buôn"},{"buy":"36,740.00","sell":"36,820.00","company":"DOJI","brand":"Hồ Chí Minh","updated":"2018-03-05 17:57:00","brand1":"HCM","day":"20180305","id":"3679880","type":"DOJI HCM lẻ","code":""},{"buy":"36,740.00","sell":"36,870.00","company":"DOJI","brand":"","updated":"2018-03-05 17:57:00","brand1":"","day":"20180305","id":"3679882","type":"DOJI ĐN lẻ","code":"ĐN"},{"buy":"36,740.00","sell":"36,820.00","company":"DOJI","brand":"","updated":"2018-03-05 17:57:00","brand1":"","day":"20180305","id":"3679886","type":"DOJI HP lẻ","code":"HP"},{"buy":"36,730.00","sell":"36,790.00","company":"DOJI","brand":"Hà Nội","updated":"2018-03-05 17:57:00","brand1":"HN","day":"20180305","id":"3679879","type":"DOJI HN buôn","code":"buôn"},{"buy":"36,720.00","sell":"36,800.00","company":"DOJI","brand":"Hà Nội","updated":"2018-03-05 17:57:00","brand1":"HN","day":"20180305","id":"3679878","type":"DOJI HN lẻ","code":""},{"buy":"36,470.00","sell":"36,570.00","company":"DOJI","brand":"Hà Nội","updated":"2018-03-05 17:57:00","brand1":"HN","day":"20180305","id":"3679884","type":"Nguyên liêu 9999 - HN","code":"Nguyên liêu 9999 -"},{"buy":"36,420.00","sell":"36,520.00","company":"DOJI","brand":"Hà Nội","updated":"2018-03-05 17:57:00","brand1":"HN","day":"20180305","id":"3679885","type":"Nguyên liêu 999 - HN","code":"Nguyên liêu 999 -"},{"buy":"32,442.40","sell":"32,565.30","company":"DOJI","brand":"Hà Nội","updated":"2018-03-05 17:57:00","brand1":"HN","day":"20180305","id":"3679847","type":"Quy đổi (nghìn\/lượng)","code":"Quy đổi (nghìn\/lượng)"},{"buy":"32,442.40","sell":"32,565.30","company":"DOJI","brand":"","updated":"2018-03-05 17:57:00","brand1":"","day":"20180305","id":"3679850","type":"Quy đổi (nghìn\/lượng)","code":"Quy đổi (nghìn\/lượng)"},{"buy":"32,442.40","sell":"32,565.30","company":"DOJI","brand":"Hồ Chí Minh","updated":"2018-03-05 17:57:00","brand1":"HCM","day":"20180305","id":"3679876","type":"Quy đổi (nghìn\/lượng)","code":"Quy đổi (nghìn\/lượng)"},{"buy":"22,517.00","sell":"22,611.00","company":"DOJI","brand":"Hà Nội","updated":"2018-03-05 17:57:00","brand1":"HN","day":"20180305","id":"3679848","type":"USD\/VND (Liên NH)","code":"USD\/VND (Liên NH)"},{"buy":"22,517.00","sell":"22,611.00","company":"DOJI","brand":"","updated":"2018-03-05 17:57:00","brand1":"","day":"20180305","id":"3679851","type":"USD\/VND (Liên NH)","code":"USD\/VND (Liên NH)"},{"buy":"22,517.00","sell":"22,611.00","company":"DOJI","brand":"Hồ Chí Minh","updated":"2018-03-05 17:57:00","brand1":"HCM","day":"20180305","id":"3679877","type":"USD\/VND (Liên NH)","code":"USD\/VND (Liên NH)"},{"buy":"3,674.00","sell":"3,687.00","company":"DOJI","brand":"","updated":"2018-03-05 17:57:00","brand1":"","day":"20180305","id":"3679854","type":"Lộc Phát Tài","code":"Lộc Phát Tài"},{"buy":"3,674.00","sell":"3,687.00","company":"DOJI","brand":"","updated":"2018-03-05 17:57:00","brand1":"","day":"20180305","id":"3679855","type":"Kim Thần Tài","code":"Kim Thần Tài"},{"buy":"3,674.00","sell":"3,682.00","company":"DOJI","brand":"Hồ Chí Minh","updated":"2018-03-05 17:57:00","brand1":"HCM","day":"20180305","id":"3679863","type":"Kim Tuất","code":"Kim Tuất"},{"buy":"3,674.00","sell":"3,682.00","company":"DOJI","brand":"Hồ Chí Minh","updated":"2018-03-05 17:57:00","brand1":"HCM","day":"20180305","id":"3679864","type":"Kim Thần Tài","code":"Kim Thần Tài"},{"buy":"3,674.00","sell":"3,682.00","company":"DOJI","brand":"Hồ Chí Minh","updated":"2018-03-05 17:57:00","brand1":"HCM","day":"20180305","id":"3679865","type":"Lộc Phát Tài","code":"Lộc Phát Tài"},{"buy":"3,672.00","sell":"3,680.00","company":"DOJI","brand":"Hà Nội","updated":"2018-03-05 17:57:00","brand1":"HN","day":"20180305","id":"3679832","type":"Kim Tuất","code":"Kim Tuất"},{"buy":"3,672.00","sell":"3,680.00","company":"DOJI","brand":"Hà Nội","updated":"2018-03-05 17:57:00","brand1":"HN","day":"20180305","id":"3679833","type":"Kim Thần Tài","code":"Kim Thần Tài"},{"buy":"3,672.00","sell":"3,680.00","company":"DOJI","brand":"Hà Nội","updated":"2018-03-05 17:57:00","brand1":"HN","day":"20180305","id":"3679834","type":"Lộc Phát Tài","code":"Lộc Phát Tài"},{"buy":"3,672.00","sell":"3,680.00","company":"DOJI","brand":"Hà Nội","updated":"2018-03-05 17:57:00","brand1":"HN","day":"20180305","id":"3679835","type":"Kim Ngân Tài","code":"Kim Ngân Tài"},{"buy":"3,657.00","sell":"3,687.00","company":"DOJI","brand":"Hà Nội","updated":"2018-03-05 17:57:00","brand1":"HN","day":"20180305","id":"3679836","type":"Hưng Thịnh Vượng","code":"Hưng Thịnh Vượng"},{"buy":"3,657.00","sell":"3,687.00","company":"DOJI","brand":"Hồ Chí Minh","updated":"2018-03-05 17:57:00","brand1":"HCM","day":"20180305","id":"3679866","type":"Nhẫn H.T.V","code":"Nhẫn H.T.V"},{"buy":"3,647.00","sell":"3,657.00","company":"DOJI","brand":"Hà Nội","updated":"2018-03-05 17:57:00","brand1":"HN","day":"20180305","id":"3679837","type":"Nguyên liệu 99.99","code":"Nguyên liệu 99.99"},{"buy":"3,647.00","sell":"3,657.00","company":"DOJI","brand":"Hồ Chí Minh","updated":"2018-03-05 17:57:00","brand1":"HCM","day":"20180305","id":"3679867","type":"Nguyên liệu 9999","code":"Nguyên liệu 9999"},{"buy":"3,645.00","sell":"3,658.00","company":"DOJI","brand":"","updated":"2018-03-05 17:57:00","brand1":"","day":"20180305","id":"3679852","type":"Nguyên liệu 9999","code":"Nguyên liệu 9999"},{"buy":"3,642.00","sell":"3,652.00","company":"DOJI","brand":"Hà Nội","updated":"2018-03-05 17:57:00","brand1":"HN","day":"20180305","id":"3679838","type":"Nguyên liệu 99.9","code":"Nguyên liệu 99.9"},{"buy":"3,642.00","sell":"3,652.00","company":"DOJI","brand":"Hồ Chí Minh","updated":"2018-03-05 17:57:00","brand1":"HCM","day":"20180305","id":"3679868","type":"Nguyên liệu 999","code":"Nguyên liệu 999"},{"buy":"3,640.00","sell":"3,653.00","company":"DOJI","brand":"","updated":"2018-03-05 17:57:00","brand1":"","day":"20180305","id":"3679853","type":"Nguyên liệu 999","code":"Nguyên liệu 999"},{"buy":"3,627.00","sell":"3,697.00","company":"DOJI","brand":"Hà Nội","updated":"2018-03-05 17:57:00","brand1":"HN","day":"20180305","id":"3679839","type":"Nữ trang 99.99","code":"Nữ trang 99.99"},{"buy":"3,627.00","sell":"3,697.00","company":"DOJI","brand":"Nhẫn DOJI Hưng Thịnh Vượng","updated":"2018-03-05 17:57:00","brand1":"NDHTV","day":"20180305","id":"3679856","type":"Nữ trang 99.99","code":"Nữ trang 99.99"},{"buy":"3,617.00","sell":"3,687.00","company":"DOJI","brand":"Hà Nội","updated":"2018-03-05 17:57:00","brand1":"HN","day":"20180305","id":"3679840","type":"Nữ trang 99.9","code":"Nữ trang 99.9"},{"buy":"3,617.00","sell":"3,687.00","company":"DOJI","brand":"Nhẫn DOJI Hưng Thịnh Vượng","updated":"2018-03-05 17:57:00","brand1":"NDHTV","day":"20180305","id":"3679857","type":"Nữ trang 99.9","code":"Nữ trang 99.9"},{"buy":"3,617.00","sell":"3,687.00","company":"DOJI","brand":"Hồ Chí Minh","updated":"2018-03-05 17:57:00","brand1":"HCM","day":"20180305","id":"3679869","type":"Nữ trang 99.99","code":"Nữ trang 99.99"},{"buy":"3,607.00","sell":"3,677.00","company":"DOJI","brand":"Hồ Chí Minh","updated":"2018-03-05 17:57:00","brand1":"HCM","day":"20180305","id":"3679870","type":"Nữ trang 99.9","code":"Nữ trang 99.9"},{"buy":"3,587.00","sell":"3,657.00","company":"DOJI","brand":"Hồ Chí Minh","updated":"2018-03-05 17:57:00","brand1":"HCM","day":"20180305","id":"3679871","type":"Nữ trang 99","code":"Nữ trang 99"},{"buy":"3,581.00","sell":"3,651.00","company":"DOJI","brand":"Hà Nội","updated":"2018-03-05 17:57:00","brand1":"HN","day":"20180305","id":"3679841","type":"Nữ trang 99","code":"Nữ trang 99"},{"buy":"3,581.00","sell":"3,651.00","company":"DOJI","brand":"Nhẫn DOJI Hưng Thịnh Vượng","updated":"2018-03-05 17:57:00","brand1":"NDHTV","day":"20180305","id":"3679858","type":"Nữ trang 99","code":"Nữ trang 99"},{"buy":"2,663.00","sell":"2,793.00","company":"DOJI","brand":"Hà Nội","updated":"2018-03-05 17:57:00","brand1":"HN","day":"20180305","id":"3679842","type":"Nữ trang 18k","code":"Nữ trang 18k"},{"buy":"2,663.00","sell":"2,793.00","company":"DOJI","brand":"Nhẫn DOJI Hưng Thịnh Vượng","updated":"2018-03-05 17:57:00","brand1":"NDHTV","day":"20180305","id":"3679859","type":"Nữ trang 18k","code":"Nữ trang 18k"},{"buy":"2,650.00","sell":"2,780.00","company":"DOJI","brand":"Hồ Chí Minh","updated":"2018-03-05 17:57:00","brand1":"HCM","day":"20180305","id":"3679872","type":"Nữ Trang 18k","code":"Nữ Trang 18k"},{"buy":"2,514.00","sell":"2,644.00","company":"DOJI","brand":"Hà Nội","updated":"2018-03-05 17:57:00","brand1":"HN","day":"20180305","id":"3679843","type":"Nữ trang 16k","code":"Nữ trang 16k"},{"buy":"2,514.00","sell":"2,644.00","company":"DOJI","brand":"Nhẫn DOJI Hưng Thịnh Vượng","updated":"2018-03-05 17:57:00","brand1":"NDHTV","day":"20180305","id":"3679860","type":"Nữ trang 68","code":"Nữ trang 68"},{"buy":"2,388.00","sell":"2,458.00","company":"DOJI","brand":"Hồ Chí Minh","updated":"2018-03-05 17:57:00","brand1":"HCM","day":"20180305","id":"3679874","type":"Nữ trang 68","code":"Nữ trang 68"},{"buy":"2,047.00","sell":"2,177.00","company":"DOJI","brand":"Hà Nội","updated":"2018-03-05 17:57:00","brand1":"HN","day":"20180305","id":"3679844","type":"Nữ trang 14k","code":"Nữ trang 14k"},{"buy":"2,047.00","sell":"2,177.00","company":"DOJI","brand":"Nhẫn DOJI Hưng Thịnh Vượng","updated":"2018-03-05 17:57:00","brand1":"NDHTV","day":"20180305","id":"3679861","type":"Nữ trang 14k","code":"Nữ trang 14k"},{"buy":"2,036.00","sell":"2,166.00","company":"DOJI","brand":"Hồ Chí Minh","updated":"2018-03-05 17:57:00","brand1":"HCM","day":"20180305","id":"3679873","type":"Nữ Trang 14k","code":"Nữ Trang 14k"},{"buy":"1,435.00","sell":"1,565.00","company":"DOJI","brand":"Hà Nội","updated":"2018-03-05 17:57:00","brand1":"HN","day":"20180305","id":"3679845","type":"Nữ trang 10k","code":"Nữ trang 10k"},{"buy":"1,435.00","sell":"1,565.00","company":"DOJI","brand":"Nhẫn DOJI Hưng Thịnh Vượng","updated":"2018-03-05 17:57:00","brand1":"NDHTV","day":"20180305","id":"3679862","type":"Nữ trang 10k","code":"Nữ trang 10k"},{"buy":"1,195.03","sell":"1,194.57","company":"DOJI","brand":"Hà Nội","updated":"2018-03-05 17:57:00","brand1":"HN","day":"20180305","id":"3679846","type":"Gold (usd\/oz)","code":"Gold (usd\/oz)"},{"buy":"1,195.03","sell":"1,194.57","company":"DOJI","brand":"","updated":"2018-03-05 17:57:00","brand1":"","day":"20180305","id":"3679849","type":"Gold (usd\/oz)","code":"Gold (usd\/oz)"},{"buy":"1,195.03","sell":"1,194.57","company":"DOJI","brand":"Hồ Chí Minh","updated":"2018-03-05 17:57:00","brand1":"HCM","day":"20180305","id":"3679875","type":"Gold (usd\/oz)","code":"Gold (usd\/oz)"},{"buy":"36,740.00","sell":"36,830.00","company":"3BANKS","brand":"MARITIME BANK","updated":"2018-03-05 15:52:28","brand1":"MB","day":"20180305","id":"3679587","type":"SJC","code":"SJC"},{"buy":"36,740.00","sell":"36,820.00","company":"3BANKS","brand":"SACOMBANK","updated":"2018-03-05 16:22:22","brand1":"S","day":"20180305","id":"3679696","type":"SJC","code":"JC"},{"buy":"36,730.00","sell":"36,800.00","company":"3BANKS","brand":"EXIMBANK","updated":"2018-03-05 16:08:12","brand1":"E","day":"20180305","id":"3679665","type":"SJC","code":"SJC"},{"buy":"36,720.00","sell":"36,820.00","company":"3BANKS","brand":"SCB","updated":"2018-03-05 14:41:31","brand1":"SCB","day":"20180305","id":"3679383","type":"SJC","code":"SJC"},{"buy":"36,690.00","sell":"36,870.00","company":"3BANKS","brand":"TPBANK GOLD","updated":"2018-03-05 17:58:33","brand1":"TG","day":"20180305","id":"3679829","type":"SJC","code":"SJC"},{"buy":"36,680.00","sell":"36,870.00","company":"3BANKS","brand":"VIETINBANK GOLD","updated":"2018-03-05 14:22:33","brand1":"VG","day":"20180305","id":"3679369","type":"SJC","code":"SJC"},{"buy":"36,730.00","sell":"36,790.00","company":"2GROUP","brand":"BẢO TÍN MINH CHÂU","updated":"2018-03-05 16:57:46","brand1":"BTMC","day":"20180305","id":"3679783","type":"SJC","code":"SJC"},{"buy":"36,730.00","sell":"36,810.00","company":"2GROUP","brand":"VIETNAMGOLD","updated":"2018-03-05 17:13:40","brand1":"V","day":"20180305","id":"3679796","type":"SJC","code":"SJC"},{"buy":"36,730.00","sell":"36,810.00","company":"2GROUP","brand":"PHÚ QUÝ SJC","updated":"2018-03-05 17:13:40","brand1":"PQS","day":"20180305","id":"3679797","type":"SJC","code":"SJC"},{"buy":"36,630.00","sell":"36,840.00","company":"2GROUP","brand":"Ngọc Hải (NHJ) TP.HCM","updated":"2018-03-05 16:25:42","brand1":"NH(T","day":"20180305","id":"3679698","type":"SJC","code":"SJC"},{"buy":"36,630.00","sell":"36,840.00","company":"2GROUP","brand":"Ngọc Hải (NHJ) Tiền Giang","updated":"2018-03-05 16:25:42","brand1":"NH(TG","day":"20180305","id":"3679699","type":"SJC","code":"SJC"},{"buy":"1,320.40","sell":"1,321.40","company":"2GROUP","brand":"SPOT GOLD","updated":"2018-03-05 23:51:52","brand1":"SG","day":"20180305","id":"3680154","type":"SJC","code":"SJC"},{"buy":"62.74","sell":"62.74","company":"2GROUP","brand":"OIL","updated":"2018-03-05 23:57:59","brand1":"OIL","day":"20180305","id":"3680156","type":"SJC","code":"SJC"},{"buy":"36,710.00","sell":"37,160.00","company":"1OTHER","brand":"Vàng Nhẫn tròn trơn BTMC","updated":"2018-03-05 12:13:28","brand1":"VNttB","day":"20180305","id":"3678947","type":"SJC","code":"SJC"},{"buy":"36,560.00","sell":"36,960.00","company":"1OTHER","brand":"Nhẫn SJC 99,99","updated":"2018-03-05 16:23:50","brand1":"NS9","day":"20180305","id":"3679675","type":"SJC*","code":"SJC*"},{"buy":"36,550.00","sell":"36,900.00","company":"1OTHER","brand":"Nhẫn PHÚ QUÝ 24K","updated":"2018-03-05 08:17:16","brand1":"NPQ2","day":"20180305","id":"3677162","type":"SJC","code":"SJC"},{"buy":"36,500.00","sell":"36,900.00","company":"1OTHER","brand":"Nhẫn Vàng Việt Nam 99,99%","updated":"2018-03-05 08:20:18","brand1":"NVVN9","day":"20180305","id":"3677166","type":"SJC","code":"SJC"},{"buy":"996.58","sell":"996.58","company":"1Coin","brand":"Maker","updated":"2018-03-05 00:00:00","brand1":"M","day":"20180305","id":"7428409","type":"MKR","code":"KR"},{"buy":"31.88","sell":"31.88","company":"1Coin","brand":"Numeraire","updated":"2018-03-05 00:00:00","brand1":"N","day":"20180305","id":"7493851","type":"NMR","code":"MR"},{"buy":"16.76","sell":"16.76","company":"1Coin","brand":"Filecoin","updated":"2018-03-05 00:00:00","brand1":"F","day":"20180305","id":"7421498","type":"FIL","code":"IL"},{"buy":"1.82","sell":"1.82","company":"1Coin","brand":"RChain","updated":"2018-03-05 00:00:00","brand1":"R","day":"20180305","id":"7530341","type":"REV","code":"EV"},{"buy":"0.92","sell":"0.92","company":"1Coin","brand":"0x","updated":"2018-03-05 00:00:00","brand1":"0x","day":"20180305","id":"7455342","type":"ZRX","code":"ZRX"},{"buy":"0.54","sell":"0.54","company":"1Coin","brand":"Loopring","updated":"2018-03-05 00:00:00","brand1":"L","day":"20180305","id":"7468600","type":"LRC","code":"RC"},{"buy":"0.43","sell":"0.43","company":"1Coin","brand":"Bytom","updated":"2018-03-05 00:00:00","brand1":"B","day":"20180305","id":"8396348","type":"BTM","code":"TM"},{"buy":"0.10","sell":"0.10","company":"1Coin","brand":"Streamr","updated":"2018-03-05 00:00:00","brand1":"S","day":"20180305","id":"7932648","type":"DATA","code":"DATA"},{"buy":"0.05","sell":"0.05","company":"1Coin","brand":"TRON","updated":"2018-03-05 00:00:00","brand1":"TRON","day":"20180305","id":"8389188","type":"TRX","code":"TRX"},{"buy":"0.00","sell":"0.00","company":"1Coin","brand":"ERC20","updated":"2018-03-05 00:00:00","brand1":"E","day":"20180305","id":"7552013","type":"ERC20","code":"RC20"},{"buy":"0.00","sell":"0.00","company":"1Coin","brand":"Bytecoin","updated":"2018-03-05 00:00:00","brand1":"B","day":"20180305","id":"8261606","type":"BCN","code":"CN"}]}],"time":28,"excute1_time":0,"excute2_time":27,"excute3_time":0,"count1":0,"count2":459}